Codes,Picture,Family,Gruppo Prodotto,Product Name,Description EN,Description IT,Description ES,Description DE,Description FR,Description PT,EAN,Launch Date,"BOM without labor cost 
(lotti da 500 pz)",Purchases shipp. and cust.,"Labour Cost 
(24 €/h)",Production Cost,% Annual Fail rate,1 year backend cost,% Markup,Radice,1-PHASE,3-PHASE,TYPE 1,TYPE 2,CABLE 5 m,CABLE 7 m,SOCKET,ISO 15-118,LCD screen,RFID,RCBO (P),POP + SPD,MID,SCHUKO ,Status
DB08IT20M4,,AC Chargers,Dazebox C,Dazebox C,"Dazebox C single-phase 20 A, 4.6 kW, 4 m Type 2 cable with connector holder, cable holder, Bluetooth and WiFi connectivity, non-identifying RFID reader.","Dazebox C monofase 20 A, 4,6 kW, cavo 4 m tipo 2 e porta connettore, portacavo, connettività Bluetooth e WiFi e lettore RFID non identificativo","Dazebox C monofásica 20 A, 4,6 kW, cable de 4 m tipo 2 y soporte para conector, soporte para cable, conectividad Bluetooth y WiFi y lector RFID no identificativo","Dazebox C einphasig 20 A, 4,6 kW, Typ-2-Kabel 4 m mit Steckhalter, Kabelhalter, Bluetooth- und WiFi-Konnektivität sowie nicht-identifizierender RFID-Leser","Dazebox C monophasé 20 A, 4,6 kW, câble type 2 de 4 m avec support de connecteur, porte-câble, connectivité Bluetooth et WiFi et lecteur RFID non identifiant","Dazebox C monofásico 20 A, 4,6 kW, cabo de 4 m tipo 2 e suporte para conector, porta-cabos, conectividade Bluetooth e WiFi e leitor RFID não identificativo",,September 2025,"€ 157,86","€ 2,86","€ 9,10","€ 169,82","3,0%","€ 2,00","18,0%",Global,TRUE,FALSE,FALSE,TRUE,TRUE,FALSE,FALSE,FALSE,FALSE,TRUE,FALSE,FALSE,FALSE,FALSE,Active
DB08ITM5,,AC Chargers,Dazebox C,Dazebox C,"Dazebox C single-phase 32 A, 7.4 kW, 5 m Type 2 cable with shutter and connector holder, cable holder, Bluetooth and WiFi connectivity, non-identifying RFID reader.","Dazebox C monofase 32 A, 7,4 kW, cavo 5 m tipo 2 con shutter e porta connettore, portacavo, connettività Bluetooth e WiFi e lettore RFID non identificativo","Dazebox C monofásica 32 A, 7,4 kW, cable de 5 m tipo 2 con shutter y soporte para conector, soporte para cable, conectividad Bluetooth y WiFi y lector RFID no identificativo","Dazebox C einphasig 32 A, 7,4 kW, Typ-2-Kabel 5 m mit Shutter und Steckhalter, Kabelhalter, Bluetooth- und WiFi-Konnektività sowie nicht-identifizierender RFID-Leser","Dazebox C monophasé 32 A, 7,4 kW, câble type 2 de 5 m avec shutter et support de connecteur, porte-câble, connectivité Bluetooth et WiFi et lecteur RFID non identifiant","Dazebox C monofásico 32 A, 7,4 kW, cabo de 5 m tipo 2 com shutter e suporte para conector, porta-cabos, conectividade Bluetooth e WiFi e leitor RFID não identificativo",8054320764403,July 2025,"€ 170,16","€ 2,86","€ 9,10","€ 182,12","3,0%","€ 2,00","21,0%",Global,TRUE,FALSE,FALSE,TRUE,TRUE,FALSE,FALSE,FALSE,FALSE,TRUE,FALSE,FALSE,FALSE,FALSE,Active
DB08ITM7,,AC Chargers,Dazebox C,Dazebox C,"Dazebox C single-phase 32 A, 7.4 kW, 7 m Type 2 cable with shutter and connector holder, cable holder, Bluetooth and WiFi connectivity, non-identifying RFID reader.","Dazebox C monofase 32 A, 7,4 kW, cavo 7 m tipo 2 con shutter e porta connettore, portacavo, connettività Bluetooth e WiFi e lettore RFID non identificativo","Dazebox C monofásica 32 A, 7,4 kW, cable de 7 m tipo 2 con shutter y soporte para conector, soporte para cable, conectividad Bluetooth y WiFi y lector RFID no identificativo","Dazebox C einphasig 32 A, 7,4 kW, Typ-2-Kabel 7 m mit Shutter und Steckhalter, Kabelhalter, Bluetooth- und WiFi-Konnektivität sowie nicht-identifizierender RFID-Leser","Dazebox C monophasé 32 A, 7,4 kW, câble type 2 de 7 m avec shutter et support de connecteur, porte-câble, connectivité Bluetooth et WiFi et lecteur RFID non identifiant","Dazebox C monofásico 32 A, 7,4 kW, cabo de 7 m tipo 2 com shutter e suporte para conector, porta-cabos, conectividade Bluetooth e WiFi e leitor RFID não identificativo",8054320764410,July 2025,"€ 188,16","€ 2,86","€ 9,10","€ 200,12","3,0%","€ 2,00","21,0%",Global,FALSE,TRUE,FALSE,TRUE,TRUE,FALSE,FALSE,FALSE,FALSE,TRUE,FALSE,FALSE,FALSE,FALSE,Active
DT01IT32M5,,AC Chargers,Dazebox Home,Dazebox Home T,"Dazebox Home T single-phase 32 A, 7.4 kW, 5 m Type 2 cable, monochrome display, Bluetooth, WiFi and Ethernet connectivity, RFID reader, integrated shunt trip coil, white cover.","Dazebox Home T monofase 32 A, 7,4 kW, cavo 5 m tipo 2, display monocromatico, connettività Bluetooth, WiFi e Ethernet, lettore RFID, bobina di sgancio integrata, cover bianca",,"Dazebox Home T einphasig 32 A, 7,4 kW, Typ-2-Kabel 5 m, monochromes Display, Bluetooth-, WiFi- und Ethernet-Konnektivität, RFID-Leser, integrierte Auslösespule, weiße cover","Dazebox Home T monophasé 32 A, 7,4 kW, câble type 2 de 5 m, écran monochrome, connectivité Bluetooth, WiFi et Ethernet, lecteur RFID, cover blanche",,8054320760764,May 2023,"€ 159,82","€ 3,15","€ 11,10","€ 174,06","1,5%","€ 2,50","41,0%",Italy,TRUE,FALSE,FALSE,TRUE,TRUE,TRUE,TRUE,FALSE,FALSE,TRUE,FALSE,FALSE,FALSE,FALSE,Active
DT01IT32M7,,AC Chargers,Dazebox Home,Dazebox Home T,"Dazebox Home T single-phase 32 A, 7.4 kW, 7 m Type 2 cable, monochrome display, Bluetooth, WiFi and Ethernet connectivity, RFID reader, integrated shunt trip coil, white cover.","Dazebox Home T monofase 32 A, 7,4 kW, cavo 7 m tipo 2, display monocromatico, connettività Bluetooth, WiFi e Ethernet, lettore RFID, bobina di sgancio integrata, cover bianca",,"Dazebox Home T einphasig 32 A, 7,4 kW, Typ-2-Kabel 7 m, monochromes Display, Bluetooth-, WiFi- und Ethernet-Konnektivität, RFID-Leser, integrierte Auslösespule, weiße cover","Dazebox Home T monophasé 32 A, 7,4 kW, câble type 2 de 7 m, écran monochrome, connectivité Bluetooth, WiFi et Ethernet, lecteur RFID, cover blanche",,8054320760771,May 2023,"€ 173,23","€ 3,15","€ 11,10","€ 187,47","1,5%","€ 2,50","41,0%",Italy,TRUE,FALSE,FALSE,TRUE,FALSE,TRUE,FALSE,FALSE,FALSE,TRUE,FALSE,FALSE,FALSE,FALSE,Active
DT01IT32T5,,AC Chargers,Dazebox Home,Dazebox Home T,"Dazebox Home T three-phase 32 A, 22.2 kW, 5 m Type 2 cable, monochrome display, Bluetooth, WiFi and Ethernet connectivity, RFID reader, integrated shunt trip coil, white cover.","Dazebox Home T trifase 32 A, 22,2 kW, cavo 5 m tipo 2, display monocromatico, connettività Bluetooth, WiFi e Ethernet, lettore RFID, bobina di sgancio integrata, cover bianca",,"Dazebox Home T dreiphasig 32 A, 22,2 kW, Typ-2-Kabel 5 m, monochromes Display, Bluetooth-, WiFi- und Ethernet-Konnektivität, RFID-Leser, integrierte Auslösespule, weiße cover","Dazebox Home T triphasé 32 A, 22,2 kW, câble type 2 de 5 m, écran monochrome, connectivité Bluetooth, WiFi et Ethernet, lecteur RFID, cover blanche",,8054320760788,May 2023,"€ 193,78","€ 3,15","€ 11,10","€ 208,03","1,5%","€ 2,50","39,0%",Italy,FALSE,TRUE,FALSE,TRUE,TRUE,FALSE,FALSE,FALSE,FALSE,TRUE,FALSE,FALSE,FALSE,FALSE,Active
DT01IT32T7,,AC Chargers,Dazebox Home,Dazebox Home T,"Dazebox Home T three-phase 32 A, 22.2 kW, 7 m Type 2 cable, monochrome display, Bluetooth, WiFi and Ethernet connectivity, RFID reader, integrated shunt trip coil, white cover.","Dazebox Home T trifase 32 A, 22,2 kW, cavo 7 m tipo 2, display monocromatico, connettività Bluetooth, WiFi e Ethernet, lettore RFID, bobina di sgancio integrata, cover bianca",,"Dazebox Home T dreiphasig 32 A, 22,2 kW, Typ-2-Kabel 7 m, monochromes Display, Bluetooth-, WiFi- und Ethernet-Konnektivität, RFID-Leser, integrierte Auslösespule, weiße cover","Dazebox Home T triphasé 32 A, 22,2 kW, câble type 2 de 7 m, écran monochrome, connectivité Bluetooth, WiFi et Ethernet, lecteur RFID, cover blanche",,8054320760795,May 2023,"€ 213,74","€ 3,15","€ 11,10","€ 227,99","1,5%","€ 2,50","39,0%",Italy,FALSE,TRUE,FALSE,TRUE,FALSE,TRUE,FALSE,FALSE,FALSE,TRUE,FALSE,FALSE,FALSE,FALSE,Active
DS01IT32M,,AC Chargers,Dazebox Home,Dazebox Home S,"Dazebox Home S single-phase 32 A, 7.4 kW, Type 2 socket, monochrome display, Bluetooth, WiFi and Ethernet connectivity, RFID reader, integrated shunt trip coil, white cover.","Dazebox Home S monofase 32 A, 7,4 kW, presa tipo 2, display monocromatico, connettività Bluetooth, WiFi e Ethernet, lettore RFID, bobina di sgancio integrata, cover bianca",,"Dazebox Home S einphasig 32 A, 7,4 kW, Typ-2-Steckdose, monochromes Display, Bluetooth-, WiFi- und Ethernet-Konnektivität, RFID-Leser, integrierte Auslösespule, weiße cover","Dazebox Home S monophasé 32 A, 7,4 kW, prise type 2, écran monochrome, connectivité Bluetooth, WiFi et Ethernet, lecteur RFID, cover blanche",,8054320760801,May 2023,"€ 168,46","€ 4,03","€ 11,10","€ 183,59","1,5%","€ 2,50","39,0%",Italy,TRUE,FALSE,FALSE,TRUE,FALSE,FALSE,TRUE,FALSE,FALSE,TRUE,FALSE,FALSE,FALSE,FALSE,Active
DS01IT32T,,AC Chargers,Dazebox Home,Dazebox Home S,"Dazebox Home S three-phase 32 A, 22.2 kW, Type 2 socket, monochrome display, Bluetooth, WiFi and Ethernet connectivity, RFID reader, integrated shunt trip coil, white cover.","Dazebox Home S trifase 32 A, 22,2 kW, presa tipo 2, display monocromatico, connettività Bluetooth, WiFi e Ethernet, lettore RFID, bobina di sgancio integrata, cover bianca",,"Dazebox Home S dreiphasig 32 A, 22,2 kW, Typ-2-Steckdose, monochromes Display, Bluetooth-, WiFi- und Ethernet-Konnektivität, RFID-Leser, integrierte Auslösespule, weiße cover","Dazebox Home S triphasé 32 A, 22,2 kW, prise type 2, écran monochrome, connectivité Bluetooth, WiFi et Ethernet, lecteur RFID, cover blanche",,8054320760818,May 2023,"€ 191,67","€ 4,03","€ 11,10","€ 206,80","1,5%","€ 2,50","37,0%",Italy,FALSE,TRUE,FALSE,TRUE,FALSE,FALSE,TRUE,FALSE,FALSE,TRUE,FALSE,FALSE,FALSE,FALSE,Active
DK01IT32M5P,,AC Chargers,Dazebox Home,Dazebox Home TK,"Dazebox Home TK monofase 32 A, 7,4 kW, cavo 5 m tipo 2 con porta connettore, display monocromatico, connettività Bluetooth, WiFi e Ethernet, lettore RFID, protezione magnetotermica differenziale integrata, bobina di sgancio integrata",,,,,,8054320762652,November 2024,"€ 199,14","€ 3,42","€ 21,10","€ 223,66","1,5%","€ 2,50",,Italy,TRUE,FALSE,FALSE,TRUE,TRUE,FALSE,FALSE,FALSE,FALSE,TRUE,TRUE,FALSE,FALSE,FALSE,Inactive
DK01IT32M7P,,AC Chargers,Dazebox Home,Dazebox Home TK,"Dazebox Home TK single-phase 32 A, 7.4 kW, 7 m Type 2 cable with connector holder, monochrome display, Bluetooth, WiFi and Ethernet connectivity, RFID reader, integrated thermal-magnetic residual current protection, integrated shunt trip coil","Dazebox Home TK monofase 32 A, 7,4 kW, cavo 7 m tipo 2 con porta connettore, display monocromatico, connettività Bluetooth, WiFi e Ethernet, lettore RFID, protezione magnetotermica differenziale integrata, bobina di sgancio integrata",,"Dazebox Home TK einphasig 32 A, 7,4 kW, 7 m Typ-2-Kabel mit Steckdosenhalter, monochromes Display, Bluetooth-, WiFi- und Ethernet-Konnektivität, RFID-Leser, integrierter thermomagnetischer FI/LS-Schutz (RCBO), integrierte Auslösespule","Dazebox Home TK monophasé 32 A, 7,4 kW, câble Type 2 de 7 m avec support de connecteur, écran monochrome, connectivité Bluetooth, WiFi et Ethernet, lecteur RFID, protection magnétothermique différentielle (RCBO) intégrée, bobine de déclenchement intégrée",,8054320762669,March 2026,"€ 213,55","€ 3,42","€ 21,10","€ 238,07","1,5%","€ 2,50","32,0%",Italy,TRUE,FALSE,FALSE,TRUE,FALSE,TRUE,FALSE,FALSE,FALSE,TRUE,TRUE,FALSE,FALSE,FALSE,Active
DK01IT32T5P,,AC Chargers,Dazebox Home,Dazebox Home TK,,"Dazebox Home TK trifase 32 A, 22,2 kW, cavo 5 m tipo 2 con porta connettore, display monocromatico, connettività Bluetooth, WiFi e Ethernet, lettore RFID, protezione magnetotermica differenziale integrata, bobina di sgancio integrata",,,,,8054320763765,November 2024,"€ 264,18","€ 3,42","€ 21,10","€ 288,70","1,5%","€ 2,50",,Italy,FALSE,TRUE,FALSE,TRUE,TRUE,FALSE,FALSE,FALSE,FALSE,TRUE,TRUE,FALSE,FALSE,FALSE,Inactive
DK01IT32T7P,,AC Chargers,Dazebox Home,Dazebox Home TK,"Dazebox Home TK three-phase 32 A, 22.2 kW, 7 m Type 2 cable with connector holder, monochrome display, Bluetooth, WiFi and Ethernet connectivity, RFID reader, integrated thermal-magnetic residual current protection, integrated shunt trip coil","Dazebox Home TK trifase 32 A, 22,2 kW, cavo 7 m tipo 2 con porta connettore, display monocromatico, connettività Bluetooth, WiFi e Ethernet, lettore RFID, protezione magnetotermica differenziale integrata, bobina di sgancio integrata",,"Dazebox Home TK dreiphasig 32 A, 22,2 kW, 7 m Typ-2-Kabel mit Steckdosenhalter, monochromes Display, Bluetooth-, WiFi- und Ethernet-Konnektivität, RFID-Leser, integrierter thermomagnetischer FI/LS-Schutz (RCBO), integrierte Auslösespule","Dazebox Home TK triphasé 32 A, 22,2 kW, câble Type 2 de 7 m avec support de connecteur, écran monochrome, connectivité Bluetooth, WiFi et Ethernet, lecteur RFID, protection magnétothermique différentielle (RCBO) intégrée, bobine de déclenchement intégrée",,8054320763772,March 2026,"€ 276,36","€ 3,42","€ 21,10","€ 300,88","1,5%","€ 2,50","30,0%",Italy,FALSE,TRUE,FALSE,TRUE,FALSE,TRUE,FALSE,FALSE,FALSE,TRUE,TRUE,FALSE,FALSE,FALSE,Active
DK01IT32MP5S,,AC Chargers,Dazebox Home,Dazebox Home TK,"Dazebox Home TK single-phase 32 A, 7.4 kW, 5 m coiled Type 2 cable with connector holder, monochrome display, Bluetooth, WiFi and Ethernet connectivity, RFID reader, integrated thermal-magnetic residual current protection, integrated shunt trip coil, white cover.","Dazebox Home TK monofase 32 A, 7,4 kW, cavo 5 m spiralato tipo 2 con porta connettore, display monocromatico, connettività Bluetooth, WiFi e Ethernet, lettore RFID, protezione magnetotermica differenziale integrata, bobina di sgancio integrata, cover bianca",,"Dazebox Home TK einphasig 32 A, 7,4 kW, spiralförmiges Typ-2-Kabel 5 m mit Steckhalter, monochromes Display, Bluetooth-, WiFi- und Ethernet-Konnektivität, RFID-Leser, integrierter RCBO-Schutz, integrierte Auslösespule, weiße cover","Dazebox Home TK monophasé 32 A, 7,4 kW, câble spiralé type 2 de 5 m avec support de connecteur, écran monochrome, connectivité Bluetooth, WiFi et Ethernet, lecteur RFID, protection magnétothermique différentielle intégrée, cover blanche",,8054320764601,September 2025,"€ 217,35","€ 3,42","€ 21,10","€ 241,87","1,5%","€ 2,50","32,0%",Italy,FALSE,FALSE,FALSE,FALSE,FALSE,FALSE,FALSE,FALSE,FALSE,FALSE,FALSE,FALSE,FALSE,FALSE,Active
DK01IT32TP5S,,AC Chargers,Dazebox Home,Dazebox Home TK,"Dazebox Home TK three-phase 32 A, 22.2 kW, 5 m coiled Type 2 cable with connector holder, monochrome display, Bluetooth, WiFi and Ethernet connectivity, RFID reader, integrated thermal-magnetic residual current protection, integrated shunt trip coil, white cover.","Dazebox Home TK trifase 32 A, 22,2 kW, cavo 5 m spiralato tipo 2 con porta connettore, display monocromatico, connettività Bluetooth, WiFi e Ethernet, lettore RFID, protezione magnetotermica differenziale integrata, bobina di sgancio integrata, cover bianca",,"Dazebox Home TK dreiphasig 32 A, 22,2 kW, spiralförmiges Typ-2-Kabel 5 m mit Steckhalter, monochromes Display, Bluetooth-, WiFi- und Ethernet-Konnektivität, RFID-Leser, integrierter RCBO-Schutz, integrierte Auslösespule, weiße cover","Dazebox Home TK triphasé 32 A, 22,2 kW, câble spiralé type 2 de 5 m avec support de connecteur, écran monochrome, connectivité Bluetooth, WiFi et Ethernet, lecteur RFID, protection magnétothermique différentielle intégrée, cover blanche",,8054320764618,September 2025,"€ 281,98","€ 3,42","€ 21,10","€ 306,50","1,5%","€ 2,50","30,0%",Italy,FALSE,FALSE,FALSE,FALSE,FALSE,FALSE,FALSE,FALSE,FALSE,FALSE,FALSE,FALSE,FALSE,FALSE,Active
DS01IT32MP,,AC Chargers,Dazebox Home,Dazebox Home SK,"Dazebox Home SK single-phase 32 A, 7.4 kW, Type 2 socket, monochrome display, Bluetooth, WiFi and Ethernet connectivity, RFID reader, integrated thermal-magnetic residual current protection, integrated shunt trip coil, white cover.","Dazebox Home SK monofase 32 A, 7,4 kW, presa tipo 2, display monocromatico, connettività Bluetooth, WiFi e Ethernet, lettore RFID, protezione magnetotermica differenziale integrata, bobina di sgancio integrata, cover bianca",,"Dazebox Home SK einphasig 32 A, 7,4 kW, Typ-2-Steckdose, monochromes Display, Bluetooth-, WiFi- und Ethernet-Konnektivität, RFID-Leser, integrierter RCBO-Schutz, integrierte Auslösespule, weiße cover","Dazebox Home SK monophasé 32 A, 7,4 kW, prise type 2, écran monochrome, connectivité Bluetooth, WiFi et Ethernet, lecteur RFID, protection magnétothermique différentielle intégrée, cover blanche",,8054320762690,November 2024,"€ 198,73","€ 4,30","€ 21,10","€ 224,13","1,5%","€ 2,50","36,0%",Italy,TRUE,FALSE,FALSE,TRUE,FALSE,FALSE,TRUE,FALSE,FALSE,TRUE,TRUE,FALSE,FALSE,FALSE,Active
DS01IT32TP,,AC Chargers,Dazebox Home,Dazebox Home SK,"Dazebox Home SK three-phase 32 A, 22.2 kW, Type 2 socket, monochrome display, Bluetooth, WiFi and Ethernet connectivity, RFID reader, integrated thermal-magnetic residual current protection, integrated shunt trip coil, white cover.","Dazebox Home SK trifase 32 A, 22,2 kW, presa tipo 2, display monocromatico, connettività Bluetooth, WiFi e Ethernet, lettore RFID, protezione magnetotermica differenziale integrata, bobina di sgancio integrata, cover bianca",,"Dazebox Home SK dreiphasig 32 A, 22,2 kW, Typ-2-Steckdose, monochromes Display, Bluetooth-, WiFi- und Ethernet-Konnektivität, RFID-Leser, integrierter RCBO-Schutz, integrierte Auslösespule, weiße cover","Dazebox Home SK triphasé 32 A, 22,2 kW, prise type 2, écran monochrome, connectivité Bluetooth, WiFi et Ethernet, lecteur RFID, protection magnétothermique différentielle intégrée, cover blanche",,8054320763789,November 2024,"€ 247,59","€ 4,30","€ 21,10","€ 272,99","1,5%","€ 2,50","34,0%",Italy,FALSE,TRUE,FALSE,TRUE,FALSE,FALSE,TRUE,FALSE,FALSE,TRUE,TRUE,FALSE,FALSE,FALSE,Active
DT01DE16T5,,AC Chargers,Dazebox Home,Dazebox Home T,"Dazebox Home T three-phase 16 A, 11.1 kW, 5 m type 2 cable, monochrome display, Bluetooth, WiFi, and Ethernet connectivity, RFID reader, white cover","Dazebox Home SK trifase 16 A, 11,1 kW, presa tipo 2, display monocromatico, connettività Bluetooth, WiFi e Ethernet, lettore RFID, cover bianca",,"Dazebox Home T dreiphasig 16 A, 11,1 kW, Typ-2-Kabel 5 m, monochromes Display, Bluetooth-, WiFi- und Ethernet-Konnektivität, RFID-Leser, weiße cover","Dazebox Home T triphasé 16 A, 11,1 kW, câble type 2 de 5 m, écran monochrome, connectivité Bluetooth, WiFi et Ethernet, lecteur RFID, cover blanche",,8054320764069,March 2024,"€ 188,20","€ 3,15","€ 11,10","€ 202,45","1,5%","€ 2,50","35,0%",DACH,FALSE,FALSE,FALSE,FALSE,FALSE,FALSE,FALSE,FALSE,FALSE,FALSE,FALSE,FALSE,FALSE,FALSE,Active
DT01ES32M51,,AC Chargers,Dazebox Home,Dazebox Home T,"Dazebox Home T monofásica 32 A, 7,4 kW, cable de 5 m tipo 1, display monocromatico, conectividad Bluetooth, WiFi y Ethernet, lector RFID, autorrearme del contador integrado",,,,,,8054320761440,February 2024,"€ 171,95","€ 3,15","€ 11,10","€ 186,20","1,5%","€ 2,50","41,0%",Spain,TRUE,FALSE,TRUE,FALSE,TRUE,FALSE,FALSE,FALSE,FALSE,TRUE,FALSE,FALSE,FALSE,FALSE,Inactive
DT01ES32M5,,AC Chargers,Dazebox Home,Dazebox Home T,"Dazebox Home T single-phase 32 A, 7.4 kW, 5 m Type 2 cable, monochrome display, Bluetooth, WiFi and Ethernet connectivity, RFID reader, integrated automatic meter reset, white cover.","Dazebox Home T monofase 32 A, 7,4 kW, cavo tipo 2 da 5 m, display monocromatico, connettività Bluetooth, WiFi ed Ethernet, lettore RFID, riarmo automatico del contatore integrato, cover bianca","Dazebox Home T monofásica 32 A, 7,4 kW, cable 5 m tipo 2, pantalla monocromática, conectividad Bluetooth, WiFi y Ethernet, lector RFID, rearme automático del contador integrado, carcasa blanca",,,"Dazebox Home T monofásica 32 A, 7,4 kW, cabo de 5 m tipo 2, display monocromático, conectividade Bluetooth, WiFi e Ethernet, leitor RFID, rearme automático do contador integrado, cover branca",8054320760825,May 2023,"€ 158,19","€ 3,15","€ 11,10","€ 172,43","1,5%","€ 2,50","41,0%",Spain,TRUE,FALSE,FALSE,TRUE,TRUE,FALSE,FALSE,FALSE,FALSE,TRUE,FALSE,FALSE,FALSE,FALSE,Active
DT01ES32M7,,AC Chargers,Dazebox Home,Dazebox Home T,"Dazebox Home T single-phase 32 A, 7.4 kW, 7 m Type 2 cable, monochrome display, Bluetooth, WiFi and Ethernet connectivity, RFID reader, integrated automatic meter reset, white cover.","Dazebox Home T monofase 32 A, 7,4 kW, cavo tipo 2 da 7 m, display monocromatico, connettività Bluetooth, WiFi ed Ethernet, lettore RFID, riarmo automatico del contatore integrato, cover bianca","Dazebox Home T monofásica 32 A, 7,4 kW, cable 7 m tipo 2, pantalla monocromática, conectividad Bluetooth, WiFi y Ethernet, lector RFID, rearme automático del contador integrado, carcasa blanca",,,"Dazebox Home T monofásica 32 A, 7,4 kW, cabo de 7 m tipo 2, display monocromático, conectividade Bluetooth, WiFi e Ethernet, leitor RFID, rearme automático do contador integrado, cover branca",8054320760832,May 2023,"€ 171,60","€ 3,15","€ 11,10","€ 185,84","1,5%","€ 2,50","41,0%",Spain,TRUE,FALSE,FALSE,TRUE,FALSE,TRUE,FALSE,FALSE,FALSE,TRUE,FALSE,FALSE,FALSE,FALSE,Active
DT01ES32T5,,AC Chargers,Dazebox Home,Dazebox Home T,"Dazebox Home T three-phase 32 A, 22.2 kW, 5 m Type 2 cable, monochrome display, Bluetooth, WiFi and Ethernet connectivity, RFID reader, integrated automatic meter reset, white cover.","Dazebox Home T trifase 32 A, 22,2 kW, cavo tipo 2 da 5 m, display monocromatico, connettività Bluetooth, WiFi ed Ethernet, lettore RFID, riarmo automatico del contatore integrato, cover bianca","Dazebox Home T trifásica 32 A, 22,2 kW, cable 5 m tipo 2, pantalla monocromática, conectividad Bluetooth, WiFi y Ethernet, lector RFID, rearme automático del contador integrado, carcasa blanca",,,"Dazebox Home T trifásica 32 A, 22,2 kW, cabo de 5 m tipo 2, display monocromático, conectividade Bluetooth, WiFi e Ethernet, leitor RFID, rearme automático do contador integrado, cover branca",8054320760849,May 2023,"€ 189,15","€ 3,15","€ 11,10","€ 203,40","1,5%","€ 2,50","39,0%",Spain,FALSE,TRUE,FALSE,TRUE,TRUE,FALSE,FALSE,FALSE,FALSE,TRUE,FALSE,FALSE,FALSE,FALSE,Active
DT01ES32T7,,AC Chargers,Dazebox Home,Dazebox Home T,"Dazebox Home T three-phase 32 A, 22.2 kW, 7 m Type 2 cable, monochrome display, Bluetooth, WiFi and Ethernet connectivity, RFID reader, integrated automatic meter reset, white cover.","Dazebox Home T trifase 32 A, 22,2 kW, cavo tipo 2 da 7 m, display monocromatico, connettività Bluetooth, WiFi ed Ethernet, lettore RFID, riarmo automatico del contatore integrato, cover bianca","Dazebox Home T trifásica 32 A, 22,2 kW, cable 7 m tipo 2, pantalla monocromática, conectividad Bluetooth, WiFi y Ethernet, lector RFID, rearme automático del contador integrado, carcasa blanca",,,"Dazebox Home T trifásica 32 A, 22,2 kW, cabo de 7 m tipo 2, display monocromático, conectividade Bluetooth, WiFi e Ethernet, leitor RFID, rearme automático do contador integrado, cover branca",8054320760856,May 2023,"€ 209,11","€ 3,15","€ 11,10","€ 223,36","1,5%","€ 2,50","39,0%",Spain,FALSE,TRUE,FALSE,TRUE,FALSE,TRUE,FALSE,FALSE,FALSE,TRUE,FALSE,FALSE,FALSE,FALSE,Active
DS01ES32M,,AC Chargers,Dazebox Home,Dazebox Home S,"Dazebox Home S single-phase 32 A, 7.4 kW, Type 2 socket, monochrome display, Bluetooth, WiFi and Ethernet connectivity, RFID reader, integrated automatic meter reset, white cover.","Dazebox Home S monofase 32 A, 7,4 kW, presa tipo 2, display monocromatico, connettività Bluetooth, WiFi ed Ethernet, lettore RFID, riarmo automatico del contatore integrato, cover bianca","Dazebox Home S monofásica 32 A, 7,4 kW, toma tipo 2, pantalla monocromática, conectividad Bluetooth, WiFi y Ethernet, lector RFID, rearme automático del contador integrado, carcasa blanca",,,"Dazebox Home S monofásica 32 A, 7,4 kW, tomada tipo 2, display monocromático, conectividade Bluetooth, WiFi e Ethernet, leitor RFID, rearme automático do contador integrado, cover branca",8054320760863,May 2023,"€ 166,62","€ 4,03","€ 11,10","€ 181,75","1,5%","€ 2,50","39,0%",Spain,TRUE,FALSE,FALSE,TRUE,FALSE,FALSE,TRUE,FALSE,FALSE,TRUE,FALSE,FALSE,FALSE,FALSE,Active
DS01ES32T,,AC Chargers,Dazebox Home,Dazebox Home S,"Dazebox Home S three-phase 32 A, 22.2 kW, Type 2 socket, monochrome display, Bluetooth, WiFi and Ethernet connectivity, RFID reader, integrated automatic meter reset, white cover.","Dazebox Home S trifase 32 A, 22,2 kW, presa tipo 2, display monocromatico, connettività Bluetooth, WiFi ed Ethernet, lettore RFID, riarmo automatico del contatore integrato, cover bianca","Dazebox Home S trifásica 32 A, 22,2 kW, toma tipo 2, pantalla monocromática, conectividad Bluetooth, WiFi y Ethernet, lector RFID, rearme automático del contador integrado, carcasa blanca",,,"Dazebox Home S trifásica 32 A, 22,2 kW, tomada tipo 2, display monocromático, conectividade Bluetooth, WiFi e Ethernet, leitor RFID, rearme automático do contador integrado, cover branca",8054320760870,May 2023,"€ 186,83","€ 4,03","€ 11,10","€ 201,96","1,5%","€ 2,50","37,0%",Spain,FALSE,TRUE,FALSE,TRUE,FALSE,FALSE,TRUE,FALSE,FALSE,TRUE,FALSE,FALSE,FALSE,FALSE,Active
DK01ES32M5R,,AC Chargers,Dazebox Home,Dazebox Home TK,"Dazebox Home TK monofásica 32 A, 7,4 kW, cable de 5 m tipo 2, display monocromatico, conectividad Bluetooth, WiFi y Ethernet, lector RFID, protección magnetotérmica diferencial y de sobretensión permanente y transitoria integradas, rearme automático del contador integrado",,,,,,8054320762935,November 2024,"€ 213,79","€ 3,42","€ 21,10","€ 238,31","1,5%","€ 2,50",,Spain,TRUE,FALSE,FALSE,TRUE,TRUE,FALSE,FALSE,FALSE,FALSE,TRUE,TRUE,TRUE,FALSE,FALSE,Inactive
DK01ES32M7R,,AC Chargers,Dazebox Home,Dazebox Home TK,"Dazebox Home TK single-phase 32 A, 7.4 kW, 7 m Type 2 cable, monochrome display, Bluetooth, WiFi and Ethernet connectivity, RFID reader, integrated thermal-magnetic residual current protection and permanent and transient overvoltage protection, integrated automatic meter reset","Dazebox Home TK monofase 32 A, 7,4 kW, cavo 7 m tipo 2, display monocromatico, connettività Bluetooth, WiFi ed Ethernet, lettore RFID, protezione magnetotermica differenziale e di sovratensione permanente e transitoria integrate, riarmo automatico del contatore integrato","Dazebox Home TK monofásica 32 A, 7,4 kW, cable de 7 m tipo 2, pantalla monocromática, conectividad Bluetooth, WiFi y Ethernet, lector RFID, protección magnetotérmica diferencial y de sobretensión permanente y transitoria integradas, rearme automático del contador integrado",,,,8054320762942,March 2026,"€ 217,42","€ 3,42","€ 21,10","€ 241,94","1,5%","€ 2,50","32,0%",Spain,TRUE,FALSE,FALSE,TRUE,FALSE,TRUE,FALSE,FALSE,FALSE,TRUE,TRUE,TRUE,FALSE,FALSE,Active
DK01ES32T5R,,AC Chargers,Dazebox Home,Dazebox Home TK,,,"Dazebox Home TK trifásica 32 A, 22,2 kW, cable de 5 m tipo 2, pantalla monocromática, conectividad Bluetooth, WiFi y Ethernet, lector RFID, protección magnetotérmica diferencial y de sobretensión permanente y transitoria integradas, rearme automático del contador integrado",,,,8054320763857,November 2024,"€ 267,79","€ 3,42","€ 21,10","€ 292,31","1,5%","€ 2,50",,Spain,FALSE,TRUE,FALSE,TRUE,TRUE,FALSE,FALSE,FALSE,FALSE,TRUE,TRUE,TRUE,FALSE,FALSE,Inactive
DK01ES32T7R,,AC Chargers,Dazebox Home,Dazebox Home TK,"Dazebox Home TK three-phase 32 A, 22.2 kW, 7 m Type 2 cable, monochrome display, Bluetooth, WiFi and Ethernet connectivity, RFID reader, integrated thermal-magnetic residual current protection and permanent and transient overvoltage protection, integrated automatic meter reset","Dazebox Home TK trifase 32 A, 22,2 kW, cavo 7 m tipo 2, display monocromatico, connettività Bluetooth, WiFi ed Ethernet, lettore RFID, protezione magnetotermica differenziale e di sovratensione permanente e transitoria integrate, riarmo automatico del contatore integrato","Dazebox Home TK trifásica 32 A, 22,2 kW, cable de 7 m tipo 2, pantalla monocromática, conectividad Bluetooth, WiFi y Ethernet, lector RFID, protección magnetotérmica diferencial y de sobretensión permanente y transitoria integradas, rearme automático del contador integrado",,,,8054320763864,March 2026,"€ 284,16","€ 3,42","€ 21,10","€ 308,68","1,5%","€ 2,50","30,0%",Spain,FALSE,TRUE,FALSE,TRUE,FALSE,TRUE,FALSE,FALSE,FALSE,TRUE,TRUE,TRUE,FALSE,FALSE,Active
DK01ES32MR5S,,AC Chargers,Dazebox Home,Dazebox Home TK,"Dazebox Home TK single-phase 32 A, 7.4 kW, 5 m coiled Type 2 cable, monochrome display, Bluetooth, WiFi and Ethernet connectivity, RFID reader, integrated thermal-magnetic residual current protection and permanent and transient overvoltage protection, integrated automatic meter reset, white cover.","Dazebox Home TK monofase 32 A, 7,4 kW, cavo spiralato tipo 2 da 5 m, display monocromatico, connettività Bluetooth, WiFi ed Ethernet, lettore RFID, protezione magnetotermica differenziale e di sovratensione permanente e transitoria integrate, riarmo automatico del contatore integrato, cover bianca","Dazebox Home TK monofásica 32 A, 7,4 kW, cable en espiral 5 m tipo 2, pantalla monocromática, conectividad Bluetooth, WiFi y Ethernet, lector RFID, protección magnetotérmica diferencial y de sobretensión permanente y transitoria integradas, rearme automático del contador integrado, carcasa blanca",,,"Dazebox Home TK monofásica 32 A, 7,4 kW, cabo espiralado de 5 m tipo 2, display monocromático, conectividade Bluetooth, WiFi e Ethernet, leitor RFID, proteção magnetotérmica diferencial e de sobretensão permanente e transitória integradas, rearme automático do contador integrado, cover branca",,September 2025,"€ 234,39","€ 3,15","€ 21,10","€ 258,63","1,5%","€ 2,50","31,0%",Spain,FALSE,FALSE,FALSE,FALSE,FALSE,FALSE,FALSE,FALSE,FALSE,FALSE,FALSE,FALSE,FALSE,FALSE,Active
DK01ES32TR5S,,AC Chargers,Dazebox Home,Dazebox Home TK,"Dazebox Home TK three-phase 32 A, 22.2 kW, 5 m coiled Type 2 cable, monochrome display, Bluetooth, WiFi and Ethernet connectivity, RFID reader, integrated thermal-magnetic residual current protection and permanent and transient overvoltage protection, integrated automatic meter reset, white cover.","Dazebox Home TK trifase 32 A, 22,2 kW, cavo spiralato tipo 2 da 5 m, display monocromatico, connettività Bluetooth, WiFi ed Ethernet, lettore RFID, protezione magnetotermica differenziale e di sovratensione permanente e transitoria integrate, riarmo automatico del contatore integrato, cover bianca","Dazebox Home TK trifásica 32 A, 22,2 kW, cable en espiral 5 m tipo 2, pantalla monocromática, conectividad Bluetooth, WiFi y Ethernet, lector RFID, protección magnetotérmica diferencial y de sobretensión permanente y transitoria integradas, rearme automático del contador integrado, carcasa blanca",,,"Dazebox Home TK trifásica 32 A, 22,2 kW, cabo espiralado de 5 m tipo 2, display monocromático, conectividade Bluetooth, WiFi e Ethernet, leitor RFID, proteção magnetotérmica diferencial e de sobretensão permanente e transitória integradas, rearme automático do contador integrado, cover branca",,September 2025,"€ 289,77","€ 3,15","€ 21,10","€ 314,02","1,5%","€ 2,50","31,0%",Spain,FALSE,FALSE,FALSE,FALSE,FALSE,FALSE,FALSE,FALSE,FALSE,FALSE,FALSE,FALSE,FALSE,FALSE,Active
DS01ES32MR,,AC Chargers,Dazebox Home,Dazebox Home SK,"Dazebox Home SK single-phase 32 A, 7.4 kW, Type 2 socket, monochrome display, Bluetooth, WiFi and Ethernet connectivity, RFID reader, integrated thermal-magnetic residual current protection and permanent and transient overvoltage protection, integrated automatic meter reset, white cover.","Dazebox Home SK monofase 32 A, 7,4 kW, presa tipo 2, display monocromatico, connettività Bluetooth, WiFi ed Ethernet, lettore RFID, protezione magnetotermica differenziale e di sovratensione permanente e transitoria integrate, riarmo automatico del contatore integrato, cover bianca","Dazebox Home SK monofásica 32 A, 7,4 kW, toma tipo 2, pantalla monocromática, conectividad Bluetooth, WiFi y Ethernet, lector RFID, protección magnetotérmica diferencial y de sobretensión permanente y transitoria integradas, rearme automático del contador integrado, carcasa blanca",,,"Dazebox Home SK monofásica 32 A, 7,4 kW, tomada tipo 2, display monocromático, conectividade Bluetooth, WiFi e Ethernet, leitor RFID, proteção magnetotérmica diferencial e de sobretensão permanente e transitória integradas, rearme automático do contador integrado, cover branca",8054320762973,November 2024,"€ 215,89","€ 4,30","€ 21,10","€ 241,29","1,5%","€ 2,50","36,0%",Spain,TRUE,FALSE,FALSE,TRUE,FALSE,FALSE,TRUE,FALSE,FALSE,TRUE,TRUE,TRUE,FALSE,FALSE,Active
DS01ES32TR,,AC Chargers,Dazebox Home,Dazebox Home SK,"Dazebox Home SK three-phase 32 A, 22.2 kW, Type 2 socket, monochrome display, Bluetooth, WiFi and Ethernet connectivity, RFID reader, integrated thermal-magnetic residual current protection and permanent and transient overvoltage protection, integrated automatic meter reset, white cover.","Dazebox Home SK trifase 32 A, 22,2 kW, presa tipo 2, display monocromatico, connettività Bluetooth, WiFi ed Ethernet, lettore RFID, protezione magnetotermica differenziale e di sovratensione permanente e transitoria integrate, riarmo automatico del contatore integrato, cover bianca","Dazebox Home SK trifásica 32 A, 22,2 kW, toma tipo 2, pantalla monocromática, conectividad Bluetooth, WiFi y Ethernet, lector RFID, protección magnetotérmica diferencial y de sobretensión permanente y transitoria integradas, rearme automático del contador integrado, carcasa blanca",,,"Dazebox Home SK trifásica 32 A, 22,2 kW, tomada tipo 2, display monocromático, conectividade Bluetooth, WiFi e Ethernet, leitor RFID, proteção magnetotérmica diferencial e de sobretensão permanente e transitória integradas, rearme automático do contador integrado, cover branca",8054320763840,November 2024,"€ 255,49","€ 4,30","€ 21,10","€ 280,89","1,5%","€ 2,50","34,0%",Spain,FALSE,TRUE,FALSE,TRUE,FALSE,FALSE,TRUE,FALSE,FALSE,TRUE,TRUE,TRUE,FALSE,FALSE,Active
DT01FR32M5,,AC Chargers,Dazebox Home,Dazebox Home T,"Dazebox Home T single-phase 32 A, 7.4 kW, 5 m Type 2 cable with shutter, monochrome display, Bluetooth, WiFi and Ethernet connectivity, RFID reader, white cover.","Dazebox Home T monofase 32 A, 7,4 kW, cavo tipo 2 da 5 m con shutter, display monocromatico, connettività Bluetooth, WiFi ed Ethernet, lettore RFID, cover bianca",,,"Dazebox Home T monophasé 32 A, 7,4 kW, câble 5 m type 2 avec shutter, écran monochrome, connectivité Bluetooth, WiFi et Ethernet, lecteur RFID, couverture blanche",,8054320761198,Giugno 2023,"€ 174,42","€ 3,15","€ 11,10","€ 188,66","1,5%","€ 2,50","41,0%",France,TRUE,FALSE,FALSE,FALSE,TRUE,FALSE,FALSE,FALSE,FALSE,TRUE,FALSE,FALSE,FALSE,FALSE,Active
DT01FR32M7,,AC Chargers,Dazebox Home,Dazebox Home T,"Dazebox Home T single-phase 32 A, 7.4 kW, 7 m Type 2 cable with shutter, monochrome display, Bluetooth, WiFi and Ethernet connectivity, RFID reader, white cover.","Dazebox Home T monofase 32 A, 7,4 kW, cavo tipo 2 da 7 m con shutter, display monocromatico, connettività Bluetooth, WiFi ed Ethernet, lettore RFID, cover bianca",,,"Dazebox Home T monophasé 32 A, 7,4 kW, câble 7 m type 2 avec shutter, écran monochrome, connectivité Bluetooth, WiFi et Ethernet, lecteur RFID, couverture blanche",,8054320761204,Giugno 2023,"€ 192,42","€ 3,15","€ 11,10","€ 206,66","1,5%","€ 2,50","41,0%",France,TRUE,FALSE,FALSE,FALSE,FALSE,TRUE,FALSE,FALSE,FALSE,TRUE,FALSE,FALSE,FALSE,FALSE,Active
DT01FR32T5,,AC Chargers,Dazebox Home,Dazebox Home T,"Dazebox Home T three-phase 32 A, 22.2 kW, 5 m Type 2 cable with shutter, monochrome display, Bluetooth, WiFi and Ethernet connectivity, RFID reader, white cover.","Dazebox Home T trifase 32 A, 22,2 kW, cavo tipo 2 da 5 m con shutter, display monocromatico, connettività Bluetooth, WiFi ed Ethernet, lettore RFID, cover bianca",,,"Dazebox Home T triphasé 32 A, 22,2 kW, câble 5 m type 2 avec shutter, écran monochrome, connectivité Bluetooth, WiFi et Ethernet, lecteur RFID, couverture blanche",,8054320761211,Giugno 2023,"€ 218,29","€ 3,15","€ 11,10","€ 232,54","1,5%","€ 2,50","39,0%",France,FALSE,TRUE,FALSE,FALSE,TRUE,FALSE,FALSE,FALSE,FALSE,TRUE,FALSE,FALSE,FALSE,FALSE,Active
DT01FR32T7,,AC Chargers,Dazebox Home,Dazebox Home T,"Dazebox Home T three-phase 32 A, 22.2 kW, 7 m Type 2 cable with shutter, monochrome display, Bluetooth, WiFi and Ethernet connectivity, RFID reader, white cover.","Dazebox Home T trifase 32 A, 22,2 kW, cavo tipo 2 da 7 m con shutter, display monocromatico, connettività Bluetooth, WiFi ed Ethernet, lettore RFID, cover bianca",,,"Dazebox Home T triphasé 32 A, 22,2 kW, câble 7 m type 2 avec shutter, écran monochrome, connectivité Bluetooth, WiFi et Ethernet, lecteur RFID, couverture blanche",,8054320761228,Giugno 2023,"€ 240,69","€ 3,15","€ 11,10","€ 254,94","1,5%","€ 2,50","39,0%",France,FALSE,TRUE,FALSE,FALSE,FALSE,TRUE,FALSE,FALSE,FALSE,TRUE,FALSE,FALSE,FALSE,FALSE,Active
DS01FR32M,,AC Chargers,Dazebox Home,Dazebox Home S,"Dazebox Home S single-phase 32 A, 7.4 kW, Type 2 socket with shutter, monochrome display, Bluetooth, WiFi and Ethernet connectivity, RFID reader, white cover.","Dazebox Home S monofase 32 A, 7,4 kW, presa tipo 2 con shutter, display monocromatico, connettività Bluetooth, WiFi ed Ethernet, lettore RFID, cover bianca",,,"Dazebox Home S monophasé 32 A, 7,4 kW, prise type 2 avec shutter, écran monochrome, connectivité Bluetooth, WiFi et Ethernet, lecteur RFID, couverture blanche",,8054320761235,Giugno 2023,"€ 168,02","€ 4,03","€ 11,10","€ 183,15","1,5%","€ 2,50","39,0%",France,TRUE,FALSE,FALSE,FALSE,FALSE,FALSE,TRUE,FALSE,FALSE,TRUE,FALSE,FALSE,FALSE,FALSE,Active
DS01FR32T,,AC Chargers,Dazebox Home,Dazebox Home S,"Dazebox Home S three-phase 32 A, 22.2 kW, Type 2 socket with shutter, monochrome display, Bluetooth, WiFi and Ethernet connectivity, RFID reader, white cover.","Dazebox Home S trifase 32 A, 22,2 kW, presa tipo 2 con shutter, display monocromatico, connettività Bluetooth, WiFi ed Ethernet, lettore RFID, cover bianca",,,"Dazebox Home S triphasé 32 A, 22,2 kW, prise type 2 avec shutter, écran monochrome, connectivité Bluetooth, WiFi et Ethernet, lecteur RFID, couverture blanche",,8054320761242,Giugno 2023,"€ 188,16","€ 4,03","€ 11,10","€ 203,29","1,5%","€ 2,50","37,0%",France,FALSE,TRUE,FALSE,FALSE,FALSE,FALSE,TRUE,FALSE,FALSE,TRUE,FALSE,FALSE,FALSE,FALSE,Active
DK01FR32MP5S,,AC Chargers,Dazebox Home,Dazebox Home TK,"Dazebox Home TK single-phase 32 A, 7.4 kW, coiled Type 2 cable extendable up to 5 m with connector holder, monochrome display, Bluetooth, WiFi and Ethernet connectivity, RFID reader, integrated thermal-magnetic residual current protection, white cover.","Dazebox Home TK monofase 32 A, 7,4 kW, cavo tipo 2 spiralato estendibile fino a 5 m con portaconnettore, display monocromatico, connettività Bluetooth, WiFi ed Ethernet, lettore RFID, protezione magnetotermica differenziale integrata, cover bianca",,,"Dazebox Home TK monophasé 32 A, 7,4 kW, câble spiralé extensible jusqu'à 5 m Type 2 avec support connecteur, écran monochrome, connectivité Bluetooth, WiFi et Ethernet, lecteur RFID, protection magnétothermique différentielle intégrée, couverture blanche",,,January 2025,"€ 241,66","€ 3,15","€ 21,10","€ 265,90","1,5%","€ 2,50","32,0%",France,FALSE,FALSE,FALSE,FALSE,FALSE,FALSE,FALSE,FALSE,FALSE,FALSE,FALSE,FALSE,FALSE,FALSE,Active
DK01FR32TP5S,,AC Chargers,Dazebox Home,Dazebox Home TK,"Dazebox Home TK three-phase 32 A, 22.2 kW, coiled Type 2 cable extendable up to 5 m with connector holder, monochrome display, Bluetooth, WiFi and Ethernet connectivity, RFID reader, integrated thermal-magnetic residual current protection, white cover.","Dazebox Home TK trifase 32 A, 22,2 kW, cavo tipo 2 spiralato estendibile fino a 5 m con portaconnettore, display monocromatico, connettività Bluetooth, WiFi ed Ethernet, lettore RFID, protezione magnetotermica differenziale integrata, cover bianca",,,"Dazebox Home TK triphasé 32 A, 22,2 kW, câble spiralé extensible jusqu'à 5 m Type 2 avec support connecteur, écran monochrome, connectivité Bluetooth, WiFi et Ethernet, lecteur RFID, protection magnétothermique différentielle intégrée, couverture blanche",,,January 2025,"€ 310,48","€ 3,15","€ 21,10","€ 334,72","1,5%","€ 2,50","30,0%",France,FALSE,FALSE,FALSE,FALSE,FALSE,FALSE,FALSE,FALSE,FALSE,FALSE,FALSE,FALSE,FALSE,FALSE,Active
DK01FR32M5P,,AC Chargers,Dazebox Home,Dazebox Home TK,"Dazebox K Home monophasé 32 A, 7,4 kW, câble 5 m type 2 avec shutter, écran monochrome, connectivité Bluetooth, WiFi et Ethernet, lecteur RFID, protection magnétothermique différentielle intégrée",,,,,,8054320763451,Ottobre 2024,"€ 214,35","€ 3,42","€ 21,10","€ 238,87","1,5%","€ 2,50",,France,TRUE,FALSE,FALSE,FALSE,TRUE,FALSE,FALSE,FALSE,FALSE,TRUE,TRUE,FALSE,FALSE,FALSE,Inactive
DK01FR32M7P,,AC Chargers,Dazebox Home,Dazebox Home TK,"Dazebox K Home monophasé 32 A, 7,4 kW, câble 7 m type 2 avec shutter, écran monochrome, connectivité Bluetooth, WiFi et Ethernet, lecteur RFID, protection magnétothermique différentielle intégrée",,,,,,8054320763468,Ottobre 2024,"€ 232,35","€ 3,42","€ 21,10","€ 256,87","1,5%","€ 2,50",,France,TRUE,FALSE,FALSE,FALSE,FALSE,TRUE,FALSE,FALSE,FALSE,TRUE,TRUE,FALSE,FALSE,FALSE,Inactive
DK01FR32T5P,,AC Chargers,Dazebox Home,Dazebox Home TK,"Dazebox K Home triphasé 32 A, 22,2 kW, câble 5 m type 2 avec shutter, écran monochrome, connectivité Bluetooth, WiFi et Ethernet, lecteur RFID, protection magnétothermique différentielle intégrée",,,,,,8054320763475,Ottobre 2024,"€ 274,04","€ 3,42","€ 21,10","€ 298,56","1,5%","€ 2,50",,France,FALSE,TRUE,FALSE,FALSE,TRUE,FALSE,FALSE,FALSE,FALSE,TRUE,TRUE,FALSE,FALSE,FALSE,Inactive
DK01FR32T7P,,AC Chargers,Dazebox Home,Dazebox Home TK,"Dazebox K Home triphasé 32 A, 22,2 kW, câble 7 m type 2 avec shutter, écran monochrome, connectivité Bluetooth, WiFi et Ethernet, lecteur RFID, protection magnétothermique différentielle intégrée",,,,,,8054320763482,Ottobre 2024,"€ 296,44","€ 3,42","€ 21,10","€ 320,96","1,5%","€ 2,50",,France,FALSE,TRUE,FALSE,FALSE,FALSE,TRUE,FALSE,FALSE,FALSE,TRUE,TRUE,FALSE,FALSE,FALSE,Inactive
DS01FR32MP,,AC Chargers,Dazebox Home,Dazebox Home SK,"Dazebox Home S single-phase 32 A, 7.4 kW, Type 2 socket with shutter, monochrome display, Bluetooth, WiFi and Ethernet connectivity, RFID reader, integrated thermal-magnetic residual current protection, white cover.","Dazebox Home S monofase 32 A, 7,4 kW, presa tipo 2 con shutter, display monocromatico, connettività Bluetooth, WiFi ed Ethernet, lettore RFID, protezione magnetotermica differenziale integrata, cover bianca",,,"Dazebox Home S monophasé 32 A, 7,4 kW, prise type 2 avec shutter, écran monochrome, connectivité Bluetooth, WiFi et Ethernet, lecteur RFID, protection magnétothermique différentielle intégrée, couverture blanche",,8054320763505,Ottobre 2024,"€ 201,50","€ 4,30","€ 21,10","€ 226,90","1,5%","€ 2,50","36,0%",France,TRUE,FALSE,FALSE,FALSE,FALSE,FALSE,TRUE,FALSE,FALSE,TRUE,TRUE,FALSE,FALSE,FALSE,Active
DS01FR32TP,,AC Chargers,Dazebox Home,Dazebox Home SK,"Dazebox Home S three-phase 32 A, 22.2 kW, Type 2 socket with shutter, monochrome display, Bluetooth, WiFi and Ethernet connectivity, RFID reader, integrated thermal-magnetic residual current protection, white cover.","Dazebox Home S trifase 32 A, 22,2 kW, presa tipo 2 con shutter, display monocromatico, connettività Bluetooth, WiFi ed Ethernet, lettore RFID, protezione magnetotermica differenziale integrata, cover bianca",,,"Dazebox Home S triphasé 32 A, 22,2 kW, prise type 2 avec shutter, écran monochrome, connectivité Bluetooth, WiFi et Ethernet, lecteur RFID, protection magnétothermique différentielle intégrée, couverture blanche",,8054320763512,Ottobre 2024,"€ 234,29","€ 4,30","€ 21,10","€ 259,69","1,5%","€ 2,50","34,0%",France,FALSE,TRUE,FALSE,FALSE,FALSE,FALSE,TRUE,FALSE,FALSE,TRUE,TRUE,FALSE,FALSE,FALSE,Active
DT01AB32M5,,AC Chargers,Dazebox Home,Dazebox Home T,"Dazebox Home T single-phase 32 A,black cover, 7.4 kW, 5 m type 2 cable, monochrome display, Bluetooth, WiFi, and Ethernet connectivity, RFID reader, black cover","Dazebox Home T monofase 32 A, 7,4 kW, cavo tipo 2 da 5 m, display monocromatico, connettività Bluetooth, WiFi ed Ethernet, lettore RFID, cover nera",,,,,,January 2025,"€ 159,82","€ 3,15","€ 11,10","€ 174,06","1,5%","€ 2,50","41,0%",Abroad,TRUE,FALSE,FALSE,TRUE,TRUE,FALSE,FALSE,FALSE,FALSE,TRUE,FALSE,FALSE,FALSE,FALSE,Active
DT01AB32M7,,AC Chargers,Dazebox Home,Dazebox Home T,"Dazebox Home T single-phase 32 A,black cover, 7.4 kW, 7 m type 2 cable, monochrome display, Bluetooth, WiFi, and Ethernet connectivity, RFID reader, black cover","Dazebox Home T monofase 32 A, 7,4 kW, cavo tipo 2 da 7 m, display monocromatico, connettività Bluetooth, WiFi ed Ethernet, lettore RFID, cover nera",,,,,,January 2025,"€ 173,23","€ 3,15","€ 11,10","€ 187,47","1,5%","€ 2,50","41,0%",Abroad,TRUE,FALSE,FALSE,TRUE,FALSE,TRUE,FALSE,FALSE,FALSE,TRUE,FALSE,FALSE,FALSE,FALSE,Active
DT01AB32T5,,AC Chargers,Dazebox Home,Dazebox Home T,"Dazebox Home T three-phase 32 A, black cover, 22.2 kW, 5 m type 2 cable, monochrome display, Bluetooth, WiFi, and Ethernet connectivity, RFID reader, black cover","Dazebox Home T trifase 32 A, 22,2 kW, cavo tipo 2 da 5 m, display monocromatico, connettività Bluetooth, WiFi ed Ethernet, lettore RFID, cover nera",,,,,,January 2025,"€ 193,78","€ 3,15","€ 11,10","€ 208,03","1,5%","€ 2,50","39,0%",Abroad,FALSE,TRUE,FALSE,TRUE,TRUE,FALSE,FALSE,FALSE,FALSE,TRUE,FALSE,FALSE,FALSE,FALSE,Active
DT01AB32T7,,AC Chargers,Dazebox Home,Dazebox Home T,"Dazebox Home T three-phase 32 A, black cover, 22.2 kW, 7 m type 2 cable, monochrome display, Bluetooth, WiFi, and Ethernet connectivity, RFID reader, black cover","Dazebox Home T trifase 32 A, 22,2 kW, cavo tipo 2 da 7 m, display monocromatico, connettività Bluetooth, WiFi ed Ethernet, lettore RFID, cover nera",,,,,,January 2025,"€ 213,74","€ 3,15","€ 11,10","€ 227,99","1,5%","€ 2,50","39,0%",Abroad,FALSE,TRUE,FALSE,TRUE,FALSE,TRUE,FALSE,FALSE,FALSE,TRUE,FALSE,FALSE,FALSE,FALSE,Active
DS01AB32M,,AC Chargers,Dazebox Home,Dazebox Home S,"Dazebox Home S single-phase 32 A, black cover, 7.4 kW, type 2 socket, monochrome display, Bluetooth, WiFi, and Ethernet connectivity, RFID reader, black cover","Dazebox Home S monofase 32 A, 7,4 kW, presa tipo 2, display monocromatico, connettività Bluetooth, WiFi ed Ethernet, lettore RFID, cover nera",,,,,,January 2025,"€ 168,46","€ 4,03","€ 11,10","€ 183,59","1,5%","€ 2,50","39,0%",Abroad,TRUE,FALSE,FALSE,TRUE,FALSE,FALSE,TRUE,FALSE,FALSE,TRUE,FALSE,FALSE,FALSE,FALSE,Active
DS01AB32T,,AC Chargers,Dazebox Home,Dazebox Home S,"Dazebox Home S three-phase 32 A, black cover, 22.2 kW, type 2 socket, monochrome display, Bluetooth, WiFi, and Ethernet connectivity, RFID reader, black cover","Dazebox Home S trifase 32 A, 22,2 kW, presa tipo 2, display monocromatico, connettività Bluetooth, WiFi ed Ethernet, lettore RFID, cover nera",,,,,,January 2025,"€ 191,67","€ 4,03","€ 11,10","€ 206,80","1,5%","€ 2,50","37,0%",Abroad,FALSE,TRUE,FALSE,TRUE,FALSE,FALSE,TRUE,FALSE,FALSE,TRUE,FALSE,FALSE,FALSE,FALSE,Active
DK01AB32M5P,,AC Chargers,Dazebox Home,Dazebox Home TK,"Dazebox Home TK single-phase 32 A, black cover, 7.4 kW, 5 m type 2 cable with connector holder, monochrome display, Bluetooth, WiFi, and Ethernet connectivity, RFID reader, integrated RCBO",,,,,,,January 2025,"€ 198,75","€ 3,42","€ 21,10","€ 223,27","1,5%","€ 2,50",,Abroad,TRUE,FALSE,FALSE,TRUE,TRUE,FALSE,FALSE,FALSE,FALSE,TRUE,TRUE,FALSE,FALSE,FALSE,Inactive
DK01AB32M7P,,AC Chargers,Dazebox Home,Dazebox Home TK,"Dazebox Home TK single-phase 32 A, black cover, 7.4 kW, 7 m type 2 cable with connector holder, monochrome display, Bluetooth, WiFi, and Ethernet connectivity, RFID reader, integrated RCBO",,,,,,,January 2025,"€ 212,16","€ 3,42","€ 21,10","€ 236,68","1,5%","€ 2,50","32,0%",Abroad,TRUE,FALSE,FALSE,TRUE,FALSE,TRUE,FALSE,FALSE,FALSE,TRUE,TRUE,FALSE,FALSE,FALSE,Inactive
DK01AB32T5P,,AC Chargers,Dazebox Home,Dazebox Home TK,"Dazebox Home TK three-phase 32 A, black cover, 22.2 kW, 5 m type 2 cable with connector holder, monochrome display, Bluetooth, WiFi, and Ethernet connectivity, RFID reader, integrated RCBO",,,,,,,January 2025,"€ 245,53","€ 3,42","€ 21,10","€ 270,05","1,5%","€ 2,50",,Abroad,FALSE,TRUE,FALSE,TRUE,TRUE,FALSE,FALSE,FALSE,FALSE,TRUE,TRUE,FALSE,FALSE,FALSE,Inactive
DK01AB32T7P,,AC Chargers,Dazebox Home,Dazebox Home TK,"Dazebox Home TK three-phase 32 A, black cover, 22.2 kW, 7 m type 2 cable with connector holder, monochrome display, Bluetooth, WiFi, and Ethernet connectivity, RFID reader, integrated RCBO",,,,,,8054320765691,January 2025,"€ 265,49","€ 3,42","€ 21,10","€ 290,01","1,5%","€ 2,50","30,0%",Abroad,FALSE,TRUE,FALSE,TRUE,FALSE,TRUE,FALSE,FALSE,FALSE,TRUE,TRUE,FALSE,FALSE,FALSE,Inactive
DK01AB32MP5S,,AC Chargers,Dazebox Home,Dazebox Home TK,"Dazebox Home TK single-phase 32 A, 7.4 kW, coiled cable extendable up to 5 m type 2 with connector holder, monochrome display, Bluetooth, WiFi and Ethernet connectivity, RFID reader, integrated circuit breaker protection, black cover","Dazebox Home TK monofase 32 A, 7,4 kW, cavo tipo 2 spiralato estendibile fino a 5 m con portaconnettore, display monocromatico, connettività Bluetooth, WiFi ed Ethernet, lettore RFID, protezione magnetotermica differenziale integrata, cover nera",,,,,,January 2025,"€ 217,35","€ 3,15","€ 21,10","€ 241,59","1,5%","€ 2,50","32,0%",Abroad,FALSE,FALSE,FALSE,FALSE,FALSE,FALSE,FALSE,FALSE,FALSE,FALSE,FALSE,FALSE,FALSE,FALSE,Active
DK01AB32TP5S,,AC Chargers,Dazebox Home,Dazebox Home TK,"Dazebox Home TK three-phase 32 A, 22.2 kW, coiled cable extendable up to 5 m type 2 with connector holder, monochrome display, Bluetooth, WiFi and Ethernet connectivity, RFID reader, integrated circuit breaker protection, black cover","Dazebox Home TK trifase 32 A, 22,2 kW, cavo tipo 2 spiralato estendibile fino a 5 m con portaconnettore, display monocromatico, connettività Bluetooth, WiFi ed Ethernet, lettore RFID, protezione magnetotermica differenziale integrata, cover nera",,,,,,January 2025,"€ 281,98","€ 3,15","€ 21,10","€ 306,22","1,5%","€ 2,50","30,0%",Abroad,FALSE,FALSE,FALSE,FALSE,FALSE,FALSE,FALSE,FALSE,FALSE,FALSE,FALSE,FALSE,FALSE,FALSE,Active
DS01AB32MP,,AC Chargers,Dazebox Home,Dazebox Home SK,"Dazebox Home SK single-phase 32 A, black cover, 7.4 kW, type 2 socket, monochrome display, Bluetooth, WiFi, and Ethernet connectivity, RFID reader, integrated circuit breaker protection, black cover","Dazebox Home SK monofase 32 A, 7,4 kW, presa tipo 2, display monocromatico, connettività Bluetooth, WiFi ed Ethernet, lettore RFID, protezione magnetotermica differenziale integrata, cover nera",,,,,,January 2025,"€ 198,73","€ 4,30","€ 21,10","€ 224,13","1,5%","€ 2,50","36,0%",Abroad,TRUE,FALSE,FALSE,TRUE,FALSE,FALSE,TRUE,FALSE,FALSE,TRUE,TRUE,FALSE,FALSE,FALSE,Active
DS01AB32TP,,AC Chargers,Dazebox Home,Dazebox Home SK,"Dazebox Home SK three-phase 32 A, black cover, 22.2 kW, type 2 socket, monochrome display, Bluetooth, WiFi, and Ethernet connectivity, RFID reader, integrated circuit breaker protection, black cover","Dazebox Home SK trifase 32 A, 22,2 kW, presa tipo 2, display monocromatico, connettività Bluetooth, WiFi ed Ethernet, lettore RFID, protezione magnetotermica differenziale integrata, cover nera",,,,,8054320765684,January 2025,"€ 247,59","€ 4,30","€ 21,10","€ 272,99","1,5%","€ 2,50","34,0%",Abroad,FALSE,TRUE,FALSE,TRUE,FALSE,FALSE,TRUE,FALSE,FALSE,TRUE,TRUE,FALSE,FALSE,FALSE,Active
DT02IT32M5C,,AC Chargers,Dazebox Share,Dazebox Share T,"Dazebox Share T single-phase 32 A, 7.4 kW, 5 m Type 2 cable, monochrome display, Bluetooth, WiFi, Ethernet connectivity and USB 4G modem compatibility, RFID reader, integrated shunt trip coil, white cover.","Dazebox Share T monofase 32 A, 7,4 kW, cavo 5 m tipo 2, display monocromatico, connettività Bluetooth, WiFi, Ethernet e compatibilità con modem 4G USB, lettore RFID, bobina di sgancio integrata, cover bianca",,"Dazebox Share T einphasig 32 A, 7,4 kW, Typ-2-Kabel 5 m, monochromes Display, Bluetooth-, WiFi- und Ethernet-Konnektivität sowie Kompatibilität mit USB-4G-Modem, RFID-Leser, integrierte Auslösespule, weiße cover","Dazebox Share T monophasé 32 A, 7,4 kW, câble type 2 de 5 m, écran monochrome, connectivité Bluetooth, WiFi, Ethernet et compatibilité avec modem USB 4G, lecteur RFID, cover blanche",,8054320762713,October 2024,"€ 214,63","€ 3,42","€ 17,10","€ 235,15","1,0%","€ 3,00","35,0%",Italy,TRUE,FALSE,FALSE,TRUE,TRUE,FALSE,FALSE,FALSE,FALSE,TRUE,FALSE,FALSE,FALSE,FALSE,Active
DT02IT32M7C,,AC Chargers,Dazebox Share,Dazebox Share T,"Dazebox Share T single-phase 32 A, 7.4 kW, 7 m Type 2 cable, monochrome display, Bluetooth, WiFi, Ethernet connectivity and USB 4G modem compatibility, RFID reader, integrated shunt trip coil, white cover.","Dazebox Share T monofase 32 A, 7,4 kW, cavo 7 m tipo 2, display monocromatico, connettività Bluetooth, WiFi, Ethernet e compatibilità con modem 4G USB, lettore RFID, bobina di sgancio integrata, cover bianca",,"Dazebox Share T einphasig 32 A, 7,4 kW, Typ-2-Kabel 7 m, monochromes Display, Bluetooth-, WiFi- und Ethernet-Konnektivität sowie Kompatibilität mit USB-4G-Modem, RFID-Leser, integrierte Auslösespule, weiße cover","Dazebox Share T monophasé 32 A, 7,4 kW, câble type 2 de 7 m, écran monochrome, connectivité Bluetooth, WiFi, Ethernet et compatibilité avec modem USB 4G, lecteur RFID, cover blanche",,8054320762720,October 2024,"€ 228,04","€ 3,42","€ 17,10","€ 248,56","1,0%","€ 3,00","35,0%",Italy,TRUE,FALSE,FALSE,TRUE,FALSE,TRUE,FALSE,FALSE,FALSE,TRUE,FALSE,FALSE,FALSE,FALSE,Active
DT02IT32T5C,,AC Chargers,Dazebox Share,Dazebox Share T,"Dazebox Share T three-phase 32 A, 22.2 kW, 5 m Type 2 cable, monochrome display, Bluetooth, WiFi, Ethernet connectivity and USB 4G modem compatibility, RFID reader, integrated shunt trip coil, white cover.","Dazebox Share T trifase 32 A, 22,2 kW, cavo 5 m tipo 2, display monocromatico, connettività Bluetooth, WiFi, Ethernet e compatibilità con modem 4G USB, lettore RFID, bobina di sgancio integrata, cover bianca",,"Dazebox Share T dreiphasig 32 A, 22,2 kW, Typ-2-Kabel 5 m, monochromes Display, Bluetooth-, WiFi- und Ethernet-Konnektivität sowie Kompatibilität mit USB-4G-Modem, RFID-Leser, integrierte Auslösespule, weiße cover","Dazebox Share T triphasé 32 A, 22,2 kW, câble type 2 de 5 m, écran monochrome, connectivité Bluetooth, WiFi, Ethernet et compatibilité avec modem USB 4G, lecteur RFID, cover blanche",,8054320762447,October 2024,"€ 240,81","€ 3,42","€ 17,10","€ 261,33","1,0%","€ 3,00","35,0%",Italy,FALSE,TRUE,FALSE,TRUE,TRUE,FALSE,FALSE,FALSE,FALSE,TRUE,FALSE,FALSE,FALSE,FALSE,Active
DT02IT32T7C,,AC Chargers,Dazebox Share,Dazebox Share T,"Dazebox Share T three-phase 32 A, 22.2 kW, 7 m Type 2 cable, monochrome display, Bluetooth, WiFi, Ethernet connectivity and USB 4G modem compatibility, RFID reader, integrated shunt trip coil, white cover.","Dazebox Share T trifase 32 A, 22,2 kW, cavo 7 m tipo 2, display monocromatico, connettività Bluetooth, WiFi, Ethernet e compatibilità con modem 4G USB, lettore RFID, bobina di sgancio integrata, cover bianca",,"Dazebox Share T dreiphasig 32 A, 22,2 kW, Typ-2-Kabel 7 m, monochromes Display, Bluetooth-, WiFi- und Ethernet-Konnektivität sowie Kompatibilität mit USB-4G-Modem, RFID-Leser, integrierte Auslösespule, weiße cover","Dazebox Share T triphasé 32 A, 22,2 kW, câble type 2 de 7 m, écran monochrome, connectivité Bluetooth, WiFi, Ethernet et compatibilité avec modem USB 4G, lecteur RFID, cover blanche",,8054320762454,October 2024,"€ 257,62","€ 3,42","€ 17,10","€ 278,14","1,0%","€ 3,00","35,0%",Italy,FALSE,TRUE,FALSE,TRUE,FALSE,TRUE,FALSE,FALSE,FALSE,TRUE,FALSE,FALSE,FALSE,FALSE,Active
DS02IT32MC,,AC Chargers,Dazebox Share,Dazebox Share S,"Dazebox Share S single-phase 32 A, 7.4 kW, Type 2 socket, monochrome display, Bluetooth, WiFi, Ethernet connectivity and USB 4G modem compatibility, RFID reader, integrated shunt trip coil, white cover.","Dazebox Share S monofase 32 A, 7,4 kW, presa tipo 2, display monocromatico, connettività Bluetooth, WiFi, Ethernet e compatibilità con modem 4G USB, lettore RFID, bobina di sgancio integrata, cover bianca",,"Dazebox Share S einphasig 32 A, 7,4 kW, Typ-2-Steckdose, monochromes Display, Bluetooth-, WiFi- und Ethernet-Konnektivität sowie Kompatibilität mit USB-4G-Modem, RFID-Leser, integrierte Auslösespule, weiße cover","Dazebox Share S monophasé 32 A, 7,4 kW, prise type 2, écran monochrome, connectivité Bluetooth, WiFi, Ethernet et compatibilité avec modem USB 4G, lecteur RFID, cover blanche",,8054320762478,October 2024,"€ 224,76","€ 4,30","€ 17,10","€ 246,16","1,0%","€ 3,00","35,0%",Italy,TRUE,FALSE,FALSE,TRUE,FALSE,FALSE,TRUE,FALSE,FALSE,TRUE,FALSE,FALSE,FALSE,FALSE,Active
DS02IT32TC,,AC Chargers,Dazebox Share,Dazebox Share S,"Dazebox Share S three-phase 32 A, 22.2 kW, Type 2 socket, monochrome display, Bluetooth, WiFi, Ethernet connectivity and USB 4G modem compatibility, RFID reader, integrated shunt trip coil, white cover.","Dazebox Share S trifase 32 A, 22,2 kW, presa tipo 2, display monocromatico, connettività Bluetooth, WiFi, Ethernet e compatibilità con modem 4G USB, lettore RFID, bobina di sgancio integrata, cover bianca",,"Dazebox Share S dreiphasig 32 A, 22,2 kW, Typ-2-Steckdose, monochromes Display, Bluetooth-, WiFi- und Ethernet-Konnektivität sowie Kompatibilität mit USB-4G-Modem, RFID-Leser, integrierte Auslösespule, weiße cover","Dazebox Share S triphasé 32 A, 22,2 kW, prise type 2, écran monochrome, connectivité Bluetooth, WiFi, Ethernet et compatibilité avec modem USB 4G, lecteur RFID, cover blanche",,8054320762492,October 2024,"€ 240,26","€ 4,30","€ 17,10","€ 261,66","1,0%","€ 3,00","35,0%",Italy,FALSE,TRUE,FALSE,TRUE,FALSE,FALSE,TRUE,FALSE,FALSE,TRUE,FALSE,FALSE,FALSE,FALSE,Active
DS02IT32MM,,AC Chargers,Dazebox Share,Dazebox Share S,"Dazebox Share S single-phase 32 A, 7.4 kW, Type 2 socket, monochrome display, Bluetooth, WiFi, Ethernet connectivity and USB 4G modem compatibility, RFID reader, integrated shunt trip coil, MID meter, white cover.","Dazebox Share S monofase 32 A, 7,4 kW, presa tipo 2, display monocromatico, connettività Bluetooth, WiFi, Ethernet e compatibilità con modem 4G USB, lettore RFID, bobina di sgancio integrata, Misuratore MID, cover bianca",,"Dazebox Share S einphasig 32 A, 7,4 kW, Typ-2-Steckdose, monochromes Display, Bluetooth-, WiFi- und Ethernet-Konnektivität sowie Kompatibilität mit USB-4G-Modem, RFID-Leser, integrierte Auslösespule, MID-Zähler, weiße cover","Dazebox Share S monophasé 32 A, 7,4 kW, prise type 2, écran monochrome, connectivité Bluetooth, WiFi, Ethernet et compatibilité avec modem USB 4G, lecteur RFID, compteur MID, cover blanche",,8054320762485,October 2024,"€ 255,50","€ 4,30","€ 17,10","€ 276,90","1,0%","€ 3,00","35,0%",Italy,TRUE,FALSE,FALSE,TRUE,FALSE,FALSE,TRUE,FALSE,FALSE,TRUE,FALSE,FALSE,TRUE,FALSE,Active
DS02IT32TM,,AC Chargers,Dazebox Share,Dazebox Share S,"Dazebox Share S three-phase 32 A, 22.2 kW, Type 2 socket, monochrome display, Bluetooth, WiFi, Ethernet connectivity and USB 4G modem compatibility, RFID reader, integrated shunt trip coil, MID meter, white cover.","Dazebox Share S trifase 32 A, 22,2 kW, presa tipo 2, display monocromatico, connettività Bluetooth, WiFi, Ethernet e compatibilità con modem 4G USB, lettore RFID, bobina di sgancio integrata, Misuratore MID, cover bianca",,"Dazebox Share S dreiphasig 32 A, 22,2 kW, Typ-2-Steckdose, monochromes Display, Bluetooth-, WiFi- und Ethernet-Konnektivität sowie Kompatibilität mit USB-4G-Modem, RFID-Leser, integrierte Auslösespule, MID-Zähler, weiße cover","Dazebox Share S triphasé 32 A, 22,2 kW, prise type 2, écran monochrome, connectivité Bluetooth, WiFi, Ethernet et compatibilité avec modem USB 4G, lecteur RFID, compteur MID, cover blanche",,8054320762461,October 2024,"€ 290,88","€ 4,30","€ 17,10","€ 312,28","1,0%","€ 3,00","35,0%",Italy,FALSE,TRUE,FALSE,TRUE,FALSE,FALSE,TRUE,FALSE,FALSE,TRUE,FALSE,FALSE,TRUE,FALSE,Active
DT04IT32M5C,,AC Chargers,Dazebox Share,Dazebox Share T,"Dazebox Share T single-phase 32 A, 7.4 kW, 5 m Type 2 cable, monochrome display, ISO 15118-20 V2G ready, Bluetooth, WiFi, Ethernet connectivity and USB 4G modem compatibility, RFID reader, integrated shunt trip coil, white cover.","Dazebox Share T monofase 32 A, 7,4 kW, cavo 5 m tipo 2, display monocromatico, ISO 15118-20 V2G ready, connettività Bluetooth, WiFi, Ethernet e compatibilità con modem 4G USB, lettore RFID, bobina di sgancio integrata, cover bianca","Dazebox Share T monofásica 32 A, 7,4 kW, cable de 5 m tipo 2, pantalla monocromática, ISO 15118-20 V2G ready, conectividad Bluetooth, WiFi, Ethernet y compatibilidad con módem USB 4G, lector RFID, carcasa blanca","Dazebox Share T einphasig 32 A, 7,4 kW, Typ-2-Kabel 5 m, monochromes Display, ISO 15118-20 V2G ready, Bluetooth-, WiFi- und Ethernet-Konnektivität sowie Kompatibilität mit USB-4G-Modem, RFID-Leser, integrierte Auslösespule, weiße cover","Dazebox Share T monophasé 32 A, 7,4 kW, câble type 2 de 5 m, écran monochrome, ISO 15118-20 V2G ready, connectivité Bluetooth, WiFi, Ethernet et compatibilité avec modem USB 4G, lecteur RFID, cover blanche","Dazebox Share T monofásico 32 A, 7,4 kW, cabo de 5 m tipo 2, display monocromático, ISO 15118-20 V2G ready, conectividade Bluetooth, WiFi, Ethernet e compatibilidade com modem USB 4G, leitor RFID, cover branca",,March 2026,"€ 234,63","€ 3,42","€ 17,10","€ 255,15","1,0%","€ 3,00","36,0%",Italy,FALSE,FALSE,FALSE,FALSE,FALSE,FALSE,FALSE,FALSE,FALSE,FALSE,FALSE,FALSE,FALSE,FALSE,Active
DT04IT32M7C,,AC Chargers,Dazebox Share,Dazebox Share T,"Dazebox Share T single-phase 32 A, 7.4 kW, 7 m Type 2 cable, monochrome display, ISO 15118-20 V2G ready, Bluetooth, WiFi, Ethernet connectivity and USB 4G modem compatibility, RFID reader, integrated shunt trip coil, white cover.","Dazebox Share T monofase 32 A, 7,4 kW, cavo 7 m tipo 2, display monocromatico, ISO 15118-20 V2G ready, connettività Bluetooth, WiFi, Ethernet e compatibilità con modem 4G USB, lettore RFID, bobina di sgancio integrata, cover bianca","Dazebox Share T monofásica 32 A, 7,4 kW, cable de 7 m tipo 2, pantalla monocromática, ISO 15118-20 V2G ready, conectividad Bluetooth, WiFi, Ethernet y compatibilidad con módem USB 4G, lector RFID, carcasa blanca","Dazebox Share T einphasig 32 A, 7,4 kW, Typ-2-Kabel 7 m, monochromes Display, ISO 15118-20 V2G ready, Bluetooth-, WiFi- und Ethernet-Konnektivität sowie Kompatibilität mit USB-4G-Modem, RFID-Leser, integrierte Auslösespule, weiße cover","Dazebox Share T monophasé 32 A, 7,4 kW, câble type 2 de 7 m, écran monochrome, ISO 15118-20 V2G ready, connectivité Bluetooth, WiFi, Ethernet et compatibilité avec modem USB 4G, lecteur RFID, cover blanche","Dazebox Share T monofásico 32 A, 7,4 kW, cabo de 7 m tipo 2, display monocromático, ISO 15118-20 V2G ready, conectividade Bluetooth, WiFi, Ethernet e compatibilidade com modem USB 4G, leitor RFID, cover branca",,March 2026,"€ 248,04","€ 3,42","€ 17,10","€ 268,56","1,0%","€ 3,00","36,0%",Italy,FALSE,FALSE,FALSE,FALSE,FALSE,FALSE,FALSE,FALSE,FALSE,FALSE,FALSE,FALSE,FALSE,FALSE,Active
DT04IT32T5C,,AC Chargers,Dazebox Share,Dazebox Share T,"Dazebox Share T three-phase 32 A, 22.2 kW, 5 m Type 2 cable, monochrome display, ISO 15118-20 V2G ready, Bluetooth, WiFi, Ethernet connectivity and USB 4G modem compatibility, RFID reader, integrated shunt trip coil, white cover.","Dazebox Share T trifase 32 A, 22,2 kW, cavo 5 m tipo 2, display monocromatico, ISO 15118-20 V2G ready, connettività Bluetooth, WiFi, Ethernet e compatibilità con modem 4G USB, lettore RFID, bobina di sgancio integrata, cover bianca","Dazebox Share T trifásica 32 A, 22,2 kW, cable de 5 m tipo 2, pantalla monocromática, ISO 15118-20 V2G ready, conectividad Bluetooth, WiFi, Ethernet y compatibilidad con módem USB 4G, lector RFID, carcasa blanca","Dazebox Share T dreiphasig 32 A, 22,2 kW, Typ-2-Kabel 5 m, monochromes Display, ISO 15118-20 V2G ready, Bluetooth-, WiFi- und Ethernet-Konnektivität sowie Kompatibilität mit USB-4G-Modem, RFID-Leser, integrierte Auslösespule, weiße cover","Dazebox Share T triphasé 32 A, 22,2 kW, câble type 2 de 5 m, écran monochrome, ISO 15118-20 V2G ready, connectivité Bluetooth, WiFi, Ethernet et compatibilité avec modem USB 4G, lecteur RFID, cover blanche","Dazebox Share T trifásico 32 A, 22,2 kW, cabo de 5 m tipo 2, display monocromático, ISO 15118-20 V2G ready, conectividade Bluetooth, WiFi, Ethernet e compatibilidade com modem USB 4G, leitor RFID, cover branca",,March 2026,"€ 260,81","€ 3,42","€ 17,10","€ 281,33","1,0%","€ 3,00","36,0%",Italy,FALSE,FALSE,FALSE,FALSE,FALSE,FALSE,FALSE,FALSE,FALSE,FALSE,FALSE,FALSE,FALSE,FALSE,Active
DT04IT32T7C,,AC Chargers,Dazebox Share,Dazebox Share T,"Dazebox Share T three-phase 32 A, 22.2 kW, 7 m Type 2 cable, monochrome display, ISO 15118-20 V2G ready, Bluetooth, WiFi, Ethernet connectivity and USB 4G modem compatibility, RFID reader, integrated shunt trip coil, white cover.","Dazebox Share T trifase 32 A, 22,2 kW, cavo 7 m tipo 2, display monocromatico, ISO 15118-20 V2G ready, connettività Bluetooth, WiFi, Ethernet e compatibilità con modem 4G USB, lettore RFID, bobina di sgancio integrata, cover bianca","Dazebox Share T trifásica 32 A, 22,2 kW, cable de 7 m tipo 2, pantalla monocromática, ISO 15118-20 V2G ready, conectividad Bluetooth, WiFi, Ethernet y compatibilidad con módem USB 4G, lector RFID, carcasa blanca","Dazebox Share T dreiphasig 32 A, 22,2 kW, Typ-2-Kabel 7 m, monochromes Display, ISO 15118-20 V2G ready, Bluetooth-, WiFi- und Ethernet-Konnektivität sowie Kompatibilität mit USB-4G-Modem, RFID-Leser, integrierte Auslösespule, weiße cover","Dazebox Share T triphasé 32 A, 22,2 kW, câble type 2 de 7 m, écran monochrome, ISO 15118-20 V2G ready, connectivité Bluetooth, WiFi, Ethernet et compatibilité avec modem USB 4G, lecteur RFID, cover blanche","Dazebox Share T trifásico 32 A, 22,2 kW, cabo de 7 m tipo 2, display monocromático, ISO 15118-20 V2G ready, conectividade Bluetooth, WiFi, Ethernet e compatibilidade com modem USB 4G, leitor RFID, cover branca",,March 2026,"€ 277,62","€ 3,42","€ 17,10","€ 298,14","1,0%","€ 3,00","36,0%",Italy,FALSE,FALSE,FALSE,FALSE,FALSE,FALSE,FALSE,FALSE,FALSE,FALSE,FALSE,FALSE,FALSE,FALSE,Active
DS04IT32MC,,AC Chargers,Dazebox Share,Dazebox Share S,"Dazebox Share S single-phase 32 A, 7.4 kW, Type 2 socket, monochrome display, ISO 15118-20 V2G ready, Bluetooth, WiFi, Ethernet connectivity and USB 4G modem compatibility, RFID reader, integrated shunt trip coil, white cover.","Dazebox Share S monofase 32 A, 7,4 kW, presa tipo 2, display monocromatico, ISO 15118-20 V2G ready, connettività Bluetooth, WiFi, Ethernet e compatibilità con modem 4G USB, lettore RFID, bobina di sgancio integrata, cover bianca","Dazebox Share S monofásica 32 A, 7,4 kW, toma tipo 2, pantalla monocromática, ISO 15118-20 V2G ready, conectividad Bluetooth, WiFi, Ethernet y compatibilidad con módem USB 4G, lector RFID, carcasa blanca","Dazebox Share S einphasig 32 A, 7,4 kW, Typ-2-Steckdose, monochromes Display, ISO 15118-20 V2G ready, Bluetooth-, WiFi- und Ethernet-Konnektivität sowie Kompatibilität mit USB-4G-Modem, RFID-Leser, integrierte Auslösespule, weiße cover","Dazebox Share S monophasé 32 A, 7,4 kW, prise type 2, écran monochrome, ISO 15118-20 V2G ready, connectivité Bluetooth, WiFi, Ethernet et compatibilité avec modem USB 4G, lecteur RFID, cover blanche","Dazebox Share S monofásico 32 A, 7,4 kW, tomada tipo 2, display monocromático, ISO 15118-20 V2G ready, conectividade Bluetooth, WiFi, Ethernet e compatibilidade com modem USB 4G, leitor RFID, cover branca",,March 2026,"€ 243,76","€ 4,30","€ 17,10","€ 265,16","1,0%","€ 3,00","36,0%",Italy,FALSE,FALSE,FALSE,FALSE,FALSE,FALSE,FALSE,FALSE,FALSE,FALSE,FALSE,FALSE,FALSE,FALSE,Active
DS04IT32TC,,AC Chargers,Dazebox Share,Dazebox Share S,"Dazebox Share S three-phase 32 A, 22.2 kW, Type 2 socket, monochrome display, ISO 15118-20 V2G ready, Bluetooth, WiFi, Ethernet connectivity and USB 4G modem compatibility, RFID reader, integrated shunt trip coil, white cover.","Dazebox Share S trifase 32 A, 22,2 kW, presa tipo 2, display monocromatico, ISO 15118-20 V2G ready, connettività Bluetooth, WiFi, Ethernet e compatibilità con modem 4G USB, lettore RFID, bobina di sgancio integrata, cover bianca","Dazebox Share S trifásica 32 A, 22,2 kW, toma tipo 2, pantalla monocromática, ISO 15118-20 V2G ready, conectividad Bluetooth, WiFi, Ethernet y compatibilidad con módem USB 4G, lector RFID, carcasa blanca","Dazebox Share S dreiphasig 32 A, 22,2 kW, Typ-2-Steckdose, monochromes Display, ISO 15118-20 V2G ready, Bluetooth-, WiFi- und Ethernet-Konnektivität sowie Kompatibilität mit USB-4G-Modem, RFID-Leser, integrierte Auslösespule, weiße cover","Dazebox Share S triphasé 32 A, 22,2 kW, prise type 2, écran monochrome, ISO 15118-20 V2G ready, connectivité Bluetooth, WiFi, Ethernet et compatibilité avec modem USB 4G, lecteur RFID, cover blanche","Dazebox Share S trifásico 32 A, 22,2 kW, tomada tipo 2, display monocromático, ISO 15118-20 V2G ready, conectividade Bluetooth, WiFi, Ethernet e compatibilidade com modem USB 4G, leitor RFID, cover branca",,March 2026,"€ 259,26","€ 4,30","€ 17,10","€ 280,66","1,0%","€ 3,00","36,0%",Italy,FALSE,FALSE,FALSE,FALSE,FALSE,FALSE,FALSE,FALSE,FALSE,FALSE,FALSE,FALSE,FALSE,FALSE,Active
DS04IT32MM,,AC Chargers,Dazebox Share,Dazebox Share S,"Dazebox Share S single-phase 32 A, 7.4 kW, Type 2 socket, monochrome display, ISO 15118-20 V2G ready, Bluetooth, WiFi, Ethernet connectivity and USB 4G modem compatibility, RFID reader, integrated shunt trip coil, MID meter, white cover.","Dazebox Share S monofase 32 A, 7,4 kW, presa tipo 2, display monocromatico, ISO 15118-20 V2G ready, connettività Bluetooth, WiFi, Ethernet e compatibilità con modem 4G USB, lettore RFID, bobina di sgancio integrata, Misuratore MID, cover bianca","Dazebox Share S monofásica 32 A, 7,4 kW, toma tipo 2, pantalla monocromática, ISO 15118-20 V2G ready, conectividad Bluetooth, WiFi, Ethernet y compatibilidad con módem USB 4G, lector RFID, contador MID, carcasa blanca","Dazebox Share S einphasig 32 A, 7,4 kW, Typ-2-Steckdose, monochromes Display, ISO 15118-20 V2G ready, Bluetooth-, WiFi- und Ethernet-Konnektivität sowie Kompatibilität mit USB-4G-Modem, RFID-Leser, integrierte Auslösespule, MID-Zähler, weiße cover","Dazebox Share S monophasé 32 A, 7,4 kW, prise type 2, écran monochrome, ISO 15118-20 V2G ready, connectivité Bluetooth, WiFi, Ethernet et compatibilité avec modem USB 4G, lecteur RFID, compteur MID, cover blanche","Dazebox Share S monofásico 32 A, 7,4 kW, tomada tipo 2, display monocromático, ISO 15118-20 V2G ready, conectividade Bluetooth, WiFi, Ethernet e compatibilidade com modem USB 4G, leitor RFID, contador MID, cover branca",,March 2026,"€ 274,50","€ 4,30","€ 17,10","€ 295,90","1,0%","€ 3,00","36,0%",Italy,FALSE,FALSE,FALSE,FALSE,FALSE,FALSE,FALSE,FALSE,FALSE,FALSE,FALSE,FALSE,FALSE,FALSE,Active
DS04IT32TM,,AC Chargers,Dazebox Share,Dazebox Share S,"Dazebox Share S three-phase 32 A, 22.2 kW, Type 2 socket, monochrome display, ISO 15118-20 V2G ready, Bluetooth, WiFi, Ethernet connectivity and USB 4G modem compatibility, RFID reader, integrated shunt trip coil, MID meter, white cover.","Dazebox Share S trifase 32 A, 22,2 kW, presa tipo 2, display monocromatico, ISO 15118-20 V2G ready, connettività Bluetooth, WiFi, Ethernet e compatibilità con modem 4G USB, lettore RFID, bobina di sgancio integrata, Misuratore MID, cover bianca","Dazebox Share S trifásica 32 A, 22,2 kW, toma tipo 2, pantalla monocromática, ISO 15118-20 V2G ready, conectividad Bluetooth, WiFi, Ethernet y compatibilidad con módem USB 4G, lector RFID, contador MID, carcasa blanca","Dazebox Share S dreiphasig 32 A, 22,2 kW, Typ-2-Steckdose, monochromes Display, ISO 15118-20 V2G ready, Bluetooth-, WiFi- und Ethernet-Konnektivität sowie Kompatibilität mit USB-4G-Modem, RFID-Leser, integrierte Auslösespule, MID-Zähler, weiße cover","Dazebox Share S triphasé 32 A, 22,2 kW, prise type 2, écran monochrome, ISO 15118-20 V2G ready, connectivité Bluetooth, WiFi, Ethernet et compatibilité avec modem USB 4G, lecteur RFID, compteur MID, cover blanche","Dazebox Share S trifásico 32 A, 22,2 kW, tomada tipo 2, display monocromático, ISO 15118-20 V2G ready, conectividade Bluetooth, WiFi, Ethernet e compatibilidade com modem USB 4G, leitor RFID, contador MID, cover branca",,March 2026,"€ 309,88","€ 4,30","€ 17,10","€ 331,28","1,0%","€ 3,00","36,0%",Italy,FALSE,FALSE,FALSE,FALSE,FALSE,FALSE,FALSE,FALSE,FALSE,FALSE,FALSE,FALSE,FALSE,FALSE,Active
DK02IT32M5CP,,AC Chargers,Dazebox Share,Dazebox Share TK,"Dazebox Share TK monofase 32 A, 7,4 kW, cavo 5 m tipo 2 con porta connettore, display monocromatico, connettività Bluetooth, WiFi, Ethernet e compatibilità con modem 4G USB, lettore RFID, protezione magnetotermica differenziale integrata, bobina di sgancio integrata",,,,,,8054320762799,January 2026,#REF!,"€ 4,30","€ 25,10",#REF!,"1,0%","€ 3,00","34,0%",Italy,TRUE,FALSE,FALSE,TRUE,TRUE,FALSE,FALSE,FALSE,FALSE,TRUE,TRUE,FALSE,FALSE,FALSE,Inactive
DK02IT32M7CP,,AC Chargers,Dazebox Share,Dazebox Share TK,"Dazebox Share TK monofase 32 A, 7,4 kW, cavo 7 m tipo 2 con porta connettore, display monocromatico, connettività Bluetooth, WiFi, Ethernet e compatibilità con modem 4G USB, lettore RFID, protezione magnetotermica differenziale integrata, bobina di sgancio integrata",,,,,,8054320762737,January 2026,#REF!,"€ 4,30","€ 25,10",#REF!,"1,0%","€ 3,00","35,0%",Italy,TRUE,FALSE,FALSE,TRUE,FALSE,TRUE,FALSE,FALSE,FALSE,TRUE,TRUE,FALSE,FALSE,FALSE,Inactive
DK02IT32T5CP,,AC Chargers,Dazebox Share,Dazebox Share TK,"Dazebox Share TK trifase 32 A, 22,2 kW, cavo 5 m tipo 2 con porta connettore, display monocromatico, connettività Bluetooth, WiFi, Ethernet e compatibilità con modem 4G USB, lettore RFID, protezione magnetotermica differenziale integrata, bobina di sgancio integrata",,,,,,8054320763796,January 2026,#REF!,"€ 4,30","€ 25,10",#REF!,"1,0%","€ 3,00","34,0%",Italy,FALSE,TRUE,FALSE,TRUE,TRUE,FALSE,FALSE,FALSE,FALSE,TRUE,TRUE,FALSE,FALSE,FALSE,Inactive
DK02IT32T7CP,,AC Chargers,Dazebox Share,Dazebox Share TK,"Dazebox Share TK trifase 32 A, 22,2 kW, cavo 7 m tipo 2 con porta connettore, display monocromatico, connettività Bluetooth, WiFi, Ethernet e compatibilità con modem 4G USB, lettore RFID, protezione magnetotermica differenziale integrata, bobina di sgancio integrata",,,,,,8054320763802,January 2026,#REF!,"€ 4,30","€ 25,10",#REF!,"1,0%","€ 3,00","35,0%",Italy,FALSE,TRUE,FALSE,TRUE,FALSE,TRUE,FALSE,FALSE,FALSE,TRUE,TRUE,FALSE,FALSE,FALSE,Inactive
DK02IT32M5MP,,AC Chargers,Dazebox Share,Dazebox Share TK,"Dazebox Share TK monofase 32 A, 7,4 kW, cavo 5 m tipo 2 con porta connettore, display monocromatico, connettività Bluetooth, WiFi, Ethernet e compatibilità con modem 4G USB, lettore RFID, protezione magnetotermica differenziale integrata, bobina di sgancio integrata, misuratore MID",,,,,,8054320762768,January 2026,#REF!,"€ 4,30","€ 25,10",#REF!,"1,0%","€ 3,00","34,0%",Italy,TRUE,FALSE,FALSE,TRUE,TRUE,FALSE,FALSE,FALSE,FALSE,TRUE,TRUE,FALSE,TRUE,FALSE,Inactive
DK02IT32M7MP,,AC Chargers,Dazebox Share,Dazebox Share TK,"Dazebox Share TK monofase 32 A, 7,4 kW, cavo 7 m tipo 2 con porta connettore, display monocromatico, connettività Bluetooth, WiFi, Ethernet e compatibilità con modem 4G USB, lettore RFID, protezione magnetotermica differenziale integrata, bobina di sgancio integrata, misuratore MID",,,,,,8054320762775,January 2026,#REF!,"€ 4,30","€ 25,10",#REF!,"1,0%","€ 3,00","35,0%",Italy,TRUE,FALSE,FALSE,TRUE,FALSE,TRUE,FALSE,FALSE,FALSE,TRUE,TRUE,FALSE,TRUE,FALSE,Inactive
DK02IT32T5MP,,AC Chargers,Dazebox Share,Dazebox Share TK,"Dazebox Share TK trifase 32 A, 22,2 kW, cavo 5 m tipo 2 con porta connettore, display monocromatico, connettività Bluetooth, WiFi, Ethernet e compatibilità con modem 4G USB, lettore RFID, protezione magnetotermica differenziale integrata, bobina di sgancio integrata, misuratore MID",,,,,,8054320763819,January 2026,#REF!,"€ 4,30","€ 25,10",#REF!,"1,0%","€ 3,00","34,0%",Italy,FALSE,TRUE,FALSE,TRUE,TRUE,FALSE,FALSE,FALSE,FALSE,TRUE,TRUE,FALSE,TRUE,FALSE,Inactive
DK02IT32T7MP,,AC Chargers,Dazebox Share,Dazebox Share TK,"Dazebox Share TK trifase 32 A, 22,2 kW, cavo 7 m tipo 2 con porta connettore, display monocromatico, connettività Bluetooth, WiFi, Ethernet e compatibilità con modem 4G USB, lettore RFID, protezione magnetotermica differenziale integrata, bobina di sgancio integrata, misuratore MID",,,,,,8054320763826,January 2026,#REF!,"€ 4,30","€ 25,10",#REF!,"1,0%","€ 3,00","35,0%",Italy,FALSE,TRUE,FALSE,TRUE,FALSE,TRUE,FALSE,FALSE,FALSE,TRUE,TRUE,FALSE,TRUE,FALSE,Inactive
DK04IT32M7CP,,AC Chargers,Dazebox Share,Dazebox Share TK,"Dazebox Share TK single-phase 32 A, 7.4 kW, 7 m Type 2 cable with connector holder, monochrome display, ISO 15118-20 V2G ready, Bluetooth, WiFi, Ethernet connectivity and USB 4G modem compatibility, RFID reader, integrated thermal-magnetic residual current protection, integrated shunt trip coil, white cover","Dazebox Share TK monofase 32 A, 7,4 kW, cavo 7 m tipo 2 con porta connettore, display monocromatico, ISO 15118-20 V2G ready, connettività Bluetooth, WiFi, Ethernet e compatibilità con modem 4G USB, lettore RFID, protezione magnetotermica differenziale integrata, bobina di sgancio integrata, cover bianca","Dazebox Share TK monofásica 32 A, 7,4 kW, cable tipo 2 de 7 m con soporte de conector, display monocromático, ISO 15118-20 V2G ready, conectividad Bluetooth, WiFi, Ethernet y compatibilidad con módem 4G USB, lector RFID, protección magnetotérmica diferencial integrada,  carcasa blanca","Dazebox Share TK einphasig 32 A, 7,4 kW, 7 m Typ-2-Kabel mit Steckerhalter, monochromes Display, ISO 15118-20 V2G ready, Bluetooth-, WiFi- und Ethernet-Konnektivität sowie USB-4G-Modem-Kompatibilität, RFID-Leser, integrierter FI/LS-Schutz, integrierte Auslösespule, weiße Abdeckung","Dazebox Share TK monophasé 32 A, 7,4 kW, câble type 2 de 7 m avec porte-connecteur, écran monochrome, ISO 15118-20 V2G ready, connectivité Bluetooth, WiFi, Ethernet et compatibilité modem 4G USB, lecteur RFID, protection magnétothermique différentielle intégrée, bobine de déclenchement intégrée, cover blanche","Dazebox Share TK monofásica 32 A, 7,4 kW, cabo tipo 2 de 7 m com suporte de conector, display monocromático, ISO 15118-20 V2G ready, conectividade Bluetooth, WiFi, Ethernet e compatibilidade com modem 4G USB, leitor RFID, proteção magnetotérmica diferencial integrada,  cover branca",8054320762737,March 2026,"€ 260,21","€ 4,30","€ 25,10","€ 289,61","1,0%","€ 3,00","30,0%",Italy,TRUE,FALSE,FALSE,TRUE,FALSE,TRUE,FALSE,FALSE,FALSE,TRUE,TRUE,FALSE,FALSE,FALSE,Active
DK04IT32T7CP,,AC Chargers,Dazebox Share,Dazebox Share TK,"Dazebox Share TK three-phase 32 A, 22.2 kW, 7 m Type 2 cable with connector holder, monochrome display, ISO 15118-20 V2G ready, Bluetooth, WiFi, Ethernet connectivity and USB 4G modem compatibility, RFID reader, integrated thermal-magnetic residual current protection, integrated shunt trip coil, white cover","Dazebox Share TK trifase 32 A, 22,2 kW, cavo 7 m tipo 2 con porta connettore, display monocromatico, ISO 15118-20 V2G ready, connettività Bluetooth, WiFi, Ethernet e compatibilità con modem 4G USB, lettore RFID, protezione magnetotermica differenziale integrata, bobina di sgancio integrata, cover bianca","Dazebox Share TK trifásica 32 A, 22,2 kW, cable tipo 2 de 7 m con soporte de conector, display monocromático, ISO 15118-20 V2G ready, conectividad Bluetooth, WiFi, Ethernet y compatibilidad con módem 4G USB, lector RFID, protección magnetotérmica diferencial integrada,  carcasa blanca","Dazebox Share TK dreiphasig 32 A, 22,2 kW, 7 m Typ-2-Kabel mit Steckerhalter, monochromes Display, ISO 15118-20 V2G ready, Bluetooth-, WiFi- und Ethernet-Konnektivität sowie USB-4G-Modem-Kompatibilität, RFID-Leser, integrierter FI/LS-Schutz, integrierte Auslösespule, weiße Abdeckung","Dazebox Share TK triphasé 32 A, 22,2 kW, câble type 2 de 7 m avec porte-connecteur, écran monochrome, ISO 15118-20 V2G ready, connectivité Bluetooth, WiFi, Ethernet et compatibilité modem 4G USB, lecteur RFID, protection magnétothermique différentielle intégrée, bobine de déclenchement intégrée, cover blanche","Dazebox Share TK trifásica 32 A, 22,2 kW, cabo tipo 2 de 7 m com suporte de conector, display monocromático, ISO 15118-20 V2G ready, conectividade Bluetooth, WiFi, Ethernet e compatibilidade com modem 4G USB, leitor RFID, proteção magnetotérmica diferencial integrada,  cover branca",8054320763802,March 2026,"€ 303,03","€ 4,30","€ 25,10","€ 332,43","1,0%","€ 3,00","30,0%",Italy,FALSE,TRUE,FALSE,TRUE,FALSE,TRUE,FALSE,FALSE,FALSE,TRUE,TRUE,FALSE,FALSE,FALSE,Active
DK04IT32M7MP,,AC Chargers,Dazebox Share,Dazebox Share TK,"Dazebox Share TK single-phase 32 A, 7.4 kW, 7 m Type 2 cable with connector holder, monochrome display, ISO 15118-20 V2G ready, Bluetooth, WiFi, Ethernet connectivity and USB 4G modem compatibility, RFID reader, integrated thermal-magnetic residual current protection, integrated shunt trip coil, MID meter, white cover","Dazebox Share TK monofase 32 A, 7,4 kW, cavo 7 m tipo 2 con porta connettore, display monocromatico, ISO 15118-20 V2G ready, connettività Bluetooth, WiFi, Ethernet e compatibilità con modem 4G USB, lettore RFID, protezione magnetotermica differenziale integrata, bobina di sgancio integrata, misuratore MID, cover bianca","Dazebox Share TK monofásica 32 A, 7,4 kW, cable tipo 2 de 7 m con soporte de conector, display monocromático, ISO 15118-20 V2G ready, conectividad Bluetooth, WiFi, Ethernet y compatibilidad con módem 4G USB, lector RFID, protección magnetotérmica diferencial integrada,  medidor MID, carcasa blanca","Dazebox Share TK einphasig 32 A, 7,4 kW, 7 m Typ-2-Kabel mit Steckerhalter, monochromes Display, ISO 15118-20 V2G ready, Bluetooth-, WiFi- und Ethernet-Konnektivität sowie USB-4G-Modem-Kompatibilität, RFID-Leser, integrierter FI/LS-Schutz, integrierte Auslösespule, MID-Zähler, weiße Abdeckung","Dazebox Share TK monophasé 32 A, 7,4 kW, câble type 2 de 7 m avec porte-connecteur, écran monochrome, ISO 15118-20 V2G ready, connectivité Bluetooth, WiFi, Ethernet et compatibilité modem 4G USB, lecteur RFID, protection magnétothermique différentielle intégrée, bobine de déclenchement intégrée, compteur MID, cover blanche","Dazebox Share TK monofásica 32 A, 7,4 kW, cabo tipo 2 de 7 m com suporte de conector, display monocromático, ISO 15118-20 V2G ready, conectividade Bluetooth, WiFi, Ethernet e compatibilidade com modem 4G USB, leitor RFID, proteção magnetotérmica diferencial integrada,  medidor MID, cover branca",8054320762775,March 2026,"€ 298,79","€ 4,30","€ 25,10","€ 328,19","1,0%","€ 3,00","30,0%",Italy,TRUE,FALSE,FALSE,TRUE,FALSE,TRUE,FALSE,FALSE,FALSE,TRUE,TRUE,FALSE,TRUE,FALSE,Active
DK04IT32T7MP,,AC Chargers,Dazebox Share,Dazebox Share TK,"Dazebox Share TK three-phase 32 A, 22.2 kW, 7 m Type 2 cable with connector holder, monochrome display, ISO 15118-20 V2G ready, Bluetooth, WiFi, Ethernet connectivity and USB 4G modem compatibility, RFID reader, integrated thermal-magnetic residual current protection, integrated shunt trip coil, MID meter, white cover","Dazebox Share TK trifase 32 A, 22,2 kW, cavo 7 m tipo 2 con porta connettore, display monocromatico, ISO 15118-20 V2G ready, connettività Bluetooth, WiFi, Ethernet e compatibilità con modem 4G USB, lettore RFID, protezione magnetotermica differenziale integrata, bobina di sgancio integrata, misuratore MID, cover bianca","Dazebox Share TK trifásica 32 A, 22,2 kW, cable tipo 2 de 7 m con soporte de conector, display monocromático, ISO 15118-20 V2G ready, conectividad Bluetooth, WiFi, Ethernet y compatibilidad con módem 4G USB, lector RFID, protección magnetotérmica diferencial integrada,  medidor MID, carcasa blanca","Dazebox Share TK dreiphasig 32 A, 22,2 kW, 7 m Typ-2-Kabel mit Steckerhalter, monochromes Display, ISO 15118-20 V2G ready, Bluetooth-, WiFi- und Ethernet-Konnektivität sowie USB-4G-Modem-Kompatibilität, RFID-Leser, integrierter FI/LS-Schutz, integrierte Auslösespule, MID-Zähler, weiße Abdeckung","Dazebox Share TK triphasé 32 A, 22,2 kW, câble type 2 de 7 m avec porte-connecteur, écran monochrome, ISO 15118-20 V2G ready, connectivité Bluetooth, WiFi, Ethernet et compatibilité modem 4G USB, lecteur RFID, protection magnétothermique différentielle intégrée, bobine de déclenchement intégrée, compteur MID, cover blanche","Dazebox Share TK trifásica 32 A, 22,2 kW, cabo tipo 2 de 7 m com suporte de conector, display monocromático, ISO 15118-20 V2G ready, conectividade Bluetooth, WiFi, Ethernet e compatibilidade com modem 4G USB, leitor RFID, proteção magnetotérmica diferencial integrada,  medidor MID, cover branca",8054320763826,March 2026,"€ 351,93","€ 4,30","€ 25,10","€ 381,33","1,0%","€ 3,00","30,0%",Italy,FALSE,TRUE,FALSE,TRUE,FALSE,TRUE,FALSE,FALSE,FALSE,TRUE,TRUE,FALSE,TRUE,FALSE,Active
DK02IT32MCP5S,,AC Chargers,Dazebox Share,Dazebox Share TK,"Dazebox Share TK monofase 32 A, 7,4 kW, cavo 5 m spiralato tipo 2 con porta connettore, display monocromatico, connettività Bluetooth, WiFi, Ethernet e compatibilità con modem 4G USB, lettore RFID, protezione magnetotermica differenziale integrata, bobina di sgancio integrata",,,,,,8054320764625,January 2026,#REF!,"€ 4,30","€ 25,10",#REF!,"1,0%","€ 3,00","34,0%",Italy,FALSE,FALSE,FALSE,FALSE,FALSE,FALSE,FALSE,FALSE,FALSE,FALSE,FALSE,FALSE,FALSE,FALSE,Inactive
DK02IT32TCP5S,,AC Chargers,Dazebox Share,Dazebox Share TK,"Dazebox Share TK trifase 32 A, 22,2 kW, cavo 5 m spiralato tipo 2 con porta connettore, display monocromatico, connettività Bluetooth, WiFi, Ethernet e compatibilità con modem 4G USB, lettore RFID, protezione magnetotermica differenziale integrata, bobina di sgancio integrata",,,,,,8054320764632,January 2026,#REF!,"€ 4,30","€ 25,10",#REF!,"1,0%","€ 3,00","33,2%",Italy,FALSE,FALSE,FALSE,FALSE,FALSE,FALSE,FALSE,FALSE,FALSE,FALSE,FALSE,FALSE,FALSE,FALSE,Inactive
DK02IT32MMP5S,,AC Chargers,Dazebox Share,Dazebox Share TK,"Dazebox Share TK monofase 32 A, 7,4 kW, cavo 5 m spiralato tipo 2 con porta connettore, display monocromatico, connettività Bluetooth, WiFi, Ethernet e compatibilità con modem 4G USB, lettore RFID, protezione magnetotermica differenziale integrata, bobina di sgancio integrata, misuratore MID",,,,,,8054320764649,January 2026,#REF!,"€ 4,30","€ 25,10",#REF!,"1,0%","€ 3,00","33,8%",Italy,FALSE,FALSE,FALSE,FALSE,FALSE,FALSE,FALSE,FALSE,FALSE,FALSE,FALSE,FALSE,FALSE,FALSE,Inactive
DK02IT32TMP5S,,AC Chargers,Dazebox Share,Dazebox Share TK,"Dazebox Share TK trifase 32 A, 22,2 kW, cavo 5 m spiralato tipo 2 con porta connettore, display monocromatico, connettività Bluetooth, WiFi, Ethernet e compatibilità con modem 4G USB, lettore RFID, protezione magnetotermica differenziale integrata, bobina di sgancio integrata, misuratore MID",,,,,,8054320764656,January 2026,#REF!,"€ 4,30","€ 25,10",#REF!,"1,0%","€ 3,00","32,8%",Italy,FALSE,FALSE,FALSE,FALSE,FALSE,FALSE,FALSE,FALSE,FALSE,FALSE,FALSE,FALSE,FALSE,FALSE,Inactive
DS02IT32MCP,,AC Chargers,Dazebox Share,Dazebox Share SK,"Dazebox Share SK monofase 32 A, 7,4 kW, presa tipo 2, display monocromatico, connettività Bluetooth, WiFi, Ethernet e compatibilità con modem 4G USB, lettore RFID, protezione magnetotermica differenziale integrata, bobina di sgancio integrata",,,,,,8054320762812,January 2026,#REF!,"€ 4,30","€ 25,10",#REF!,"1,0%","€ 3,00","36,0%",Italy,TRUE,FALSE,FALSE,TRUE,FALSE,FALSE,TRUE,FALSE,FALSE,TRUE,TRUE,FALSE,FALSE,FALSE,Inactive
DS02IT32TCP,,AC Chargers,Dazebox Share,Dazebox Share SK,"Dazebox Share SK trifase 32 A, 22,2 kW, presa tipo 2, display monocromatico, connettività Bluetooth, WiFi, Ethernet e compatibilità con modem 4G USB, lettore RFID, protezione magnetotermica differenziale integrata, bobina di sgancio integrata",,,,,,8054320762829,January 2026,#REF!,"€ 4,30","€ 25,10",#REF!,"1,0%","€ 3,00","36,0%",Italy,FALSE,TRUE,FALSE,TRUE,FALSE,FALSE,TRUE,FALSE,FALSE,TRUE,TRUE,FALSE,FALSE,FALSE,Inactive
DS02IT32MMP,,AC Chargers,Dazebox Share,Dazebox Share SK,"Dazebox Share SK monofase 32 A, 7,4 kW, presa tipo 2, display monocromatico, connettività Bluetooth, WiFi, Ethernet e compatibilità con modem 4G USB, lettore RFID, protezione magnetotermica differenziale integrata, bobina di sgancio integrata, Misuratore MID",,,,,,8054320762836,January 2026,#REF!,"€ 4,30","€ 25,10",#REF!,"1,0%","€ 3,00","36,0%",Italy,TRUE,FALSE,FALSE,TRUE,FALSE,FALSE,TRUE,FALSE,FALSE,TRUE,TRUE,FALSE,TRUE,FALSE,Inactive
DS02IT32TMP,,AC Chargers,Dazebox Share,Dazebox Share SK,"Dazebox Share SK trifase 32 A, 22,2 kW, presa tipo 2, display monocromatico, connettività Bluetooth, WiFi, Ethernet e compatibilità con modem 4G USB, lettore RFID, protezione magnetotermica differenziale integrata, bobina di sgancio integrata, misuratore MID",,,,,,8054320763833,January 2026,#REF!,"€ 4,30","€ 25,10",#REF!,"1,0%","€ 3,00","35,5%",Italy,FALSE,TRUE,FALSE,TRUE,FALSE,FALSE,TRUE,FALSE,FALSE,TRUE,TRUE,FALSE,TRUE,FALSE,Inactive
DK04IT32MCP5S,,AC Chargers,Dazebox Share,Dazebox Share TK,"Dazebox Share TK single-phase 32 A, 7.4 kW, 5 m coiled Type 2 cable with connector holder, monochrome display, ISO 15118-20 V2G ready, Bluetooth, WiFi, Ethernet connectivity and USB 4G modem compatibility, RFID reader, integrated thermal-magnetic residual current protection, integrated shunt trip coil, white cover.","Dazebox Share TK monofase 32 A, 7,4 kW, cavo 5 m spiralato tipo 2 con porta connettore, display monocromatico, ISO 15118-20 V2G ready, connettività Bluetooth, WiFi, Ethernet e compatibilità con modem 4G USB, lettore RFID, protezione magnetotermica differenziale integrata, bobina di sgancio integrata, cover bianca","Dazebox Share TK monofásica 32 A, 7,4 kW, cable espiral 5 m tipo 2 con soporte para conector con soporte para conector, pantalla monocromática, ISO 15118-20 V2G ready, conectividad Bluetooth, WiFi, Ethernet y compatibilidad con módem USB 4G, lector RFID, protección magnetotérmica diferencial integrada, carcasa blanca","Dazebox Share TK einphasig 32 A, 7,4 kW, spiralförmiges Typ-2-Kabel 5 m mit Steckhalter, monochromes Display, ISO 15118-20 V2G ready, Bluetooth-, WiFi- und Ethernet-Konnektivität sowie Kompatibilität mit USB-4G-Modem, RFID-Leser, integrierter RCBO-Schutz, integrierte Auslösespule, weiße cover","Dazebox Share TK monophasé 32 A, 7,4 kW, câble spiralé type 2 de 5 m avec support de connecteur, écran monochrome, ISO 15118-20 V2G ready, connectivité Bluetooth, WiFi, Ethernet et compatibilité avec modem USB 4G, lecteur RFID, protection magnétothermique différentielle intégrée, cover blanche","Dazebox Share TK monofásico 32 A, 7,4 kW, cabo espiralado de 5 m tipo 2 com suporte para conector, display monocromático, ISO 15118-20 V2G ready, conectividade Bluetooth, WiFi, Ethernet e compatibilidade com modem USB 4G, leitor RFID, proteção magnetotérmica diferencial integrada, cover branca",,February 2019,"€ 265,03","€ 4,30","€ 25,10","€ 294,43","1,0%","€ 3,00","32,0%",Italy,FALSE,FALSE,FALSE,FALSE,FALSE,FALSE,FALSE,FALSE,FALSE,FALSE,FALSE,FALSE,FALSE,FALSE,Active
DK04IT32TCP5S,,AC Chargers,Dazebox Share,Dazebox Share TK,"Dazebox Share TK three-phase 32 A, 22.2 kW, 5 m coiled Type 2 cable with connector holder, monochrome display, ISO 15118-20 V2G ready, Bluetooth, WiFi, Ethernet connectivity and USB 4G modem compatibility, RFID reader, integrated thermal-magnetic residual current protection, integrated shunt trip coil, white cover.","Dazebox Share TK trifase 32 A, 22,2 kW, cavo 5 m spiralato tipo 2 con porta connettore, display monocromatico, ISO 15118-20 V2G ready, connettività Bluetooth, WiFi, Ethernet e compatibilità con modem 4G USB, lettore RFID, protezione magnetotermica differenziale integrata, bobina di sgancio integrata, cover bianca","Dazebox Share TK trifásica 32 A, 22,2 kW, cable espiral 5 m tipo 2 con soporte para conector, pantalla monocromática, ISO 15118-20 V2G ready, conectividad Bluetooth, WiFi, Ethernet y compatibilidad con módem USB 4G, lector RFID, protección magnetotérmica diferencial integrada, carcasa blanca","Dazebox Share TK dreiphasig 32 A, 22,2 kW, spiralförmiges Typ-2-Kabel 5 m mit Steckhalter, monochromes Display, ISO 15118-20 V2G ready, Bluetooth-, WiFi- und Ethernet-Konnektivität sowie Kompatibilität mit USB-4G-Modem, RFID-Leser, integrierter RCBO-Schutz, integrierte Auslösespule, weiße cover","Dazebox Share TK triphasé 32 A, 22,2 kW, câble spiralé type 2 de 5 m avec support de connecteur, écran monochrome, ISO 15118-20 V2G ready, connectivité Bluetooth, WiFi, Ethernet et compatibilité avec modem USB 4G, lecteur RFID, protection magnétothermique différentielle intégrée, cover blanche","Dazebox Share TK trifásico 32 A, 22,2 kW, cabo espiralado de 5 m tipo 2 com suporte para conector, display monocromático, ISO 15118-20 V2G ready, conectividade Bluetooth, WiFi, Ethernet e compatibilidade com modem USB 4G, leitor RFID, proteção magnetotérmica diferencial integrada, cover branca",,March 2026,"€ 290,75","€ 4,30","€ 25,10","€ 320,15","1,0%","€ 3,00","32,0%",Italy,FALSE,FALSE,FALSE,FALSE,FALSE,FALSE,FALSE,FALSE,FALSE,FALSE,FALSE,FALSE,FALSE,FALSE,Active
DK04IT32MMP5S,,AC Chargers,Dazebox Share,Dazebox Share TK,"Dazebox Share TK single-phase 32 A, 7.4 kW, 5 m coiled Type 2 cable with connector holder, monochrome display, ISO 15118-20 V2G ready, Bluetooth, WiFi, Ethernet connectivity and USB 4G modem compatibility, RFID reader, integrated thermal-magnetic residual current protection, integrated shunt trip coil, MID meter, white cover.","Dazebox Share TK monofase 32 A, 7,4 kW, cavo 5 m spiralato tipo 2 con porta connettore, display monocromatico, ISO 15118-20 V2G ready, connettività Bluetooth, WiFi, Ethernet e compatibilità con modem 4G USB, lettore RFID, protezione magnetotermica differenziale integrata, bobina di sgancio integrata, misuratore MID, cover bianca","Dazebox Share TK monofásica 32 A, 7,4 kW, cable espiral 5 m tipo 2 con soporte para conector con soporte para conector, pantalla monocromática, ISO 15118-20 V2G ready, conectividad Bluetooth, WiFi, Ethernet y compatibilidad con módem USB 4G, lector RFID, protección magnetotérmica diferencial integrada, contador MID, carcasa blanca","Dazebox Share TK einphasig 32 A, 7,4 kW, spiralförmiges Typ-2-Kabel 5 m mit Steckhalter, monochromes Display, ISO 15118-20 V2G ready, Bluetooth-, WiFi- und Ethernet-Konnektivität sowie Kompatibilität mit USB-4G-Modem, RFID-Leser, integrierter RCBO-Schutz, integrierte Auslösespule, MID-Zähler, weiße cover","Dazebox Share TK monophasé 32 A, 7,4 kW, câble spiralé type 2 de 5 m avec support de connecteur, écran monochrome, ISO 15118-20 V2G ready, connectivité Bluetooth, WiFi, Ethernet et compatibilité avec modem USB 4G, lecteur RFID, protection magnétothermique différentielle intégrée, compteur MID, cover blanche","Dazebox Share TK monofásico 32 A, 7,4 kW, cabo espiralado de 5 m tipo 2 com suporte para conector, display monocromático, ISO 15118-20 V2G ready, conectividade Bluetooth, WiFi, Ethernet e compatibilidade com modem USB 4G, leitor RFID, proteção magnetotérmica diferencial integrada, contador MID, cover branca",,March 2026,"€ 308,83","€ 4,30","€ 25,10","€ 338,23","1,0%","€ 3,00","32,0%",Italy,FALSE,FALSE,FALSE,FALSE,FALSE,FALSE,FALSE,FALSE,FALSE,FALSE,FALSE,FALSE,FALSE,FALSE,Active
DK04IT32TMP5S,,AC Chargers,Dazebox Share,Dazebox Share TK,"Dazebox Share TK three-phase 32 A, 22.2 kW, 5 m coiled Type 2 cable with connector holder, monochrome display, ISO 15118-20 V2G ready, Bluetooth, WiFi, Ethernet connectivity and USB 4G modem compatibility, RFID reader, integrated thermal-magnetic residual current protection, integrated shunt trip coil, MID meter, white cover.","Dazebox Share TK trifase 32 A, 22,2 kW, cavo 5 m spiralato tipo 2 con porta connettore, display monocromatico, ISO 15118-20 V2G ready, connettività Bluetooth, WiFi, Ethernet e compatibilità con modem 4G USB, lettore RFID, protezione magnetotermica differenziale integrata, bobina di sgancio integrata, misuratore MID, cover bianca","Dazebox Share TK trifásica 32 A, 22,2 kW, cable espiral 5 m tipo 2 con soporte para conector, pantalla monocromática, ISO 15118-20 V2G ready, conectividad Bluetooth, WiFi, Ethernet y compatibilidad con módem USB 4G, lector RFID, protección magnetotérmica diferencial integrada, contador MID, carcasa blanca","Dazebox Share TK dreiphasig 32 A, 22,2 kW, spiralförmiges Typ-2-Kabel 5 m mit Steckhalter, monochromes Display, ISO 15118-20 V2G ready, Bluetooth-, WiFi- und Ethernet-Konnektivität sowie Kompatibilität mit USB-4G-Modem, RFID-Leser, integrierter RCBO-Schutz, integrierte Auslösespule, MID-Zähler, weiße cover","Dazebox Share TK triphasé 32 A, 22,2 kW, câble spiralé type 2 de 5 m avec support de connecteur, écran monochrome, ISO 15118-20 V2G ready, connectivité Bluetooth, WiFi, Ethernet et compatibilité avec modem USB 4G, lecteur RFID, protection magnétothermique différentielle intégrée, compteur MID, cover blanche","Dazebox Share TK trifásico 32 A, 22,2 kW, cabo espiralado de 5 m tipo 2 com suporte para conector, display monocromático, ISO 15118-20 V2G ready, conectividade Bluetooth, WiFi, Ethernet e compatibilidade com modem USB 4G, leitor RFID, proteção magnetotérmica diferencial integrada, contador MID, cover branca",,March 2026,"€ 352,87","€ 4,30","€ 25,10","€ 382,27","1,0%","€ 3,00","32,0%",Italy,FALSE,FALSE,FALSE,FALSE,FALSE,FALSE,FALSE,FALSE,FALSE,FALSE,FALSE,FALSE,FALSE,FALSE,Active
DS04IT32MCP,,AC Chargers,Dazebox Share,Dazebox Share SK,"Dazebox Share SK single-phase 32 A, 7.4 kW, Type 2 socket, monochrome display, ISO 15118-20 V2G ready, Bluetooth, WiFi, Ethernet connectivity and USB 4G modem compatibility, RFID reader, integrated thermal-magnetic residual current protection, integrated shunt trip coil, white cover.","Dazebox Share SK monofase 32 A, 7,4 kW, presa tipo 2, display monocromatico, ISO 15118-20 V2G ready, connettività Bluetooth, WiFi, Ethernet e compatibilità con modem 4G USB, lettore RFID, protezione magnetotermica differenziale integrata, bobina di sgancio integrata, cover bianca","Dazebox Share SK monofásica 32 A, 7,4 kW, toma tipo 2, pantalla monocromática, ISO 15118-20 V2G ready, conectividad Bluetooth, WiFi, Ethernet y compatibilidad con módem USB 4G, lector RFID, protección magnetotérmica diferencial integrada, carcasa blanca","Dazebox Share SK einphasig 32 A, 7,4 kW, Typ-2-Steckdose, monochromes Display, ISO 15118-20 V2G ready, Bluetooth-, WiFi- und Ethernet-Konnektivität sowie Kompatibilität mit USB-4G-Modem, RFID-Leser, integrierter RCBO-Schutz, integrierte Auslösespule, weiße cover","Dazebox Share SK monophasé 32 A, 7,4 kW, prise type 2, écran monochrome, ISO 15118-20 V2G ready, connectivité Bluetooth, WiFi, Ethernet et compatibilité avec modem USB 4G, lecteur RFID, protection magnétothermique différentielle intégrée, cover blanche","Dazebox Share SK monofásico 32 A, 7,4 kW, tomada tipo 2, display monocromático, ISO 15118-20 V2G ready, conectividade Bluetooth, WiFi, Ethernet e compatibilidade com modem USB 4G, leitor RFID, proteção magnetotérmica diferencial integrada, cover branca",,March 2026,"€ 246,38","€ 4,30","€ 25,10","€ 275,78","1,0%","€ 3,00","34,0%",Italy,FALSE,FALSE,FALSE,FALSE,FALSE,FALSE,FALSE,FALSE,FALSE,FALSE,FALSE,FALSE,FALSE,FALSE,Active
DS04IT32TCP,,AC Chargers,Dazebox Share,Dazebox Share SK,"Dazebox Share SK three-phase 32 A, 22.2 kW, Type 2 socket, monochrome display, ISO 15118-20 V2G ready, Bluetooth, WiFi, Ethernet connectivity and USB 4G modem compatibility, RFID reader, integrated thermal-magnetic residual current protection, integrated shunt trip coil, white cover.","Dazebox Share SK trifase 32 A, 22,2 kW, presa tipo 2, display monocromatico, ISO 15118-20 V2G ready, connettività Bluetooth, WiFi, Ethernet e compatibilità con modem 4G USB, lettore RFID, protezione magnetotermica differenziale integrata, bobina di sgancio integrata, cover bianca","Dazebox Share SK trifásica 32 A, 22,2 kW, toma tipo 2, pantalla monocromática, ISO 15118-20 V2G ready, conectividad Bluetooth, WiFi, Ethernet y compatibilidad con módem USB 4G, lector RFID, protección magnetotérmica diferencial integrada, carcasa blanca","Dazebox Share SK dreiphasig 32 A, 22,2 kW, Typ-2-Steckdose, monochromes Display, ISO 15118-20 V2G ready, Bluetooth-, WiFi- und Ethernet-Konnektivität sowie Kompatibilität mit USB-4G-Modem, RFID-Leser, integrierter RCBO-Schutz, integrierte Auslösespule, weiße cover","Dazebox Share SK triphasé 32 A, 22,2 kW, prise type 2, écran monochrome, ISO 15118-20 V2G ready, connectivité Bluetooth, WiFi, Ethernet et compatibilité avec modem USB 4G, lecteur RFID, protection magnétothermique différentielle intégrée, cover blanche","Dazebox Share SK trifásico 32 A, 22,2 kW, tomada tipo 2, display monocromático, ISO 15118-20 V2G ready, conectividade Bluetooth, WiFi, Ethernet e compatibilidade com modem USB 4G, leitor RFID, proteção magnetotérmica diferencial integrada, cover branca",,March 2026,"€ 253,76","€ 4,30","€ 25,10","€ 283,16","1,0%","€ 3,00","34,0%",Italy,FALSE,FALSE,FALSE,FALSE,FALSE,FALSE,FALSE,FALSE,FALSE,FALSE,FALSE,FALSE,FALSE,FALSE,Active
DS04IT32MMP,,AC Chargers,Dazebox Share,Dazebox Share SK,"Dazebox Share SK single-phase 32 A, 7.4 kW, Type 2 socket, monochrome display, ISO 15118-20 V2G ready, Bluetooth, WiFi, Ethernet connectivity and USB 4G modem compatibility, RFID reader, integrated thermal-magnetic residual current protection, integrated shunt trip coil, MID meter, white cover.","Dazebox Share SK monofase 32 A, 7,4 kW, presa tipo 2, display monocromatico, ISO 15118-20 V2G ready, connettività Bluetooth, WiFi, Ethernet e compatibilità con modem 4G USB, lettore RFID, protezione magnetotermica differenziale integrata, bobina di sgancio integrata, Misuratore MID, cover bianca","Dazebox Share SK monofásica 32 A, 7,4 kW, toma tipo 2, pantalla monocromática, ISO 15118-20 V2G ready, conectividad Bluetooth, WiFi, Ethernet y compatibilidad con módem USB 4G, lector RFID, protección magnetotérmica diferencial integrada, contador MID, carcasa blanca","Dazebox Share SK einphasig 32 A, 7,4 kW, Typ-2-Steckdose, monochromes Display, ISO 15118-20 V2G ready, Bluetooth-, WiFi- und Ethernet-Konnektivität sowie Kompatibilität mit USB-4G-Modem, RFID-Leser, integrierter RCBO-Schutz, integrierte Auslösespule, MID-Zähler, weiße cover","Dazebox Share SK monophasé 32 A, 7,4 kW, prise type 2, écran monochrome, ISO 15118-20 V2G ready, connectivité Bluetooth, WiFi, Ethernet et compatibilité avec modem USB 4G, lecteur RFID, protection magnétothermique différentielle intégrée, compteur MID, cover blanche","Dazebox Share SK monofásico 32 A, 7,4 kW, tomada tipo 2, display monocromático, ISO 15118-20 V2G ready, conectividade Bluetooth, WiFi, Ethernet e compatibilidade com modem USB 4G, leitor RFID, proteção magnetotérmica diferencial integrada, contador MID, cover branca",,March 2026,"€ 290,17","€ 4,30","€ 25,10","€ 319,58","1,0%","€ 3,00","34,0%",Italy,FALSE,FALSE,FALSE,FALSE,FALSE,FALSE,FALSE,FALSE,FALSE,FALSE,FALSE,FALSE,FALSE,FALSE,Active
DS04IT32TMP,,AC Chargers,Dazebox Share,Dazebox Share SK,"Dazebox Share SK three-phase 32 A, 22.2 kW, Type 2 socket, monochrome display, ISO 15118-20 V2G ready, Bluetooth, WiFi, Ethernet connectivity and USB 4G modem compatibility, RFID reader, integrated thermal-magnetic residual current protection, integrated shunt trip coil, MID meter, white cover.","Dazebox Share SK trifase 32 A, 22,2 kW, presa tipo 2, display monocromatico, ISO 15118-20 V2G ready, connettività Bluetooth, WiFi, Ethernet e compatibilità con modem 4G USB, lettore RFID, protezione magnetotermica differenziale integrata, bobina di sgancio integrata, misuratore MID, cover bianca","Dazebox Share SK trifásica 32 A, 22,2 kW, toma tipo 2, pantalla monocromática, ISO 15118-20 V2G ready, conectividad Bluetooth, WiFi, Ethernet y compatibilidad con módem USB 4G, lector RFID, protección magnetotérmica diferencial integrada, contador MID, carcasa blanca","Dazebox Share SK dreiphasig 32 A, 22,2 kW, Typ-2-Steckdose, monochromes Display, ISO 15118-20 V2G ready, Bluetooth-, WiFi- und Ethernet-Konnektivität sowie Kompatibilität mit USB-4G-Modem, RFID-Leser, integrierter RCBO-Schutz, integrierte Auslösespule, MID-Zähler, weiße cover","Dazebox Share SK triphasé 32 A, 22,2 kW, prise type 2, écran monochrome, ISO 15118-20 V2G ready, connectivité Bluetooth, WiFi, Ethernet et compatibilité avec modem USB 4G, lecteur RFID, protection magnétothermique différentielle intégrée, compteur MID, cover blanche","Dazebox Share SK trifásico 32 A, 22,2 kW, tomada tipo 2, display monocromático, ISO 15118-20 V2G ready, conectividade Bluetooth, WiFi, Ethernet e compatibilidade com modem USB 4G, leitor RFID, proteção magnetotérmica diferencial integrada, contador MID, cover branca",,March 2026,"€ 315,88","€ 4,30","€ 25,10","€ 345,28","1,0%","€ 3,00","34,0%",Italy,FALSE,FALSE,FALSE,FALSE,FALSE,FALSE,FALSE,FALSE,FALSE,FALSE,FALSE,FALSE,FALSE,FALSE,Active
DT05IT32M5C,,AC Chargers,Dazebox Pro,Dazebox Pro T,"Dazebox Pro T single-phase 32 A, 7.4 kW, 5 m Type 2 cable, 4.3'' colour LCD display, ISO 15118-20 V2G ready, Bluetooth, WiFi, Ethernet connectivity and USB 4G modem compatibility, RFID reader, integrated shunt trip coil, white cover.","Dazebox Pro T monofase 32 A, 7,4 kW, cavo 5 m tipo 2, display LCD 4,3'' a colori, ISO 15118-20 V2G ready, connettività Bluetooth, WiFi, Ethernet e compatibilità con modem 4G USB, lettore RFID, bobina di sgancio integrata, cover bianca","Dazebox Pro T monofásica 32 A, 7,4 kW, cable de 5 m tipo 2, pantalla LCD a color de 4,3'', ISO 15118-20 V2G ready, conectividad Bluetooth, WiFi, Ethernet y compatibilidad con módem USB 4G, lector RFID, carcasa blanca","Dazebox Pro T einphasig 32 A, 7,4 kW, Typ-2-Kabel 5 m, 4,3'' Farb-LCD-Display, ISO 15118-20 V2G ready, Bluetooth-, WiFi- und Ethernet-Konnektivität sowie Kompatibilität mit USB-4G-Modem, RFID-Leser, integrierte Auslösespule, weiße cover","Dazebox Pro T monophasé 32 A, 7,4 kW, câble type 2 de 5 m, écran LCD couleur 4,3'', ISO 15118-20 V2G ready, connectivité Bluetooth, WiFi, Ethernet et compatibilité avec modem USB 4G, lecteur RFID, cover blanche","Dazebox Pro T monofásico 32 A, 7,4 kW, cabo de 5 m tipo 2, display LCD colorido de 4,3'', ISO 15118-20 V2G ready, conectividade Bluetooth, WiFi, Ethernet e compatibilidade com modem USB 4G, leitor RFID, cover branca",,May 2026,"€ 289,63","€ 3,42","€ 13,10","€ 306,15","1,0%","€ 3,00","37,0%",Italy,FALSE,FALSE,FALSE,FALSE,FALSE,FALSE,FALSE,FALSE,FALSE,FALSE,FALSE,FALSE,FALSE,FALSE,Active
DT05IT32M7C,,AC Chargers,Dazebox Pro,Dazebox Pro T,"Dazebox Pro T single-phase 32 A, 7.4 kW, 7 m Type 2 cable, 4.3'' colour LCD display, ISO 15118-20 V2G ready, Bluetooth, WiFi, Ethernet connectivity and USB 4G modem compatibility, RFID reader, integrated shunt trip coil, white cover.","Dazebox Pro T monofase 32 A, 7,4 kW, cavo 7 m tipo 2, display LCD 4,3'' a colori, ISO 15118-20 V2G ready, connettività Bluetooth, WiFi, Ethernet e compatibilità con modem 4G USB, lettore RFID, bobina di sgancio integrata, cover bianca","Dazebox Pro T monofásica 32 A, 7,4 kW, cable de 7 m tipo 2, pantalla LCD a color de 4,3'', ISO 15118-20 V2G ready, conectividad Bluetooth, WiFi, Ethernet y compatibilidad con módem USB 4G, lector RFID, carcasa blanca","Dazebox Pro T einphasig 32 A, 7,4 kW, Typ-2-Kabel 7 m, 4,3'' Farb-LCD-Display, ISO 15118-20 V2G ready, Bluetooth-, WiFi- und Ethernet-Konnektivität sowie Kompatibilität mit USB-4G-Modem, RFID-Leser, integrierte Auslösespule, weiße cover","Dazebox Pro T monophasé 32 A, 7,4 kW, câble type 2 de 7 m, écran LCD couleur 4,3'', ISO 15118-20 V2G ready, connectivité Bluetooth, WiFi, Ethernet et compatibilité avec modem USB 4G, lecteur RFID, cover blanche","Dazebox Pro T monofásico 32 A, 7,4 kW, cabo de 7 m tipo 2, display LCD colorido de 4,3'', ISO 15118-20 V2G ready, conectividade Bluetooth, WiFi, Ethernet e compatibilidade com modem USB 4G, leitor RFID, cover branca",,May 2026,"€ 303,04","€ 3,42","€ 13,10","€ 319,56","1,0%","€ 3,00","37,0%",Italy,FALSE,FALSE,FALSE,FALSE,FALSE,FALSE,FALSE,FALSE,FALSE,FALSE,FALSE,FALSE,FALSE,FALSE,Active
DT05IT32T5C,,AC Chargers,Dazebox Pro,Dazebox Pro T,"Dazebox Pro T three-phase 32 A, 22.2 kW, 5 m Type 2 cable, 4.3'' colour LCD display, ISO 15118-20 V2G ready, Bluetooth, WiFi, Ethernet connectivity and USB 4G modem compatibility, RFID reader, integrated shunt trip coil, white cover.","Dazebox Pro T trifase 32 A, 22,2 kW, cavo 5 m tipo 2, display LCD 4,3'' a colori, ISO 15118-20 V2G ready, connettività Bluetooth, WiFi, Ethernet e compatibilità con modem 4G USB, lettore RFID, bobina di sgancio integrata, cover bianca","Dazebox Pro T trifásica 32 A, 22,2 kW, cable de 5 m tipo 2, pantalla LCD a color de 4,3'', ISO 15118-20 V2G ready, conectividad Bluetooth, WiFi, Ethernet y compatibilidad con módem USB 4G, lector RFID, carcasa blanca","Dazebox Pro T dreiphasig 32 A, 22,2 kW, Typ-2-Kabel 5 m, 4,3'' Farb-LCD-Display, ISO 15118-20 V2G ready, Bluetooth-, WiFi- und Ethernet-Konnektivität sowie Kompatibilität mit USB-4G-Modem, RFID-Leser, integrierte Auslösespule, weiße cover","Dazebox Pro T triphasé 32 A, 22,2 kW, câble type 2 de 5 m, écran LCD couleur 4,3'', ISO 15118-20 V2G ready, connectivité Bluetooth, WiFi, Ethernet et compatibilité avec modem USB 4G, lecteur RFID, cover blanche","Dazebox Pro T trifásico 32 A, 22,2 kW, cabo de 5 m tipo 2, display LCD colorido de 4,3'', ISO 15118-20 V2G ready, conectividade Bluetooth, WiFi, Ethernet e compatibilidade com modem USB 4G, leitor RFID, cover branca",,May 2026,"€ 315,81","€ 3,42","€ 13,10","€ 332,33","1,0%","€ 3,00","37,0%",Italy,FALSE,FALSE,FALSE,FALSE,FALSE,FALSE,FALSE,FALSE,FALSE,FALSE,FALSE,FALSE,FALSE,FALSE,Active
DT05IT32T7C,,AC Chargers,Dazebox Pro,Dazebox Pro T,"Dazebox Pro T three-phase 32 A, 22.2 kW, 7 m Type 2 cable, 4.3'' colour LCD display, ISO 15118-20 V2G ready, Bluetooth, WiFi, Ethernet connectivity and USB 4G modem compatibility, RFID reader, integrated shunt trip coil, white cover.","Dazebox Pro T trifase 32 A, 22,2 kW, cavo 7 m tipo 2, display LCD 4,3'' a colori, ISO 15118-20 V2G ready, connettività Bluetooth, WiFi, Ethernet e compatibilità con modem 4G USB, lettore RFID, bobina di sgancio integrata, cover bianca","Dazebox Pro T trifásica 32 A, 22,2 kW, cable de 7 m tipo 2, pantalla LCD a color de 4,3'', ISO 15118-20 V2G ready, conectividad Bluetooth, WiFi, Ethernet y compatibilidad con módem USB 4G, lector RFID, carcasa blanca","Dazebox Pro T dreiphasig 32 A, 22,2 kW, Typ-2-Kabel 7 m, 4,3'' Farb-LCD-Display, ISO 15118-20 V2G ready, Bluetooth-, WiFi- und Ethernet-Konnektivität sowie Kompatibilität mit USB-4G-Modem, RFID-Leser, integrierte Auslösespule, weiße cover","Dazebox Pro T triphasé 32 A, 22,2 kW, câble type 2 de 7 m, écran LCD couleur 4,3'', ISO 15118-20 V2G ready, connectivité Bluetooth, WiFi, Ethernet et compatibilité avec modem USB 4G, lecteur RFID, cover blanche","Dazebox Pro T trifásico 32 A, 22,2 kW, cabo de 7 m tipo 2, display LCD colorido de 4,3'', ISO 15118-20 V2G ready, conectividade Bluetooth, WiFi, Ethernet e compatibilidade com modem USB 4G, leitor RFID, cover branca",,May 2026,"€ 332,62","€ 3,42","€ 13,10","€ 349,14","1,0%","€ 3,00","37,0%",Italy,FALSE,FALSE,FALSE,FALSE,FALSE,FALSE,FALSE,FALSE,FALSE,FALSE,FALSE,FALSE,FALSE,FALSE,Active
DS05IT32MC,,AC Chargers,Dazebox Pro,Dazebox Pro S,"Dazebox Pro S single-phase 32 A, 7.4 kW, Type 2 socket, 4.3'' colour LCD display, ISO 15118-20 V2G ready, Bluetooth, WiFi, Ethernet connectivity and USB 4G modem compatibility, RFID reader, integrated shunt trip coil, white cover.","Dazebox Pro S monofase 32 A, 7,4 kW, presa tipo 2, display LCD 4,3'' a colori, ISO 15118-20 V2G ready, connettività Bluetooth, WiFi, Ethernet e compatibilità con modem 4G USB, lettore RFID, bobina di sgancio integrata, cover bianca","Dazebox Pro S monofásica 32 A, 7,4 kW, toma tipo 2, pantalla LCD a color de 4,3'', ISO 15118-20 V2G ready, conectividad Bluetooth, WiFi, Ethernet y compatibilidad con módem USB 4G, lector RFID, carcasa blanca","Dazebox Pro S einphasig 32 A, 7,4 kW, Typ-2-Steckdose, 4,3'' Farb-LCD-Display, ISO 15118-20 V2G ready, Bluetooth-, WiFi- und Ethernet-Konnektivität sowie Kompatibilität mit USB-4G-Modem, RFID-Leser, integrierte Auslösespule, weiße cover","Dazebox Pro S monophasé 32 A, 7,4 kW, prise type 2, écran LCD couleur 4,3'', ISO 15118-20 V2G ready, connectivité Bluetooth, WiFi, Ethernet et compatibilité avec modem USB 4G, lecteur RFID, cover blanche","Dazebox Pro S monofásico 32 A, 7,4 kW, tomada tipo 2, display LCD colorido de 4,3'', ISO 15118-20 V2G ready, conectividade Bluetooth, WiFi, Ethernet e compatibilidade com modem USB 4G, leitor RFID, cover branca",,May 2026,"€ 298,76","€ 4,30","€ 13,10","€ 316,16","1,0%","€ 3,00","37,0%",Italy,FALSE,FALSE,FALSE,FALSE,FALSE,FALSE,FALSE,FALSE,FALSE,FALSE,FALSE,FALSE,FALSE,FALSE,Active
DS05IT32TC,,AC Chargers,Dazebox Pro,Dazebox Pro S,"Dazebox Pro S three-phase 32 A, 22.2 kW, Type 2 socket, 4.3'' colour LCD display, ISO 15118-20 V2G ready, Bluetooth, WiFi, Ethernet connectivity and USB 4G modem compatibility, RFID reader, integrated shunt trip coil, white cover.","Dazebox Pro S trifase 32 A, 22,2 kW, presa tipo 2, display LCD 4,3'' a colori, ISO 15118-20 V2G ready, connettività Bluetooth, WiFi, Ethernet e compatibilità con modem 4G USB, lettore RFID, bobina di sgancio integrata, cover bianca","Dazebox Pro S trifásica 32 A, 22,2 kW, toma tipo 2, pantalla LCD a color de 4,3'', ISO 15118-20 V2G ready, conectividad Bluetooth, WiFi, Ethernet y compatibilidad con módem USB 4G, lector RFID, carcasa blanca","Dazebox Pro S dreiphasig 32 A, 22,2 kW, Typ-2-Steckdose, 4,3'' Farb-LCD-Display, ISO 15118-20 V2G ready, Bluetooth-, WiFi- und Ethernet-Konnektivität sowie Kompatibilität mit USB-4G-Modem, RFID-Leser, integrierte Auslösespule, weiße cover","Dazebox Pro S triphasé 32 A, 22,2 kW, prise type 2, écran LCD couleur 4,3'', ISO 15118-20 V2G ready, connectivité Bluetooth, WiFi, Ethernet et compatibilité avec modem USB 4G, lecteur RFID, cover blanche","Dazebox Pro S trifásico 32 A, 22,2 kW, tomada tipo 2, display LCD colorido de 4,3'', ISO 15118-20 V2G ready, conectividade Bluetooth, WiFi, Ethernet e compatibilidade com modem USB 4G, leitor RFID, cover branca",,May 2026,"€ 314,26","€ 4,30","€ 13,10","€ 331,66","1,0%","€ 3,00","37,0%",Italy,FALSE,FALSE,FALSE,FALSE,FALSE,FALSE,FALSE,FALSE,FALSE,FALSE,FALSE,FALSE,FALSE,FALSE,Active
DS05IT32MM,,AC Chargers,Dazebox Pro,Dazebox Pro S,"Dazebox Pro S single-phase 32 A, 7.4 kW, Type 2 socket, 4.3'' colour LCD display, ISO 15118-20 V2G ready, Bluetooth, WiFi, Ethernet connectivity and USB 4G modem compatibility, RFID reader, integrated shunt trip coil, MID meter, white cover.","Dazebox Pro S monofase 32 A, 7,4 kW, presa tipo 2, display LCD 4,3'' a colori, ISO 15118-20 V2G ready, connettività Bluetooth, WiFi, Ethernet e compatibilità con modem 4G USB, lettore RFID, bobina di sgancio integrata, Misuratore MID, cover bianca","Dazebox Pro S monofásica 32 A, 7,4 kW, toma tipo 2, pantalla LCD a color de 4,3'', ISO 15118-20 V2G ready, conectividad Bluetooth, WiFi, Ethernet y compatibilidad con módem USB 4G, lector RFID, contador MID, carcasa blanca","Dazebox Pro S einphasig 32 A, 7,4 kW, Typ-2-Steckdose, 4,3'' Farb-LCD-Display, ISO 15118-20 V2G ready, Bluetooth-, WiFi- und Ethernet-Konnektivität sowie Kompatibilität mit USB-4G-Modem, RFID-Leser, integrierte Auslösespule, MID-Zähler, weiße cover","Dazebox Pro S monophasé 32 A, 7,4 kW, prise type 2, écran LCD couleur 4,3'', ISO 15118-20 V2G ready, connectivité Bluetooth, WiFi, Ethernet et compatibilité avec modem USB 4G, lecteur RFID, compteur MID, cover blanche","Dazebox Pro S monofásico 32 A, 7,4 kW, tomada tipo 2, display LCD colorido de 4,3'', ISO 15118-20 V2G ready, conectividade Bluetooth, WiFi, Ethernet e compatibilidade com modem USB 4G, leitor RFID, contador MID, cover branca",,May 2026,"€ 329,50","€ 4,30","€ 13,10","€ 346,90","1,0%","€ 3,00","37,0%",Italy,FALSE,FALSE,FALSE,FALSE,FALSE,FALSE,FALSE,FALSE,FALSE,FALSE,FALSE,FALSE,FALSE,FALSE,Active
DS05IT32TM,,AC Chargers,Dazebox Pro,Dazebox Pro S,"Dazebox Pro S three-phase 32 A, 22.2 kW, Type 2 socket, 4.3'' colour LCD display, ISO 15118-20 V2G ready, Bluetooth, WiFi, Ethernet connectivity and USB 4G modem compatibility, RFID reader, integrated shunt trip coil, MID meter, white cover.","Dazebox Pro S trifase 32 A, 22,2 kW, presa tipo 2, display LCD 4,3'' a colori, ISO 15118-20 V2G ready, connettività Bluetooth, WiFi, Ethernet e compatibilità con modem 4G USB, lettore RFID, bobina di sgancio integrata, Misuratore MID, cover bianca, cover bianca","Dazebox Pro S trifásica 32 A, 22,2 kW, toma tipo 2, pantalla LCD a color de 4,3'', ISO 15118-20 V2G ready, conectividad Bluetooth, WiFi, Ethernet y compatibilidad con módem USB 4G, lector RFID, contador MID, carcasa blanca","Dazebox Pro S dreiphasig 32 A, 22,2 kW, Typ-2-Steckdose, 4,3'' Farb-LCD-Display, ISO 15118-20 V2G ready, Bluetooth-, WiFi- und Ethernet-Konnektivität sowie Kompatibilität mit USB-4G-Modem, RFID-Leser, integrierte Auslösespule, MID-Zähler, weiße cover","Dazebox Pro S triphasé 32 A, 22,2 kW, prise type 2, écran LCD couleur 4,3'', ISO 15118-20 V2G ready, connectivité Bluetooth, WiFi, Ethernet et compatibilité avec modem USB 4G, lecteur RFID, compteur MID, cover blanche","Dazebox Pro S trifásico 32 A, 22,2 kW, tomada tipo 2, display LCD colorido de 4,3'', ISO 15118-20 V2G ready, conectividade Bluetooth, WiFi, Ethernet e compatibilidade com modem USB 4G, leitor RFID, contador MID, cover branca",,May 2026,"€ 364,88","€ 4,30","€ 13,10","€ 382,28","1,0%","€ 3,00","37,0%",Italy,FALSE,FALSE,FALSE,FALSE,FALSE,FALSE,FALSE,FALSE,FALSE,FALSE,FALSE,FALSE,FALSE,FALSE,Active
DS05IT32TMP,,AC Chargers,Dazebox Pro,Dazebox SK Pro,"Dazebox Pro S trifase 32 A, 22,2 kW, presa tipo 2, display LCD 4,3'' a colori, ISO 15118-20 V2G ready, connettività Bluetooth, WiFi, Ethernet e compatibilità con modem 4G USB, lettore RFID, protezione magnetotermica differenziale integrata, bobina di sgancio integrata, Misuratore MID, cover bianca, cover bianca",,,,,,,,"€ 370,88","€ 4,30","€ 25,10","€ 400,28","1,0%","€ 3,00","34,0%",Italy,FALSE,FALSE,FALSE,FALSE,FALSE,FALSE,FALSE,FALSE,FALSE,FALSE,FALSE,FALSE,FALSE,FALSE,Inactive
DS05FR32TMP,,AC Chargers,Dazebox Pro,Dazebox SK Pro,"Dazebox Pro S trifase 32 A, 22,2 kW, presa tipo 2 con shutter, display LCD 4,3'' a colori, ISO 15118-20 V2G ready, connettività Bluetooth, WiFi, Ethernet e compatibilità con modem 4G USB, lettore RFID, protezione magnetotermica differenziale integrata, bobina di sgancio integrata, Misuratore MID, cover bianca, cover bianca",,,,,,,,"€ 390,40","€ 4,30","€ 25,10","€ 419,80","1,0%","€ 3,00","34,0%",France,FALSE,FALSE,FALSE,FALSE,FALSE,FALSE,FALSE,FALSE,FALSE,FALSE,FALSE,FALSE,FALSE,FALSE,Inactive
DK05IT32T5MP,,AC Chargers,Dazebox Pro,Dazebox TK Pro,"Dazebox Share TK trifase 32 A, 22,2 kW, cavo 5 m spiralato tipo 2 con porta connettore, display LCD 4,3'' a colori, ISO 15118-20 V2G ready, connettività Bluetooth, WiFi, Ethernet e compatibilità con modem 4G USB, lettore RFID, protezione magnetotermica differenziale integrata, bobina di sgancio integrata, misuratore MID, cover bianca",,,,,,,,"€ 399,68","€ 4,30","€ 25,10","€ 429,08","1,0%","€ 3,00","34,0%",Italy,FALSE,FALSE,FALSE,FALSE,FALSE,FALSE,FALSE,FALSE,FALSE,FALSE,FALSE,FALSE,FALSE,FALSE,Inactive
DT02ES32M5C,,AC Chargers,Dazebox Share,Dazebox Share T,"Dazebox Share T monofásico 32 A, 7,4 kW, cable de 5 m tipo 2, display monocromatico, conectividad Bluetooth, WiFi, Ethernet y compatibilidad con módem USB 4G, lector RFID, rearme automático del contador integrado.",,,,,,8054320763055,October 2024,#REF!,"€ 3,42","€ 17,10",#REF!,"1,0%","€ 3,00","34,0%",Spain,TRUE,FALSE,FALSE,TRUE,TRUE,FALSE,FALSE,FALSE,FALSE,TRUE,FALSE,FALSE,FALSE,FALSE,Inactive
DT02ES32M7C,,AC Chargers,Dazebox Share,Dazebox Share T,"Dazebox Share T monofásico 32 A, 7,4 kW, cable de 7 m tipo 2, display monocromatico, conectividad Bluetooth, WiFi, Ethernet y compatibilidad con módem USB 4G, lector RFID, rearme automático del contador integrado.",,,,,,8054320763086,October 2024,#REF!,"€ 3,42","€ 17,10",#REF!,"1,0%","€ 3,00","34,0%",Spain,TRUE,FALSE,FALSE,TRUE,FALSE,TRUE,FALSE,FALSE,FALSE,TRUE,FALSE,FALSE,FALSE,FALSE,Inactive
DT02ES32T5C,,AC Chargers,Dazebox Share,Dazebox Share T,"Dazebox Share T trifásico 32 A, 22,2 kW, cable de 5 m tipo 2, display monocromatico, conectividad Bluetooth, WiFi, Ethernet y compatibilidad con módem USB 4G, lector RFID, rearme automático del contador integrado.",,,,,,8054320762539,October 2024,#REF!,"€ 3,42","€ 17,10",#REF!,"1,0%","€ 3,00","34,0%",Spain,FALSE,TRUE,FALSE,TRUE,TRUE,FALSE,FALSE,FALSE,FALSE,TRUE,FALSE,FALSE,FALSE,FALSE,Inactive
DT02ES32T7C,,AC Chargers,Dazebox Share,Dazebox Share T,"Dazebox Share T trifásico 32 A, 22,2 kW, cable de 7 m tipo 2, display monocromatico, conectividad Bluetooth, WiFi, Ethernet y compatibilidad con módem USB 4G, lector RFID, rearme automático del contador integrado.",,,,,,8054320763093,October 2024,#REF!,"€ 3,42","€ 17,10",#REF!,"1,0%","€ 3,00","34,0%",Spain,FALSE,TRUE,FALSE,TRUE,FALSE,TRUE,FALSE,FALSE,FALSE,TRUE,FALSE,FALSE,FALSE,FALSE,Inactive
DS02ES32MC,,AC Chargers,Dazebox Share,Dazebox Share S,"Dazebox Share S monofásico 32 A, 7,4 kW, toma tipo 2, display monocromatico, conectividad Bluetooth, WiFi, Ethernet y compatibilidad con módem USB 4G, lector RFID, rearme automático del contador integrado",,,,,,8054320763109,October 2024,#REF!,"€ 4,30","€ 17,10",#REF!,"1,0%","€ 3,00","34,0%",Spain,TRUE,FALSE,FALSE,TRUE,FALSE,FALSE,TRUE,FALSE,FALSE,TRUE,FALSE,FALSE,FALSE,FALSE,Inactive
DS02ES32TC,,AC Chargers,Dazebox Share,Dazebox Share S,"Dazebox Share S trifásico 32 A, 22,2 kW, toma tipo 2, display monocromatico, conectividad Bluetooth, WiFi, Ethernet y compatibilidad con módem USB 4G, lector RFID, rearme automático del contador integrado",,,,,,8054320763116,October 2024,#REF!,"€ 4,30","€ 17,10",#REF!,"1,0%","€ 3,00","34,0%",Spain,FALSE,TRUE,FALSE,TRUE,FALSE,FALSE,TRUE,FALSE,FALSE,TRUE,FALSE,FALSE,FALSE,FALSE,Inactive
DS02ES32MM,,AC Chargers,Dazebox Share,Dazebox Share S,"Dazebox Share S monofásico 32 A, 7,4 kW, toma tipo 2, display monocromatico, conectividad Bluetooth, WiFi, Ethernet y compatibilidad con módem USB 4G, lector RFID, rearme automático del contador integrado, medidor MID",,,,,,8054320763123,October 2024,#REF!,"€ 4,30","€ 17,10",#REF!,"1,0%","€ 3,00","34,0%",Spain,TRUE,FALSE,FALSE,TRUE,FALSE,FALSE,TRUE,FALSE,FALSE,TRUE,FALSE,FALSE,TRUE,FALSE,Inactive
DS02ES32TM,,AC Chargers,Dazebox Share,Dazebox Share S,"Dazebox Share S trifásico 32 A, 22,2 kW, toma tipo 2, display monocromatico, conectividad Bluetooth, WiFi, Ethernet y compatibilidad con módem USB 4G, lector RFID, rearme automático del contador integrado, medidor MID",,,,,,8054320763130,October 2024,#REF!,"€ 4,30","€ 17,10",#REF!,"1,0%","€ 3,00","34,0%",Spain,FALSE,TRUE,FALSE,TRUE,FALSE,FALSE,TRUE,FALSE,FALSE,TRUE,FALSE,FALSE,TRUE,FALSE,Inactive
DT04ES32M5C,,AC Chargers,Dazebox Share,Dazebox Share T,"Dazebox Share T monofásico 32 A, 7,4 kW, cable de 5 m tipo 2, display monocromatico, ISO 15118-20 V2G ready, conectividad Bluetooth, WiFi, Ethernet y compatibilidad con módem USB 4G, lector RFID, rearme automático del contador integrado, carcasa blanca",,,,,,,January 2026,#REF!,"€ 3,42","€ 17,10",#REF!,"1,0%","€ 3,00","37,0%",Spain,FALSE,FALSE,FALSE,FALSE,FALSE,FALSE,FALSE,FALSE,FALSE,FALSE,FALSE,FALSE,FALSE,FALSE,Inactive
DT04ES32M7C,,AC Chargers,Dazebox Share,Dazebox Share T,"Dazebox Share T monofásico 32 A, 7,4 kW, cable de 7 m tipo 2, display monocromatico, ISO 15118-20 V2G ready, conectividad Bluetooth, WiFi, Ethernet y compatibilidad con módem USB 4G, lector RFID, rearme automático del contador integrado, carcasa blanca",,,,,,,January 2026,#REF!,"€ 3,42","€ 17,10",#REF!,"1,0%","€ 3,00","37,0%",Spain,FALSE,FALSE,FALSE,FALSE,FALSE,FALSE,FALSE,FALSE,FALSE,FALSE,FALSE,FALSE,FALSE,FALSE,Inactive
DT04ES32T5C,,AC Chargers,Dazebox Share,Dazebox Share T,"Dazebox Share T trifásico 32 A, 22,2 kW, cable de 5 m tipo 2, display monocromatico, ISO 15118-20 V2G ready, conectividad Bluetooth, WiFi, Ethernet y compatibilidad con módem USB 4G, lector RFID, rearme automático del contador integrado, carcasa blanca",,,,,,,January 2026,#REF!,"€ 3,42","€ 17,10",#REF!,"1,0%","€ 3,00","35,0%",Spain,FALSE,FALSE,FALSE,FALSE,FALSE,FALSE,FALSE,FALSE,FALSE,FALSE,FALSE,FALSE,FALSE,FALSE,Inactive
DT04ES32T7C,,AC Chargers,Dazebox Share,Dazebox Share T,"Dazebox Share T trifásico 32 A, 22,2 kW, cable de 7 m tipo 2, display monocromatico, ISO 15118-20 V2G ready, conectividad Bluetooth, WiFi, Ethernet y compatibilidad con módem USB 4G, lector RFID, rearme automático del contador integrado, carcasa blanca",,,,,,,January 2026,#REF!,"€ 3,42","€ 17,10",#REF!,"1,0%","€ 3,00","35,0%",Spain,FALSE,FALSE,FALSE,FALSE,FALSE,FALSE,FALSE,FALSE,FALSE,FALSE,FALSE,FALSE,FALSE,FALSE,Inactive
DS04ES32MC,,AC Chargers,Dazebox Share,Dazebox Share S,"Dazebox Share S monofásico 32 A, 7,4 kW, toma tipo 2, display monocromatico, ISO 15118-20 V2G ready, conectividad Bluetooth, WiFi, Ethernet y compatibilidad con módem USB 4G, lector RFID, rearme automático del contador integrado, carcasa blanca",,,,,,,January 2026,#REF!,"€ 4,30","€ 17,10",#REF!,"1,0%","€ 3,00","35,0%",Spain,FALSE,FALSE,FALSE,FALSE,FALSE,FALSE,FALSE,FALSE,FALSE,FALSE,FALSE,FALSE,FALSE,FALSE,Inactive
DS04ES32TC,,AC Chargers,Dazebox Share,Dazebox Share S,"Dazebox Share S trifásico 32 A, 22,2 kW, toma tipo 2, display monocromatico, ISO 15118-20 V2G ready, conectividad Bluetooth, WiFi, Ethernet y compatibilidad con módem USB 4G, lector RFID, rearme automático del contador integrado, carcasa blanca",,,,,,,January 2026,#REF!,"€ 4,30","€ 17,10",#REF!,"1,0%","€ 3,00","33,0%",Spain,FALSE,FALSE,FALSE,FALSE,FALSE,FALSE,FALSE,FALSE,FALSE,FALSE,FALSE,FALSE,FALSE,FALSE,Inactive
DS04ES32MM,,AC Chargers,Dazebox Share,Dazebox Share S,"Dazebox Share S monofásico 32 A, 7,4 kW, toma tipo 2, display monocromatico, ISO 15118-20 V2G ready, conectividad Bluetooth, WiFi, Ethernet y compatibilidad con módem USB 4G, lector RFID, rearme automático del contador integrado, medidor MID, carcasa blanca",,,,,,,January 2026,#REF!,"€ 4,30","€ 17,10",#REF!,"1,0%","€ 3,00","35,0%",Spain,FALSE,FALSE,FALSE,FALSE,FALSE,FALSE,FALSE,FALSE,FALSE,FALSE,FALSE,FALSE,FALSE,FALSE,Inactive
DS04ES32TM,,AC Chargers,Dazebox Share,Dazebox Share S,"Dazebox Share S trifásico 32 A, 22,2 kW, toma tipo 2, display monocromatico, ISO 15118-20 V2G ready, conectividad Bluetooth, WiFi, Ethernet y compatibilidad con módem USB 4G, lector RFID, rearme automático del contador integrado, medidor MID, carcasa blanca",,,,,,,January 2026,#REF!,"€ 4,30","€ 17,10",#REF!,"1,0%","€ 3,00","33,0%",Spain,FALSE,FALSE,FALSE,FALSE,FALSE,FALSE,FALSE,FALSE,FALSE,FALSE,FALSE,FALSE,FALSE,FALSE,Inactive
DK04ES32M5CR,,AC Chargers,Dazebox Share,Dazebox Share TK,"Dazebox Share TK monofásico 32 A, 7,4 kW, cable de 5 m tipo 2 con soporte integrado, display monocromatico, ISO 15118-20 V2G ready, conectividad Bluetooth, WiFi, Ethernet y compatibilidad con módem USB 4G, lector RFID, protección magnetotérmica diferencial y de sobretensión permanente y transitoria integradas, rearme automático del contador integrado",,,,,,8054320763147,November 2024,#REF!,"€ 3,42","€ 25,10",#REF!,"1,0%","€ 3,00","34,0%",Spain,TRUE,FALSE,FALSE,TRUE,TRUE,FALSE,FALSE,FALSE,FALSE,TRUE,TRUE,TRUE,FALSE,FALSE,Inactive
DK04ES32M7CR,,AC Chargers,Dazebox Share,Dazebox Share TK,"Dazebox Share TK monofásico 32 A, 7,4 kW, cable de 7 m tipo 2 con soporte integrado, display monocromatico, ISO 15118-20 V2G ready, conectividad Bluetooth, WiFi, Ethernet y compatibilidad con módem USB 4G, lector RFID, protección magnetotérmica diferencial y de sobretensión permanente y transitoria integradas, rearme automático del contador integrado",,,,,,8054320763154,November 2024,#REF!,"€ 3,42","€ 25,10",#REF!,"1,0%","€ 3,00","34,0%",Spain,TRUE,FALSE,FALSE,TRUE,FALSE,TRUE,FALSE,FALSE,FALSE,TRUE,TRUE,TRUE,FALSE,FALSE,Inactive
DK04ES32T5CR,,AC Chargers,Dazebox Share,Dazebox Share TK,"Dazebox Share TK trifásico 32 A, 22,2 kW, cable de 5 m tipo 2 con soporte integrado, display monocromatico, ISO 15118-20 V2G ready, conectividad Bluetooth, WiFi, Ethernet y compatibilidad con módem USB 4G, lector RFID, protección magnetotérmica diferencial y de sobretensión permanente y transitoria integradas, rearme automático del contador integrado",,,,,,8054320763161,November 2024,#REF!,"€ 3,42","€ 25,10",#REF!,"1,0%","€ 3,00","34,0%",Spain,FALSE,TRUE,FALSE,TRUE,TRUE,FALSE,FALSE,FALSE,FALSE,TRUE,TRUE,TRUE,FALSE,FALSE,Inactive
DK04ES32T7CR,,AC Chargers,Dazebox Share,Dazebox Share TK,"Dazebox Share TK trifásico 32 A, 22,2 kW, cable de 7 m tipo 2 con soporte integrado, display monocromatico, ISO 15118-20 V2G ready, conectividad Bluetooth, WiFi, Ethernet y compatibilidad con módem USB 4G, lector RFID, protección magnetotérmica diferencial y de sobretensión permanente y transitoria integradas, rearme automático del contador integrado",,,,,,8054320763178,November 2024,#REF!,"€ 3,42","€ 25,10",#REF!,"1,0%","€ 3,00","34,0%",Spain,FALSE,TRUE,FALSE,TRUE,FALSE,TRUE,FALSE,FALSE,FALSE,TRUE,TRUE,TRUE,FALSE,FALSE,Inactive
DK04ES32MCR5S,,AC Chargers,Dazebox Share,Dazebox Share TK,"Dazebox Share TK monofásico 32 A, 7,4 kW, cable en espiral extensible hasta 5 m tipo 2 con soporte integrado, display monocromatico, ISO 15118-20 V2G ready, conectividad Bluetooth, WiFi, Ethernet y compatibilidad con módem USB 4G, lector RFID, protección magnetotérmica diferencial y de sobretensión permanente y transitoria integradas, rearme automático del contador integrado, carcasa blanca",,,,,,,January 2026,#REF!,"€ 4,30","€ 25,10",#REF!,"1,0%","€ 3,00","31,0%",Spain,FALSE,FALSE,FALSE,FALSE,FALSE,FALSE,FALSE,FALSE,FALSE,FALSE,FALSE,FALSE,FALSE,FALSE,Inactive
DK04ES32TCR5S,,AC Chargers,Dazebox Share,Dazebox Share TK,"Dazebox Share TK trifásico 32 A, 22,2 kW, cable en espiral extensible hasta 5 m tipo 2 con soporte integrado, display monocromatico, ISO 15118-20 V2G ready, conectividad Bluetooth, WiFi, Ethernet y compatibilidad con módem USB 4G, lector RFID, protección magnetotérmica diferencial y de sobretensión permanente y transitoria integradas, rearme automático del contador integrado, carcasa blanca",,,,,,,January 2026,#REF!,"€ 4,30","€ 25,10",#REF!,"1,0%","€ 3,00","31,0%",Spain,FALSE,FALSE,FALSE,FALSE,FALSE,FALSE,FALSE,FALSE,FALSE,FALSE,FALSE,FALSE,FALSE,FALSE,Inactive
DK04ES32M5MR,,AC Chargers,Dazebox Share,Dazebox Share TK,"DazeboxT K Share monofásico 32 A, 7,4 kW, cable de 5 m tipo 2 con soporte integrado, display monocromatico, ISO 15118-20 V2G ready, conectividad Bluetooth, WiFi, Ethernet y compatibilidad con módem USB 4G, lector RFID, protección magnetotérmica diferencial y de sobretensión permanente y transitoria integradas, rearme automático del contador integrado, medidor MID",,,,,,8054320763185,November 2024,#REF!,"€ 3,42","€ 25,10",#REF!,"1,0%","€ 3,00","34,0%",Spain,TRUE,FALSE,FALSE,TRUE,TRUE,FALSE,FALSE,FALSE,FALSE,TRUE,TRUE,TRUE,TRUE,FALSE,Inactive
DK04ES32M7MR,,AC Chargers,Dazebox Share,Dazebox Share TK,"Dazebox Share TK monofásico 32 A, 7,4 kW, cable de 7 m tipo 2 con soporte integrado, display monocromatico, ISO 15118-20 V2G ready, conectividad Bluetooth, WiFi, Ethernet y compatibilidad con módem USB 4G, lector RFID, protección magnetotérmica diferencial y de sobretensión permanente y transitoria integradas, rearme automático del contador integrado, medidor MID",,,,,,8054320763192,November 2024,#REF!,"€ 3,42","€ 25,10",#REF!,"1,0%","€ 3,00","34,0%",Spain,TRUE,FALSE,FALSE,TRUE,FALSE,TRUE,FALSE,FALSE,FALSE,TRUE,TRUE,TRUE,TRUE,FALSE,Inactive
DK04ES32MMR5S,,AC Chargers,Dazebox Share,Dazebox Share TK,"Dazebox TS Share monofásico 32 A, 7,4 kW, cable en espiral extensible hasta 5 m tipo 2 con soporte integrado, display monocromatico, ISO 15118-20 V2G ready, conectividad Bluetooth, WiFi, Ethernet y compatibilidad con módem USB 4G, lector RFID, protección magnetotérmica diferencial y de sobretensión permanente y transitoria integradas, rearme automático del contador integrado, medidor MID, carcasa blanca",,,,,,,January 2026,#REF!,"€ 4,30","€ 25,10",#REF!,"1,0%","€ 3,00","31,0%",Spain,FALSE,FALSE,FALSE,FALSE,FALSE,FALSE,FALSE,FALSE,FALSE,FALSE,FALSE,FALSE,FALSE,FALSE,Inactive
DS04ES32MCR,,AC Chargers,Dazebox Share,Dazebox Share SK,"Dazebox Share SK monofásico 32 A, 7,4 kW, toma tipo 2, display monocromatico, ISO 15118-20 V2G ready, conectividad Bluetooth, WiFi, Ethernet y compatibilidad con módem USB 4G, lector RFID, protección magnetotérmica diferencial y de sobretensión permanente y transitoria integradas, rearme automático del contador integrado, carcasa blanca",,,,,,8054320763208,January 2026,#REF!,"€ 4,30","€ 25,10",#REF!,"1,0%","€ 3,00","36,0%",Spain,TRUE,FALSE,FALSE,TRUE,FALSE,FALSE,TRUE,FALSE,FALSE,TRUE,TRUE,TRUE,FALSE,FALSE,Inactive
DS04ES32TCR,,AC Chargers,Dazebox Share,Dazebox Share SK,"Dazebox Share SK trifásico 32 A, 22,2 kW, toma tipo 2, display monocromatico, ISO 15118-20 V2G ready, conectividad Bluetooth, WiFi, Ethernet y compatibilidad con módem USB 4G, lector RFID, protección magnetotérmica diferencial y de sobretensión permanente y transitoria integradas, rearme automático del contador integrado, carcasa blanca",,,,,,8054320763215,January 2026,#REF!,"€ 4,30","€ 25,10",#REF!,"1,0%","€ 3,00","34,0%",Spain,FALSE,TRUE,FALSE,TRUE,FALSE,FALSE,TRUE,FALSE,FALSE,TRUE,TRUE,TRUE,FALSE,FALSE,Inactive
DS04ES32MMR,,AC Chargers,Dazebox Share,Dazebox Share SK,"Dazebox Share SK monofásico 32 A, 7,4 kW, toma tipo 2, display monocromatico, ISO 15118-20 V2G ready, conectividad Bluetooth, WiFi, Ethernet y compatibilidad con módem USB 4G, lector RFID, protección magnetotérmica diferencial y de sobretensión permanente y transitoria integradas, rearme automático del contador integrado, medidor MID, carcasa blanca",,,,,,8054320763222,January 2026,#REF!,"€ 4,30","€ 25,10",#REF!,"1,0%","€ 3,00","36,0%",Spain,TRUE,FALSE,FALSE,TRUE,FALSE,FALSE,TRUE,FALSE,FALSE,TRUE,TRUE,TRUE,TRUE,FALSE,Inactive
DT05ES32M5C,,AC Chargers,Dazebox Pro,Dazebox Pro T,"Dazebox Pro T monofásico 32 A, 7,4 kW, cable de 5 m tipo 2, display LCD a color de 4,3, ISO 15118-20 V2G ready, conectividad Bluetooth, WiFi, Ethernet y compatibilidad con módem USB 4G, lector RFID, rearme automático del contador integrado, carcasa blanca",,,,,,,TBD,#REF!,"€ 3,42","€ 13,10",#REF!,"1,0%","€ 3,00","38,0%",Spain,FALSE,FALSE,FALSE,FALSE,FALSE,FALSE,FALSE,FALSE,FALSE,FALSE,FALSE,FALSE,FALSE,FALSE,Inactive
DT05ES32M7C,,AC Chargers,Dazebox Pro,Dazebox Pro T,"Dazebox Pro T monofásico 32 A, 7,4 kW, cable de 7 m tipo 2, display LCD a color de 4,3, ISO 15118-20 V2G ready, conectividad Bluetooth, WiFi, Ethernet y compatibilidad con módem USB 4G, lector RFID, rearme automático del contador integrado, carcasa blanca",,,,,,,TBD,#REF!,"€ 3,42","€ 13,10",#REF!,"1,0%","€ 3,00","38,0%",Spain,FALSE,FALSE,FALSE,FALSE,FALSE,FALSE,FALSE,FALSE,FALSE,FALSE,FALSE,FALSE,FALSE,FALSE,Inactive
DT05ES32T5C,,AC Chargers,Dazebox Pro,Dazebox Pro T,"Dazebox Pro T trifásico 32 A, 22,2 kW, cable de 5 m tipo 2, display LCD a color de 4,3, ISO 15118-20 V2G ready, conectividad Bluetooth, WiFi, Ethernet y compatibilidad con módem USB 4G, lector RFID, rearme automático del contador integrado, carcasa blanca",,,,,,,TBD,#REF!,"€ 3,42","€ 13,10",#REF!,"1,0%","€ 3,00","36,0%",Spain,FALSE,FALSE,FALSE,FALSE,FALSE,FALSE,FALSE,FALSE,FALSE,FALSE,FALSE,FALSE,FALSE,FALSE,Inactive
DT05ES32T7C,,AC Chargers,Dazebox Pro,Dazebox Pro T,"Dazebox Pro T trifásico 32 A, 22,2 kW, cable de 7 m tipo 2, display LCD a color de 4,3, ISO 15118-20 V2G ready, conectividad Bluetooth, WiFi, Ethernet y compatibilidad con módem USB 4G, lector RFID, rearme automático del contador integrado, carcasa blanca",,,,,,,TBD,#REF!,"€ 3,42","€ 13,10",#REF!,"1,0%","€ 3,00","36,0%",Spain,FALSE,FALSE,FALSE,FALSE,FALSE,FALSE,FALSE,FALSE,FALSE,FALSE,FALSE,FALSE,FALSE,FALSE,Inactive
DS05ES32MC,,AC Chargers,Dazebox Pro,Dazebox Pro S,"Dazebox Pro S monofásico 32 A, 7,4 kW, toma tipo 2, display LCD a color de 4,3, ISO 15118-20 V2G ready, conectividad Bluetooth, WiFi, Ethernet y compatibilidad con módem USB 4G, lector RFID, rearme automático del contador integrado, carcasa blanca",,,,,,,TBD,#REF!,"€ 4,30","€ 13,10",#REF!,"1,0%","€ 3,00","38,0%",Spain,FALSE,FALSE,FALSE,FALSE,FALSE,FALSE,FALSE,FALSE,FALSE,FALSE,FALSE,FALSE,FALSE,FALSE,Inactive
DS05ES32TC,,AC Chargers,Dazebox Pro,Dazebox Pro S,"Dazebox Pro S trifásico 32 A, 22,2 kW, toma tipo 2, display LCD a color de 4,3, ISO 15118-20 V2G ready, conectividad Bluetooth, WiFi, Ethernet y compatibilidad con módem USB 4G, lector RFID, rearme automático del contador integrado, carcasa blanca",,,,,,,TBD,#REF!,"€ 4,30","€ 13,10",#REF!,"1,0%","€ 3,00","36,0%",Spain,FALSE,FALSE,FALSE,FALSE,FALSE,FALSE,FALSE,FALSE,FALSE,FALSE,FALSE,FALSE,FALSE,FALSE,Inactive
DS05ES32MM,,AC Chargers,Dazebox Pro,Dazebox Pro S,"Dazebox Pro S monofásico 32 A, 7,4 kW, toma tipo 2, display LCD a color de 4,3, ISO 15118-20 V2G ready, conectividad Bluetooth, WiFi, Ethernet y compatibilidad con módem USB 4G, lector RFID, rearme automático del contador integrado, medidor MID, carcasa blanca",,,,,,,TBD,#REF!,"€ 4,30","€ 13,10",#REF!,"1,0%","€ 3,00","38,0%",Spain,FALSE,FALSE,FALSE,FALSE,FALSE,FALSE,FALSE,FALSE,FALSE,FALSE,FALSE,FALSE,FALSE,FALSE,Inactive
DS05ES32TM,,AC Chargers,Dazebox Pro,Dazebox Pro S,"Dazebox Pro S trifásico 32 A, 22,2 kW, toma tipo 2, display LCD a color de 4,3, ISO 15118-20 V2G ready, conectividad Bluetooth, WiFi, Ethernet y compatibilidad con módem USB 4G, lector RFID, rearme automático del contador integrado, medidor MID, carcasa blanca",,,,,,,TBD,#REF!,"€ 4,30","€ 13,10",#REF!,"1,0%","€ 3,00","36,0%",Spain,FALSE,FALSE,FALSE,FALSE,FALSE,FALSE,FALSE,FALSE,FALSE,FALSE,FALSE,FALSE,FALSE,FALSE,Inactive
DT02FR32M5C,,AC Chargers,Dazebox Share,Dazebox Share T,"Dazebox Share T monophasé 32 A, 7,4 kW, câble de 5 m type 2 avec volet, écran monochrome, connectivité Bluetooth, WiFi, Ethernet et compatibilité avec modem 4G USB, lecteur RFID.",,,,,,8054320763550,Ottobre 2024,#REF!,"€ 3,42","€ 17,10",#REF!,"1,0%","€ 3,00","34,0%",France,TRUE,FALSE,FALSE,TRUE,TRUE,FALSE,FALSE,FALSE,FALSE,TRUE,FALSE,FALSE,FALSE,FALSE,Inactive
DT02FR32M7C,,AC Chargers,Dazebox Share,Dazebox Share T,"Dazebox Share T monophasé 32 A, 7,4 kW, câble de 7 m type 2 avec volet, écran monochrome, connectivité Bluetooth, WiFi, Ethernet et compatibilité avec modem 4G USB, lecteur RFID.",,,,,,8054320763567,Ottobre 2024,#REF!,"€ 3,42","€ 17,10",#REF!,"1,0%","€ 3,00","34,0%",France,TRUE,FALSE,FALSE,TRUE,FALSE,TRUE,FALSE,FALSE,FALSE,TRUE,FALSE,FALSE,FALSE,FALSE,Inactive
DT02FR32T5C,,AC Chargers,Dazebox Share,Dazebox Share T,"Dazebox Share T triphasé 32 A, 22,2 kW, câble de 5 m type 2 avec volet, écran monochrome, connectivité Bluetooth, WiFi, Ethernet et compatibilité avec modem 4G USB, lecteur RFID.",,,,,,8054320763574,Ottobre 2024,#REF!,"€ 3,42","€ 17,10",#REF!,"1,0%","€ 3,00","34,0%",France,FALSE,TRUE,FALSE,TRUE,TRUE,FALSE,FALSE,FALSE,FALSE,TRUE,FALSE,FALSE,FALSE,FALSE,Inactive
DT02FR32T7C,,AC Chargers,Dazebox Share,Dazebox Share T,"Dazebox Share T triphasé 32 A, 22,2 kW, câble de 7 m type 2 avec volet, écran monochrome, connectivité Bluetooth, WiFi, Ethernet et compatibilité avec modem 4G USB, lecteur RFID.",,,,,,8054320763581,Ottobre 2024,#REF!,"€ 3,42","€ 17,10",#REF!,"1,0%","€ 3,00","34,0%",France,FALSE,TRUE,FALSE,TRUE,FALSE,TRUE,FALSE,FALSE,FALSE,TRUE,FALSE,FALSE,FALSE,FALSE,Inactive
DS02FR32MC,,AC Chargers,Dazebox Share,Dazebox Share S,"Dazebox Share S monophasé 32 A, 7,4 kW, prise type 2 avec shutter, écran monochrome, connectivité Bluetooth, WiFi, Ethernet et compatibilité avec modem 4G USB, lecteur RFID",,,,,,8054320763598,Ottobre 2024,#REF!,"€ 4,30","€ 17,10",#REF!,"1,0%","€ 3,00","34,0%",France,TRUE,FALSE,FALSE,TRUE,FALSE,FALSE,TRUE,FALSE,FALSE,TRUE,FALSE,FALSE,FALSE,FALSE,Inactive
DS02FR32MM,,AC Chargers,Dazebox Share,Dazebox Share S,"Dazebox Share S monophasé 32 A, 7,4 kW, prise type 2 avec shutter, écran monochrome, connectivité Bluetooth, WiFi, Ethernet et compatibilité avec modem 4G USB, lecteur RFID, compteur MID",,,,,,8054320763604,Ottobre 2024,#REF!,"€ 4,30","€ 17,10",#REF!,"1,0%","€ 3,00","34,0%",France,TRUE,FALSE,FALSE,TRUE,FALSE,FALSE,TRUE,FALSE,FALSE,TRUE,FALSE,FALSE,FALSE,FALSE,Inactive
DS02FR32TC,,AC Chargers,Dazebox Share,Dazebox Share S,"Dazebox Share S triphasé 32 A, 22,2 kW, prise type 2 avec shutter, écran monochrome, connectivité Bluetooth, WiFi, Ethernet et compatibilité avec modem 4G USB, lecteur RFID",,,,,,8054320763611,Ottobre 2024,#REF!,"€ 4,30","€ 17,10",#REF!,"1,0%","€ 3,00","34,0%",France,FALSE,TRUE,FALSE,TRUE,FALSE,FALSE,TRUE,FALSE,FALSE,TRUE,FALSE,FALSE,TRUE,FALSE,Inactive
DS02FR32TM,,AC Chargers,Dazebox Share,Dazebox Share S,"Dazebox Share S triphasé 32 A, 22,2 kW, prise type 2 avec shutter, écran monochrome, connectivité Bluetooth, WiFi, Ethernet et compatibilité avec modem 4G USB, lecteur RFID, compteur MID",,,,,,8054320763628,Ottobre 2024,#REF!,"€ 4,30","€ 17,10",#REF!,"1,0%","€ 3,00","34,0%",France,FALSE,TRUE,FALSE,TRUE,FALSE,FALSE,TRUE,FALSE,FALSE,TRUE,FALSE,FALSE,TRUE,FALSE,Inactive
DT04FR32M5C,,AC Chargers,Dazebox Share,Dazebox Share T,"Dazebox Share T single-phase 32 A, 7.4 kW, 5 m Type 2 cable with shutter, monochrome display, ISO 15118-20 V2G ready, Bluetooth, WiFi, Ethernet connectivity and USB 4G modem compatibility, RFID reader, white cover.","Dazebox Share T monofase 32 A, 7,4 kW, cavo tipo 2 da 5 m con shutter, display monocromatico, ISO 15118-20 V2G ready, connettività Bluetooth, WiFi ed Ethernet e compatibilità con modem USB 4G, lettore RFID, cover bianca",,,"Dazebox Share T monophasé 32 A, 7,4 kW, câble de 5 m type 2 avec volet, écran monochrome, ISO 15118-20 V2G ready, connectivité Bluetooth, WiFi, Ethernet et compatibilité avec modem 4G USB, lecteur RFID, couverture blanche",,,January 2026,"€ 252,23","€ 3,42","€ 17,10","€ 272,75","1,0%","€ 3,00","36,0%",France,FALSE,FALSE,FALSE,FALSE,FALSE,FALSE,FALSE,FALSE,FALSE,FALSE,FALSE,FALSE,FALSE,FALSE,Active
DT04FR32M7C,,AC Chargers,Dazebox Share,Dazebox Share T,"Dazebox Share T single-phase 32 A, 7.4 kW, 7 m Type 2 cable with shutter, monochrome display, ISO 15118-20 V2G ready, Bluetooth, WiFi, Ethernet connectivity and USB 4G modem compatibility, RFID reader, white cover.","Dazebox Share T monofase 32 A, 7,4 kW, cavo tipo 2 da 7 m con shutter, display monocromatico, ISO 15118-20 V2G ready, connettività Bluetooth, WiFi ed Ethernet e compatibilità con modem USB 4G, lettore RFID, cover bianca",,,"Dazebox Share T monophasé 32 A, 7,4 kW, câble de 7 m type 2 avec volet, écran monochrome, ISO 15118-20 V2G ready, connectivité Bluetooth, WiFi, Ethernet et compatibilité avec modem 4G USB, lecteur RFID, couverture blanche",,,January 2026,"€ 270,23","€ 3,42","€ 17,10","€ 290,75","1,0%","€ 3,00","36,0%",France,FALSE,FALSE,FALSE,FALSE,FALSE,FALSE,FALSE,FALSE,FALSE,FALSE,FALSE,FALSE,FALSE,FALSE,Active
DT04FR32T5C,,AC Chargers,Dazebox Share,Dazebox Share T,"Dazebox Share T three-phase 32 A, 22.2 kW, 5 m Type 2 cable with shutter, monochrome display, ISO 15118-20 V2G ready, Bluetooth, WiFi, Ethernet connectivity and USB 4G modem compatibility, RFID reader, white cover.","Dazebox Share T trifase 32 A, 22,2 kW, cavo tipo 2 da 5 m con shutter, display monocromatico, ISO 15118-20 V2G ready, connettività Bluetooth, WiFi ed Ethernet e compatibilità con modem USB 4G, lettore RFID, cover bianca",,,"Dazebox Share T triphasé 32 A, 22,2 kW, câble de 5 m type 2 avec volet, écran monochrome, ISO 15118-20 V2G ready, connectivité Bluetooth, WiFi, Ethernet et compatibilité avec modem 4G USB, lecteur RFID, couverture blanche",,,January 2026,"€ 291,32","€ 3,42","€ 17,10","€ 311,84","1,0%","€ 3,00","36,0%",France,FALSE,FALSE,FALSE,FALSE,FALSE,FALSE,FALSE,FALSE,FALSE,FALSE,FALSE,FALSE,FALSE,FALSE,Active
DT04FR32T7C,,AC Chargers,Dazebox Share,Dazebox Share T,"Dazebox Share T three-phase 32 A, 22.2 kW, 7 m Type 2 cable with shutter, monochrome display, ISO 15118-20 V2G ready, Bluetooth, WiFi, Ethernet connectivity and USB 4G modem compatibility, RFID reader, white cover.","Dazebox Share T trifase 32 A, 22,2 kW, cavo tipo 2 da 7 m con shutter, display monocromatico, ISO 15118-20 V2G ready, connettività Bluetooth, WiFi ed Ethernet e compatibilità con modem USB 4G, lettore RFID, cover bianca",,,"Dazebox Share T triphasé 32 A, 22,2 kW, câble de 7 m type 2 avec volet, écran monochrome, ISO 15118-20 V2G ready, connectivité Bluetooth, WiFi, Ethernet et compatibilité avec modem 4G USB, lecteur RFID, couverture blanche",,,January 2026,"€ 313,72","€ 3,42","€ 17,10","€ 334,24","1,0%","€ 3,00","36,0%",France,FALSE,FALSE,FALSE,FALSE,FALSE,FALSE,FALSE,FALSE,FALSE,FALSE,FALSE,FALSE,FALSE,FALSE,Active
DS04FR32MC,,AC Chargers,Dazebox Share,Dazebox Share S,"Dazebox Share S single-phase 32 A, 7.4 kW, Type 2 socket with shutter, monochrome display, ISO 15118-20 V2G ready, Bluetooth, WiFi, Ethernet connectivity and USB 4G modem compatibility, RFID reader, white cover.","Dazebox Share S monofase 32 A, 7,4 kW, presa tipo 2 con shutter, display monocromatico, ISO 15118-20 V2G ready, connettività Bluetooth, WiFi ed Ethernet e compatibilità con modem USB 4G, lettore RFID, cover bianca",,,"Dazebox Share S monophasé 32 A, 7,4 kW, prise type 2 avec shutter, écran monochrome, ISO 15118-20 V2G ready, connectivité Bluetooth, WiFi, Ethernet et compatibilité avec modem 4G USB, lecteur RFID, couverture blanche",,,January 2026,"€ 246,53","€ 3,42","€ 17,10","€ 267,05","1,0%","€ 3,00","36,0%",France,FALSE,FALSE,FALSE,FALSE,FALSE,FALSE,FALSE,FALSE,FALSE,FALSE,FALSE,FALSE,FALSE,FALSE,Active
DS04FR32TC,,AC Chargers,Dazebox Share,Dazebox Share S,"Dazebox Share S three-phase 32 A, 22.2 kW, Type 2 socket with shutter, monochrome display, ISO 15118-20 V2G ready, Bluetooth, WiFi, Ethernet connectivity and USB 4G modem compatibility, RFID reader, white cover.","Dazebox Share S trifase 32 A, 22,2 kW, presa tipo 2 con shutter, display monocromatico, ISO 15118-20 V2G ready, connettività Bluetooth, WiFi ed Ethernet e compatibilità con modem USB 4G, lettore RFID, cover bianca",,,"Dazebox Share S triphasé 32 A, 22,2 kW, prise type 2 avec shutter, écran monochrome, ISO 15118-20 V2G ready, connectivité Bluetooth, WiFi, Ethernet et compatibilité avec modem 4G USB, lecteur RFID, couverture blanche",,,January 2026,"€ 261,96","€ 3,42","€ 17,10","€ 282,48","1,0%","€ 3,00","36,0%",France,FALSE,FALSE,FALSE,FALSE,FALSE,FALSE,FALSE,FALSE,FALSE,FALSE,FALSE,FALSE,FALSE,FALSE,Active
DS04FR32MM,,AC Chargers,Dazebox Share,Dazebox Share S,"Dazebox Share S single-phase 32 A, 7.4 kW, Type 2 socket with shutter, monochrome display, ISO 15118-20 V2G ready, Bluetooth, WiFi, Ethernet connectivity and USB 4G modem compatibility, RFID reader, MID meter, white cover.","Dazebox Share S monofase 32 A, 7,4 kW, presa tipo 2 con shutter, display monocromatico, ISO 15118-20 V2G ready, connettività Bluetooth, WiFi ed Ethernet e compatibilità con modem USB 4G, lettore RFID, misuratore MID, cover bianca",,,"Dazebox Share S monophasé 32 A, 7,4 kW, prise type 2 avec shutter, écran monochrome, ISO 15118-20 V2G ready, connectivité Bluetooth, WiFi, Ethernet et compatibilité avec modem 4G USB, lecteur RFID, compteur MID, couverture blanche",,,January 2026,"€ 277,27","€ 3,42","€ 17,10","€ 297,79","1,0%","€ 3,00","36,0%",France,FALSE,FALSE,FALSE,FALSE,FALSE,FALSE,FALSE,FALSE,FALSE,FALSE,FALSE,FALSE,FALSE,FALSE,Active
DS04FR32TM,,AC Chargers,Dazebox Share,Dazebox Share S,"Dazebox Share S three-phase 32 A, 22.2 kW, Type 2 socket with shutter, monochrome display, ISO 15118-20 V2G ready, Bluetooth, WiFi, Ethernet connectivity and USB 4G modem compatibility, RFID reader, MID meter, white cover.","Dazebox Share S trifase 32 A, 22,2 kW, presa tipo 2 con shutter, display monocromatico, ISO 15118-20 V2G ready, connettività Bluetooth, WiFi ed Ethernet e compatibilità con modem USB 4G, lettore RFID, misuratore MID, cover bianca",,,"Dazebox Share S triphasé 32 A, 22,2 kW, prise type 2 avec shutter, écran monochrome, ISO 15118-20 V2G ready, connectivité Bluetooth, WiFi, Ethernet et compatibilité avec modem 4G USB, lecteur RFID, compteur MID, couverture blanche",,,January 2026,"€ 312,58","€ 3,42","€ 17,10","€ 333,10","1,0%","€ 3,00","36,0%",France,FALSE,FALSE,FALSE,FALSE,FALSE,FALSE,FALSE,FALSE,FALSE,FALSE,FALSE,FALSE,FALSE,FALSE,Active
DK04FR32M5CP,,AC Chargers,Dazebox Share,Dazebox Share TK,"Dazebox Share TK monophasé 32 A, 7,4 kW, câble 5 m type 2 avec shutter, écran monochrome, ISO 15118-20 V2G ready, connectivité Bluetooth, WiFi, Ethernet et compatibilité avec modem 4G USB, lecteur RFID, protection magnétothermique différentielle intégrée",,,,,,8054320763673,January 2026,#REF!,"€ 3,70","€ 25,10",#REF!,"1,0%","€ 3,00","34,0%",France,TRUE,FALSE,FALSE,TRUE,TRUE,FALSE,FALSE,FALSE,FALSE,TRUE,TRUE,FALSE,TRUE,FALSE,Inactive
DK04FR32M7CP,,AC Chargers,Dazebox Share,Dazebox Share TK,"Dazebox Share TK monophasé 32 A, 7,4 kW, câble 7 m type 2 avec shutter, écran monochrome, ISO 15118-20 V2G ready, connectivité Bluetooth, WiFi, Ethernet et compatibilité avec modem 4G USB, lecteur RFID, protection magnétothermique différentielle intégrée",,,,,,8054320763680,January 2026,#REF!,"€ 3,70","€ 25,10",#REF!,"1,0%","€ 3,00","34,0%",France,TRUE,FALSE,FALSE,TRUE,FALSE,TRUE,FALSE,FALSE,FALSE,TRUE,TRUE,FALSE,TRUE,FALSE,Inactive
DK04FR32T5CP,,AC Chargers,Dazebox Share,Dazebox Share TK,"Dazebox Share TK triphasé 32 A, 22,2 kW, câble 5 m type 2 avec shutter, écran monochrome, ISO 15118-20 V2G ready, connectivité Bluetooth, WiFi, Ethernet et compatibilité avec modem 4G USB, lecteur RFID, protection magnétothermique différentielle intégrée",,,,,,8054320763697,January 2026,#REF!,"€ 3,70","€ 25,10",#REF!,"1,0%","€ 3,00","34,0%",France,FALSE,TRUE,FALSE,TRUE,TRUE,FALSE,FALSE,FALSE,FALSE,TRUE,TRUE,FALSE,TRUE,FALSE,Inactive
DK04FR32T7CP,,AC Chargers,Dazebox Share,Dazebox Share TK,"Dazebox Share TK triphasé 32 A, 22,2 kW, câble 7 m type 2 avec shutter, écran monochrome, ISO 15118-20 V2G ready, connectivité Bluetooth, WiFi, Ethernet et compatibilité avec modem 4G USB, lecteur RFID, protection magnétothermique différentielle intégrée",,,,,,8054320763703,January 2026,#REF!,"€ 3,70","€ 25,10",#REF!,"1,0%","€ 3,00","34,0%",France,FALSE,TRUE,FALSE,TRUE,FALSE,TRUE,FALSE,FALSE,FALSE,TRUE,TRUE,FALSE,TRUE,FALSE,Inactive
DK04FR32MCP5S,,AC Chargers,Dazebox Share,Dazebox Share TK,"Dazebox Share TK single-phase 32 A, 7.4 kW, coiled Type 2 cable extendable up to 5 m with shutter, monochrome display, ISO 15118-20 V2G ready, Bluetooth, WiFi, Ethernet connectivity and USB 4G modem compatibility, RFID reader, integrated thermal-magnetic residual current protection, white cover.","Dazebox Share TK monofase 32 A, 7,4 kW, cavo tipo 2 spiralato estendibile fino a 5 m con shutter, display monocromatico, ISO 15118-20 V2G ready, connettività Bluetooth, WiFi ed Ethernet e compatibilità con modem USB 4G, lettore RFID, protezione magnetotermica differenziale integrata, cover bianca",,,"Dazebox Share TK monophasé 32 A, 7,4 kW, câble spiralé extensible jusqu'à 5 m type 2 avec shutter, écran monochrome, ISO 15118-20 V2G ready, connectivité Bluetooth, WiFi, Ethernet et compatibilité avec modem 4G USB, lecteur RFID, protection magnétothermique différentielle intégrée, couverture blanche",,,January 2026,"€ 306,16","€ 4,30","€ 25,10","€ 335,57","1,0%","€ 3,00","32,0%",France,FALSE,FALSE,FALSE,FALSE,FALSE,FALSE,FALSE,FALSE,FALSE,FALSE,FALSE,FALSE,FALSE,FALSE,Active
DK04FR32TCP5S,,AC Chargers,Dazebox Share,Dazebox Share TK,"Dazebox Share TK three-phase 32 A, 22.2 kW, coiled Type 2 cable extendable up to 5 m with shutter, monochrome display, ISO 15118-20 V2G ready, Bluetooth, WiFi, Ethernet connectivity and USB 4G modem compatibility, RFID reader, integrated thermal-magnetic residual current protection, white cover.","Dazebox Share TK trifase 32 A, 22,2 kW, cavo tipo 2 spiralato estendibile fino a 5 m con shutter, display monocromatico, ISO 15118-20 V2G ready, connettività Bluetooth, WiFi ed Ethernet e compatibilità con modem USB 4G, lettore RFID, protezione magnetotermica differenziale integrata, cover bianca",,,"Dazebox Share TK triphasé 32 A, 22,2 kW, câble spiralé extensible jusqu'à 5 m type 2 avec shutter, écran monochrome, ISO 15118-20 V2G ready, connectivité Bluetooth, WiFi, Ethernet et compatibilité avec modem 4G USB, lecteur RFID, protection magnétothermique différentielle intégrée, couverture blanche",,,January 2026,"€ 349,57","€ 4,30","€ 25,10","€ 378,97","1,0%","€ 3,00","32,0%",France,FALSE,FALSE,FALSE,FALSE,FALSE,FALSE,FALSE,FALSE,FALSE,FALSE,FALSE,FALSE,FALSE,FALSE,Active
DK04FR32M5MP,,AC Chargers,Dazebox Share,Dazebox Share TK,"Dazebox Share TK monophasé 32 A, 7,4 kW, câble 5 m type 2 avec shutter, écran monochrome, ISO 15118-20 V2G ready, connectivité Bluetooth, WiFi, Ethernet et compatibilité avec modem 4G USB, lecteur RFID, protection magnétothermique différentielle intégrée, compteur MID",,,,,,8054320763710,January 2026,#REF!,"€ 3,70","€ 25,10",#REF!,"1,0%","€ 3,00","34,0%",France,TRUE,FALSE,FALSE,TRUE,TRUE,FALSE,FALSE,FALSE,FALSE,TRUE,TRUE,FALSE,FALSE,FALSE,Inactive
DK04FR32M7MP,,AC Chargers,Dazebox Share,Dazebox Share TK,"Dazebox Share TK monophasé 32 A, 7,4 kW, câble 7 m type 2 avec shutter, écran monochrome, ISO 15118-20 V2G ready, connectivité Bluetooth, WiFi, Ethernet et compatibilité avec modem 4G USB, lecteur RFID, protection magnétothermique différentielle intégrée, compteur MID",,,,,,8054320763727,January 2026,#REF!,"€ 3,70","€ 25,10",#REF!,"1,0%","€ 3,00","34,0%",France,TRUE,FALSE,FALSE,TRUE,FALSE,TRUE,FALSE,FALSE,FALSE,TRUE,TRUE,FALSE,FALSE,FALSE,Inactive
DK04FR32T5MP,,AC Chargers,Dazebox Share,Dazebox Share TK,"Dazebox Share TK triphasé 32 A, 22,2 kW, câble 5 m type 2 avec shutter, écran monochrome, ISO 15118-20 V2G ready, connectivité Bluetooth, WiFi, Ethernet et compatibilité avec modem 4G USB, lecteur RFID, protection magnétothermique différentielle intégrée, compteur MID",,,,,,8054320763734,January 2026,#REF!,"€ 3,70","€ 25,10",#REF!,"1,0%","€ 3,00","34,0%",France,FALSE,TRUE,FALSE,TRUE,TRUE,FALSE,FALSE,FALSE,FALSE,TRUE,TRUE,FALSE,TRUE,FALSE,Inactive
DK04FR32T7MP,,AC Chargers,Dazebox Share,Dazebox Share TK,"Dazebox Share TK triphasé 32 A, 22,2 kW, câble 7 m type 2 avec shutter, écran monochrome, ISO 15118-20 V2G ready, connectivité Bluetooth, WiFi, Ethernet et compatibilité avec modem 4G USB, lecteur RFID, protection magnétothermique différentielle intégrée, compteur MID",,,,,,8054320763741,January 2026,#REF!,"€ 3,70","€ 25,10",#REF!,"1,0%","€ 3,00","34,0%",France,FALSE,TRUE,FALSE,TRUE,FALSE,TRUE,FALSE,FALSE,FALSE,TRUE,TRUE,FALSE,TRUE,FALSE,Inactive
DK04FR32MMP5S,,AC Chargers,Dazebox Share,Dazebox Share TK,"Dazebox Share TK single-phase 32 A, 7.4 kW, coiled Type 2 cable extendable up to 5 m with shutter, monochrome display, ISO 15118-20 V2G ready, Bluetooth, WiFi, Ethernet connectivity and USB 4G modem compatibility, RFID reader, integrated thermal-magnetic residual current protection, MID meter, white cover.","Dazebox Share TK monofase 32 A, 7,4 kW, cavo tipo 2 spiralato estendibile fino a 5 m con shutter, display monocromatico, ISO 15118-20 V2G ready, connettività Bluetooth, WiFi ed Ethernet e compatibilità con modem USB 4G, lettore RFID, protezione magnetotermica differenziale integrata, misuratore MID, cover bianca",,,"Dazebox Share TK monophasé 32 A, 7,4 kW, câble spiralé extensible jusqu'à 5 m type 2 avec shutter, écran monochrome, ISO 15118-20 V2G ready, connectivité Bluetooth, WiFi, Ethernet et compatibilité avec modem 4G USB, lecteur RFID, protection magnétothermique différentielle intégrée, compteur MID, couverture blanche",,,January 2026,"€ 349,96","€ 4,30","€ 25,10","€ 379,36","1,0%","€ 3,00","32,0%",France,FALSE,FALSE,FALSE,FALSE,FALSE,FALSE,FALSE,FALSE,FALSE,FALSE,FALSE,FALSE,FALSE,FALSE,Active
DK04FR32TMP5S,,AC Chargers,Dazebox Share,Dazebox Share TK,"Dazebox Share TK three-phase 32 A, 22.2 kW, coiled Type 2 cable extendable up to 5 m with shutter, monochrome display, ISO 15118-20 V2G ready, Bluetooth, WiFi, Ethernet connectivity and USB 4G modem compatibility, RFID reader, integrated thermal-magnetic residual current protection, MID meter, white cover.","Dazebox Share TK trifase 32 A, 22,2 kW, cavo tipo 2 spiralato estendibile fino a 5 m con shutter, display monocromatico, ISO 15118-20 V2G ready, connettività Bluetooth, WiFi ed Ethernet e compatibilità con modem USB 4G, lettore RFID, protezione magnetotermica differenziale integrata, misuratore MID, cover bianca",,,"Dazebox Share TK triphasé 32 A, 22,2 kW, câble spiralé extensible jusqu'à 5 m type 2 avec shutter, écran monochrome, ISO 15118-20 V2G ready, connectivité Bluetooth, WiFi, Ethernet et compatibilité avec modem 4G USB, lecteur RFID, protection magnétothermique différentielle intégrée, compteur MID, couverture blanche",,,January 2026,"€ 411,69","€ 4,30","€ 25,10","€ 441,09","1,0%","€ 3,00","32,0%",France,FALSE,FALSE,FALSE,FALSE,FALSE,FALSE,FALSE,FALSE,FALSE,FALSE,FALSE,FALSE,FALSE,FALSE,Active
DS04FR32MCP,,AC Chargers,Dazebox Share,Dazebox Share SK,"Dazebox Share S single-phase 32 A, 7.4 kW, Type 2 socket with shutter, monochrome display, ISO 15118-20 V2G ready, Bluetooth, WiFi, Ethernet connectivity and USB 4G modem compatibility, RFID reader, integrated thermal-magnetic residual current protection, white cover.","Dazebox Share S monofase 32 A, 7,4 kW, presa tipo 2 con shutter, display monocromatico, ISO 15118-20 V2G ready, connettività Bluetooth, WiFi ed Ethernet e compatibilità con modem USB 4G, lettore RFID, protezione magnetotermica differenziale integrata, cover bianca",,,"Dazebox Share S monophasé 32 A, 7,4 kW,prise type 2 avec shutter, écran monochrome, ISO 15118-20 V2G ready, connectivité Bluetooth, WiFi, Ethernet et compatibilité avec modem 4G USB, lecteur RFID, protection magnétothermique différentielle intégrée, couverture blanche",,8054320763635,January 2026,"€ 265,97","€ 4,58","€ 25,10","€ 295,65","1,0%","€ 3,00","34,0%",France,TRUE,FALSE,FALSE,TRUE,FALSE,FALSE,TRUE,FALSE,FALSE,TRUE,TRUE,FALSE,FALSE,FALSE,Active
DS04FR32MMP,,AC Chargers,Dazebox Share,Dazebox Share SK,"Dazebox Share S single-phase 32 A, 7.4 kW, Type 2 socket with shutter, monochrome display, ISO 15118-20 V2G ready, Bluetooth, WiFi, Ethernet connectivity and USB 4G modem compatibility, RFID reader, integrated thermal-magnetic residual current protection, MID meter, white cover.","Dazebox Share S monofase 32 A, 7,4 kW, presa tipo 2 con shutter, display monocromatico, ISO 15118-20 V2G ready, connettività Bluetooth, WiFi ed Ethernet e compatibilità con modem USB 4G, lettore RFID, protezione magnetotermica differenziale integrata, misuratore MID, cover bianca",,,"Dazebox Share S monophasé 32 A, 7,4 kW, prise type 2 avec shutter, écran monochrome, ISO 15118-20 V2G ready, connectivité Bluetooth, WiFi, Ethernet et compatibilité avec modem 4G USB, lecteur RFID, protection magnétothermique différentielle intégrée, compteur MID, couverture blanche",,8054320763642,January 2026,"€ 296,55","€ 58,00","€ 25,10","€ 379,65","1,0%","€ 3,00","34,0%",France,TRUE,FALSE,FALSE,TRUE,FALSE,FALSE,TRUE,FALSE,FALSE,TRUE,TRUE,FALSE,FALSE,FALSE,Active
DS04FR32TCP,,AC Chargers,Dazebox Share,Dazebox Share SK,"Dazebox Share S three-phase 32 A, 22.2 kW, Type 2 socket with shutter, monochrome display, ISO 15118-20 V2G ready, Bluetooth, WiFi, Ethernet connectivity and USB 4G modem compatibility, RFID reader, integrated thermal-magnetic residual current protection, white cover.","Dazebox Share S trifase 32 A, 22,2 kW, presa tipo 2 con shutter, display monocromatico, ISO 15118-20 V2G ready, connettività Bluetooth, WiFi ed Ethernet e compatibilità con modem USB 4G, lettore RFID, protezione magnetotermica differenziale integrata, cover bianca",,,"Dazebox Share S triphasé 32 A, 22,2 kW, prise type 2 avec shutter, écran monochrome, ISO 15118-20 V2G ready, connectivité Bluetooth, WiFi, Ethernet et compatibilité avec modem 4G USB, lecteur RFID, protection magnétothermique différentielle intégrée, couverture blanche",,8054320763659,January 2026,"€ 286,50","€ 4,58","€ 25,10","€ 316,18","1,0%","€ 3,00","34,0%",France,FALSE,TRUE,FALSE,TRUE,FALSE,FALSE,TRUE,FALSE,FALSE,TRUE,TRUE,FALSE,FALSE,FALSE,Active
DS04FR32TMP,,AC Chargers,Dazebox Share,Dazebox Share SK,"Dazebox Share S three-phase 32 A, 22.2 kW, Type 2 socket with shutter, monochrome display, ISO 15118-20 V2G ready, Bluetooth, WiFi, Ethernet connectivity and USB 4G modem compatibility, RFID reader, integrated thermal-magnetic residual current protection, MID meter, white cover.","Dazebox Share S trifase 32 A, 22,2 kW, presa tipo 2 con shutter, display monocromatico, ISO 15118-20 V2G ready, connettività Bluetooth, WiFi ed Ethernet e compatibilità con modem USB 4G, lettore RFID, protezione magnetotermica differenziale integrata, misuratore MID, cover bianca",,,"Dazebox Share S triphasé 32 A, 22,2 kW, prise type 2 avec shutter, écran monochrome, ISO 15118-20 V2G ready, connectivité Bluetooth, WiFi, Ethernet et compatibilité avec modem 4G USB, lecteur RFID, protection magnétothermique différentielle intégrée, compteur MID, couverture blanche",,8054320763666,January 2026,"€ 335,40","€ 4,58","€ 25,10","€ 365,08","1,0%","€ 3,00","34,0%",France,FALSE,TRUE,FALSE,TRUE,FALSE,FALSE,TRUE,FALSE,FALSE,TRUE,TRUE,FALSE,FALSE,FALSE,Active
DT05FR32M5C,,AC Chargers,Dazebox Pro,Dazebox Pro T,"Dazebox Pro T single-phase 32 A, 7.4 kW, 5 m Type 2 cable with shutter, 4.3'' colour LCD display, ISO 15118-20 V2G ready, Bluetooth, WiFi, Ethernet connectivity and USB 4G modem compatibility, RFID reader, white cover.","Dazebox Pro T monofase 32 A, 7,4 kW, cavo tipo 2 da 5 m con shutter, display LCD a colori da 4,3"", ISO 15118-20 V2G ready, connettività Bluetooth, WiFi ed Ethernet e compatibilità con modem USB 4G, lettore RFID, cover bianca",,,"Dazebox Pro T monophasé 32 A, 7,4 kW, câble de 5 m type 2 avec volet, display LCD couleur de 4,3'', ISO 15118-20 V2G ready, connectivité Bluetooth, WiFi, Ethernet et compatibilité avec modem 4G USB, lecteur RFID, couverture blanche",,,May 2026,"€ 307,23","€ 3,42","€ 13,10","€ 323,75","1,0%","€ 3,00","37,0%",France,FALSE,FALSE,FALSE,FALSE,FALSE,FALSE,FALSE,FALSE,FALSE,FALSE,FALSE,FALSE,FALSE,FALSE,Active
DT05FR32M7C,,AC Chargers,Dazebox Pro,Dazebox Pro T,"Dazebox Pro T single-phase 32 A, 7.4 kW, 7 m Type 2 cable with shutter, 4.3'' colour LCD display, ISO 15118-20 V2G ready, Bluetooth, WiFi, Ethernet connectivity and USB 4G modem compatibility, RFID reader, white cover.","Dazebox Pro T monofase 32 A, 7,4 kW, cavo tipo 2 da 7 m con shutter, display LCD a colori da 4,3"", ISO 15118-20 V2G ready, connettività Bluetooth, WiFi ed Ethernet e compatibilità con modem USB 4G, lettore RFID, cover bianca",,,"Dazebox Pro T monophasé 32 A, 7,4 kW, câble de 7 m type 2 avec volet, display LCD couleur de 4,3'', ISO 15118-20 V2G ready, connectivité Bluetooth, WiFi, Ethernet et compatibilité avec modem 4G USB, lecteur RFID, couverture blanche",,,May 2026,"€ 325,23","€ 3,42","€ 13,10","€ 341,75","1,0%","€ 3,00","37,0%",France,FALSE,FALSE,FALSE,FALSE,FALSE,FALSE,FALSE,FALSE,FALSE,FALSE,FALSE,FALSE,FALSE,FALSE,Active
DT05FR32T5C,,AC Chargers,Dazebox Pro,Dazebox Pro T,"Dazebox Pro T three-phase 32 A, 22.2 kW, 5 m Type 2 cable with shutter, 4.3'' colour LCD display, ISO 15118-20 V2G ready, Bluetooth, WiFi, Ethernet connectivity and USB 4G modem compatibility, RFID reader, white cover.","Dazebox Pro T trifase 32 A, 22,2 kW, cavo tipo 2 da 5 m con shutter, display LCD a colori da 4,3"", ISO 15118-20 V2G ready, connettività Bluetooth, WiFi ed Ethernet e compatibilità con modem USB 4G, lettore RFID, cover bianca",,,"Dazebox Pro T triphasé 32 A, 22,2 kW, câble de 5 m type 2 avec volet, display LCD couleur de 4,3'', ISO 15118-20 V2G ready, connectivité Bluetooth, WiFi, Ethernet et compatibilité avec modem 4G USB, lecteur RFID, couverture blanche",,,May 2026,"€ 346,32","€ 3,42","€ 13,10","€ 362,84","1,0%","€ 3,00","37,0%",France,FALSE,FALSE,FALSE,FALSE,FALSE,FALSE,FALSE,FALSE,FALSE,FALSE,FALSE,FALSE,FALSE,FALSE,Active
DT05FR32T7C,,AC Chargers,Dazebox Pro,Dazebox Pro T,"Dazebox Pro T three-phase 32 A, 22.2 kW, 7 m Type 2 cable with shutter, 4.3'' colour LCD display, ISO 15118-20 V2G ready, Bluetooth, WiFi, Ethernet connectivity and USB 4G modem compatibility, RFID reader, white cover.","Dazebox Pro T trifase 32 A, 22,2 kW, cavo tipo 2 da 7 m con shutter, display LCD a colori da 4,3"", ISO 15118-20 V2G ready, connettività Bluetooth, WiFi ed Ethernet e compatibilità con modem USB 4G, lettore RFID, cover bianca",,,"Dazebox Pro T triphasé 32 A, 22,2 kW, câble de 7 m type 2 avec volet, display LCD couleur de 4,3'', ISO 15118-20 V2G ready, connectivité Bluetooth, WiFi, Ethernet et compatibilité avec modem 4G USB, lecteur RFID, couverture blanche",,,May 2026,"€ 368,72","€ 3,42","€ 13,10","€ 385,24","1,0%","€ 3,00","37,0%",France,FALSE,FALSE,FALSE,FALSE,FALSE,FALSE,FALSE,FALSE,FALSE,FALSE,FALSE,FALSE,FALSE,FALSE,Active
DS05FR32MC,,AC Chargers,Dazebox Pro,Dazebox Pro S,"Dazebox Pro S single-phase 32 A, 7.4 kW, Type 2 socket with shutter, 4.3'' colour LCD display, ISO 15118-20 V2G ready, Bluetooth, WiFi, Ethernet connectivity and USB 4G modem compatibility, RFID reader, white cover.","Dazebox Pro S monofase 32 A, 7,4 kW, presa tipo 2 con shutter, display LCD a colori da 4,3"", ISO 15118-20 V2G ready, connettività Bluetooth, WiFi ed Ethernet e compatibilità con modem USB 4G, lettore RFID, cover bianca",,,"Dazebox Pro S monophasé 32 A, 7,4 kW, prise type 2 avec shutter, display LCD couleur de 4,3'', ISO 15118-20 V2G ready, connectivité Bluetooth, WiFi, Ethernet et compatibilité avec modem 4G USB, lecteur RFID, couverture blanche",,,May 2026,"€ 301,53","€ 3,42","€ 13,10","€ 318,05","1,0%","€ 3,00","37,0%",France,FALSE,FALSE,FALSE,FALSE,FALSE,FALSE,FALSE,FALSE,FALSE,FALSE,FALSE,FALSE,FALSE,FALSE,Active
DS05FR32MM,,AC Chargers,Dazebox Pro,Dazebox Pro S,"Dazebox Pro S single-phase 32 A, 7.4 kW, Type 2 socket with shutter, 4.3'' colour LCD display, ISO 15118-20 V2G ready, Bluetooth, WiFi, Ethernet connectivity and USB 4G modem compatibility, RFID reader, MID meter, white cover.","Dazebox Pro S monofase 32 A, 7,4 kW, presa tipo 2 con shutter, display LCD a colori da 4,3"", ISO 15118-20 V2G ready, connettività Bluetooth, WiFi ed Ethernet e compatibilità con modem USB 4G, lettore RFID, misuratore MID, cover bianca",,,"Dazebox Pro S monophasé 32 A, 7,4 kW, prise type 2 avec shutter, display LCD couleur de 4,3'', ISO 15118-20 V2G ready, connectivité Bluetooth, WiFi, Ethernet et compatibilité avec modem 4G USB, lecteur RFID, compteur MID, couverture blanche",,,May 2026,"€ 332,27","€ 3,42","€ 13,10","€ 348,79","1,0%","€ 3,00","37,0%",France,FALSE,FALSE,FALSE,FALSE,FALSE,FALSE,FALSE,FALSE,FALSE,FALSE,FALSE,FALSE,FALSE,FALSE,Active
DS05FR32TC,,AC Chargers,Dazebox Pro,Dazebox Pro S,"Dazebox Pro S three-phase 32 A, 22.2 kW, Type 2 socket with shutter, 4.3'' colour LCD display, ISO 15118-20 V2G ready, Bluetooth, WiFi, Ethernet connectivity and USB 4G modem compatibility, RFID reader, white cover.","Dazebox Pro S trifase 32 A, 22,2 kW, presa tipo 2 con shutter, display LCD a colori da 4,3"", ISO 15118-20 V2G ready, connettività Bluetooth, WiFi ed Ethernet e compatibilità con modem USB 4G, lettore RFID, cover bianca",,,"Dazebox Pro S triphasé 32 A, 22,2 kW, prise type 2 avec shutter, display LCD couleur de 4,3'', ISO 15118-20 V2G ready, connectivité Bluetooth, WiFi, Ethernet et compatibilité avec modem 4G USB, lecteur RFID, couverture blanche",,,May 2026,"€ 316,96","€ 3,42","€ 13,10","€ 333,48","1,0%","€ 3,00","37,0%",France,FALSE,FALSE,FALSE,FALSE,FALSE,FALSE,FALSE,FALSE,FALSE,FALSE,FALSE,FALSE,FALSE,FALSE,Active
DS05FR32TM,,AC Chargers,Dazebox Pro,Dazebox Pro S,"Dazebox Pro S three-phase 32 A, 22.2 kW, Type 2 socket with shutter, 4.3'' colour LCD display, ISO 15118-20 V2G ready, Bluetooth, WiFi, Ethernet connectivity and USB 4G modem compatibility, RFID reader, MID meter, white cover.","Dazebox Pro S trifase 32 A, 22,2 kW, presa tipo 2 con shutter, display LCD a colori da 4,3"", ISO 15118-20 V2G ready, connettività Bluetooth, WiFi ed Ethernet e compatibilità con modem USB 4G, lettore RFID, misuratore MID, cover bianca",,,"Dazebox Pro S triphasé 32 A, 22,2 kW, prise type 2 avec shutter, display LCD couleur de 4,3'', ISO 15118-20 V2G ready, connectivité Bluetooth, WiFi, Ethernet et compatibilité avec modem 4G USB, lecteur RFID, compteur MID, couverture blanche, couverture blanche",,,May 2026,"€ 367,58","€ 3,42","€ 13,10","€ 384,10","1,0%","€ 3,00","37,0%",France,FALSE,FALSE,FALSE,FALSE,FALSE,FALSE,FALSE,FALSE,FALSE,FALSE,FALSE,FALSE,FALSE,FALSE,Active
DS02FR32MCY,,AC Chargers,Dazebox Share,Dazebox Share S,"Dazebox Share S monophasé 32 A, 7,4 kW, prise type 2 avec shutter, écran monochrome, connectivité Bluetooth, WiFi, Ethernet et compatibilité avec modem 4G USB, lecteur RFID, prise Schuko intelligent.",,,,,,,TBD,#REF!,"€ 4,30","€ 17,10",#REF!,"1,0%","€ 3,00","34,0%",France,TRUE,FALSE,FALSE,TRUE,FALSE,FALSE,TRUE,FALSE,FALSE,TRUE,FALSE,FALSE,FALSE,TRUE,Inactive
DS02FR32MMY,,AC Chargers,Dazebox Share,Dazebox Share S,"Dazebox Share S monophasé 32 A, 7,4 kW, prise type 2 avec shutter, écran monochrome, connectivité Bluetooth, WiFi, Ethernet et compatibilité avec modem 4G USB, lecteur RFID, compteur MID, prise Schuko intelligent.",,,,,,,TBD,#REF!,"€ 4,30","€ 17,10",#REF!,"1,0%","€ 3,00","34,0%",France,TRUE,FALSE,FALSE,TRUE,FALSE,FALSE,TRUE,FALSE,FALSE,TRUE,FALSE,FALSE,TRUE,TRUE,Inactive
DS02FR32TCY,,AC Chargers,Dazebox Share,Dazebox Share S,"Dazebox Share S triphasé 32 A, 22,2 kW, prise type 2 avec shutter, écran monochrome, connectivité Bluetooth, WiFi, Ethernet et compatibilité avec modem 4G USB, lecteur RFID, prise Schuko intelligent.",,,,,,,TBD,#REF!,"€ 4,30","€ 17,10",#REF!,"1,0%","€ 3,00","34,0%",France,FALSE,TRUE,FALSE,TRUE,FALSE,FALSE,TRUE,FALSE,FALSE,TRUE,FALSE,FALSE,FALSE,TRUE,Inactive
DS02FR32TMY,,AC Chargers,Dazebox Share,Dazebox Share S,"Dazebox Share S triphasé 32 A, 22,2 kW, prise type 2 avec shutter, écran monochrome, connectivité Bluetooth, WiFi, Ethernet et compatibilité avec modem 4G USB, lecteur RFID, compteur MID, prise Schuko intelligent.",,,,,,,TBD,#REF!,"€ 4,30","€ 17,10",#REF!,"1,0%","€ 3,00","34,0%",France,FALSE,TRUE,FALSE,TRUE,FALSE,FALSE,TRUE,FALSE,FALSE,TRUE,FALSE,FALSE,TRUE,TRUE,Inactive
DT02AB32M5C,,AC Chargers,Dazebox Share,Dazebox Share T,"Dazebox Share T single-phase 32 A, black cover, 7.4 kW, 5 m type 2 cable, monochrome display, Bluetooth, WiFi, Ethernet connectivity, and compatibility with 4G USB modem, RFID reader, upstream relay.",,,,,,,January 2025,#REF!,"€ 3,42","€ 17,10",#REF!,"1,0%","€ 3,00","34,0%",Abroad,TRUE,FALSE,FALSE,TRUE,TRUE,FALSE,FALSE,FALSE,FALSE,TRUE,FALSE,FALSE,FALSE,FALSE,Inactive
DT02AB32M7C,,AC Chargers,Dazebox Share,Dazebox Share T,"Dazebox Share T single-phase 32 A, black cover, 7.4 kW, 7 m type 2 cable, monochrome display, Bluetooth, WiFi, Ethernet connectivity, and compatibility with 4G USB modem, RFID reader, upstream relay.",,,,,,,January 2025,#REF!,"€ 3,42","€ 17,10",#REF!,"1,0%","€ 3,00","34,0%",Abroad,TRUE,FALSE,FALSE,TRUE,FALSE,TRUE,FALSE,FALSE,FALSE,TRUE,FALSE,FALSE,FALSE,FALSE,Inactive
DT02AB32T5C,,AC Chargers,Dazebox Share,Dazebox Share T,"Dazebox Share T three-phase 32 A, black cover, 22.2 kW, 5 m type 2 cable, monochrome display, Bluetooth, WiFi, Ethernet connectivity, and compatibility with 4G USB modem, RFID reader, upstream relay.",,,,,,8054320765714,January 2025,#REF!,"€ 3,42","€ 17,10",#REF!,"1,0%","€ 3,00","34,0%",Abroad,FALSE,TRUE,FALSE,TRUE,TRUE,FALSE,FALSE,FALSE,FALSE,TRUE,FALSE,FALSE,FALSE,FALSE,Inactive
DT02AB32T7C,,AC Chargers,Dazebox Share,Dazebox Share T,"Dazebox Share T three-phase 32 A, black cover, 22.2 kW, 7 m type 2 cable, monochrome display, Bluetooth, WiFi, Ethernet connectivity, and compatibility with 4G USB modem, RFID reader, upstream relay.",,,,,,,January 2025,#REF!,"€ 3,42","€ 17,10",#REF!,"1,0%","€ 3,00","34,0%",Abroad,FALSE,TRUE,FALSE,TRUE,FALSE,TRUE,FALSE,FALSE,FALSE,TRUE,FALSE,FALSE,FALSE,FALSE,Inactive
DS02AB32MC,,AC Chargers,Dazebox Share,Dazebox Share S,"Dazebox Share S single-phase 32 A, black cover, 7.4 kW, type 2 socket, monochrome display, Bluetooth, WiFi, Ethernet, and 4G USB modem compatibility, RFID reader",,,,,,,January 2025,#REF!,"€ 4,30","€ 17,10",#REF!,"1,0%","€ 3,00","34,0%",Abroad,TRUE,FALSE,FALSE,TRUE,FALSE,FALSE,TRUE,FALSE,FALSE,TRUE,FALSE,FALSE,FALSE,FALSE,Inactive
DS02AB32TC,,AC Chargers,Dazebox Share,Dazebox Share S,"Dazebox Share S three-phase 32 A, black cover, 22.2 kW, type 2 socket, monochrome display, Bluetooth, WiFi, Ethernet, and 4G USB modem compatibility, RFID reader",,,,,,,January 2025,#REF!,"€ 4,30","€ 17,10",#REF!,"1,0%","€ 3,00","34,0%",Abroad,FALSE,TRUE,FALSE,TRUE,FALSE,FALSE,TRUE,FALSE,FALSE,TRUE,FALSE,FALSE,FALSE,FALSE,Inactive
DS02AB32MM,,AC Chargers,Dazebox Share,Dazebox Share S,"Dazebox Share S single-phase 32 A, black cover, 7.4 kW, type 2 socket, monochrome display, Bluetooth, WiFi, Ethernet, and 4G USB modem compatibility, RFID reader, MID meter",,,,,,,January 2025,#REF!,"€ 4,30","€ 17,10",#REF!,"1,0%","€ 3,00","34,0%",Abroad,TRUE,FALSE,FALSE,TRUE,FALSE,FALSE,TRUE,FALSE,FALSE,TRUE,FALSE,FALSE,TRUE,FALSE,Inactive
DS02AB32TM,,AC Chargers,Dazebox Share,Dazebox Share S,"Dazebox Share S three-phase 32 A, black cover, 22.2 kW, type 2 socket, monochrome display, Bluetooth, WiFi, Ethernet, and 4G USB modem compatibility, RFID reader, MID meter",,,,,,,January 2025,#REF!,"€ 4,30","€ 17,10",#REF!,"1,0%","€ 3,00","34,0%",Abroad,FALSE,TRUE,FALSE,TRUE,FALSE,FALSE,TRUE,FALSE,FALSE,TRUE,FALSE,FALSE,TRUE,FALSE,Inactive
DT04AB32M5C,,AC Chargers,Dazebox Share,Dazebox Share T,"Dazebox Share T single-phase 32 A, black cover, 7.4 kW, 5 m type 2 cable, monochrome display, ISO 15118-20 V2G ready, Bluetooth, WiFi, Ethernet connectivity, and compatibility with 4G USB modem, RFID reader, upstream relay, black cover, black cover","Dazebox Share T monofase 32 A, 7,4 kW, cavo tipo 2 da 5 m, display monocromatico, ISO 15118-20 V2G ready, connettività Bluetooth, WiFi ed Ethernet e compatibilità con modem USB 4G, lettore RFID, bobina di sgancio integrata, cover nera, cover nera",,,,,,March 2026,"€ 234,63","€ 3,42","€ 17,10","€ 255,15","1,0%","€ 3,00","36,0%",Abroad,FALSE,FALSE,FALSE,FALSE,FALSE,FALSE,FALSE,FALSE,FALSE,FALSE,FALSE,FALSE,FALSE,FALSE,Active
DT04AB32M7C,,AC Chargers,Dazebox Share,Dazebox Share T,"Dazebox Share T single-phase 32 A, black cover, 7.4 kW, 7 m type 2 cable, monochrome display, ISO 15118-20 V2G ready,Bluetooth, WiFi, Ethernet connectivity, and compatibility with 4G USB modem, RFID reader, upstream relay, black cover","Dazebox Share T monofase 32 A, 7,4 kW, cavo tipo 2 da 7 m, display monocromatico, ISO 15118-20 V2G ready, connettività Bluetooth, WiFi ed Ethernet e compatibilità con modem USB 4G, lettore RFID, bobina di sgancio integrata, cover nera",,,,,,March 2026,"€ 248,04","€ 3,42","€ 17,10","€ 268,56","1,0%","€ 3,00","36,0%",Abroad,FALSE,FALSE,FALSE,FALSE,FALSE,FALSE,FALSE,FALSE,FALSE,FALSE,FALSE,FALSE,FALSE,FALSE,Active
DT04AB32T5C,,AC Chargers,Dazebox Share,Dazebox Share T,"Dazebox Share T three-phase 32 A, black cover, 22.2 kW, 5 m type 2 cable, monochrome display, ISO 15118-20 V2G ready, Bluetooth, WiFi, Ethernet connectivity, and compatibility with 4G USB modem, RFID reader, upstream relay, black cover","Dazebox Share T trifase 32 A, 22,2 kW, cavo tipo 2 da 5 m, display monocromatico, ISO 15118-20 V2G ready, connettività Bluetooth, WiFi ed Ethernet e compatibilità con modem USB 4G, lettore RFID, bobina di sgancio integrata, cover nera",,,,,,March 2026,"€ 260,81","€ 3,42","€ 17,10","€ 281,33","1,0%","€ 3,00","36,0%",Abroad,FALSE,FALSE,FALSE,FALSE,FALSE,FALSE,FALSE,FALSE,FALSE,FALSE,FALSE,FALSE,FALSE,FALSE,Active
DT04AB32T7C,,AC Chargers,Dazebox Share,Dazebox Share T,"Dazebox Share T three-phase 32 A, black cover, 22.2 kW, 7 m type 2 cable, monochrome display, ISO 15118-20 V2G ready, Bluetooth, WiFi, Ethernet connectivity, and compatibility with 4G USB modem, RFID reader, upstream relay, black cover","Dazebox Share T trifase 32 A, 22,2 kW, cavo tipo 2 da 7 m, display monocromatico, ISO 15118-20 V2G ready, connettività Bluetooth, WiFi ed Ethernet e compatibilità con modem USB 4G, lettore RFID, bobina di sgancio integrata, cover nera",,,,,,March 2026,"€ 277,62","€ 3,42","€ 17,10","€ 298,14","1,0%","€ 3,00","36,0%",Abroad,FALSE,FALSE,FALSE,FALSE,FALSE,FALSE,FALSE,FALSE,FALSE,FALSE,FALSE,FALSE,FALSE,FALSE,Active
DS04AB32MC,,AC Chargers,Dazebox Share,Dazebox Share S,"Dazebox Share S single-phase 32 A, black cover, 7.4 kW, type 2 socket, monochrome display, ISO 15118-20 V2G ready, Bluetooth, WiFi, Ethernet, and 4G USB modem compatibility, RFID reader, black cover","Dazebox Share S monofase 32 A, 7,4 kW, presa tipo 2, display monocromatico, ISO 15118-20 V2G ready, connettività Bluetooth, WiFi ed Ethernet e compatibilità con modem USB 4G, lettore RFID, cover nera",,,,,,March 2026,"€ 243,76","€ 4,30","€ 17,10","€ 265,16","1,0%","€ 3,00","36,0%",Abroad,FALSE,FALSE,FALSE,FALSE,FALSE,FALSE,FALSE,FALSE,FALSE,FALSE,FALSE,FALSE,FALSE,FALSE,Active
DS04AB32TC,,AC Chargers,Dazebox Share,Dazebox Share S,"Dazebox Share S three-phase 32 A, black cover, 22.2 kW, type 2 socket, monochrome display, ISO 15118-20 V2G ready, Bluetooth, WiFi, Ethernet, and 4G USB modem compatibility, RFID reader, black cover","Dazebox Share S trifase 32 A, 22,2 kW, presa tipo 2, display monocromatico, ISO 15118-20 V2G ready, connettività Bluetooth, WiFi ed Ethernet e compatibilità con modem USB 4G, lettore RFID, cover nera",,,,,,March 2026,"€ 259,26","€ 4,30","€ 17,10","€ 280,66","1,0%","€ 3,00","36,0%",Abroad,FALSE,FALSE,FALSE,FALSE,FALSE,FALSE,FALSE,FALSE,FALSE,FALSE,FALSE,FALSE,FALSE,FALSE,Active
DS04AB32MM,,AC Chargers,Dazebox Share,Dazebox Share S,"Dazebox Share S single-phase 32 A, black cover, 7.4 kW, type 2 socket, monochrome display, ISO 15118-20 V2G ready, Bluetooth, WiFi, Ethernet, and 4G USB modem compatibility, RFID reader, MID meter, black cover","Dazebox Share S monofase 32 A, 7,4 kW, presa tipo 2, display monocromatico, ISO 15118-20 V2G ready, connettività Bluetooth, WiFi ed Ethernet e compatibilità con modem USB 4G, lettore RFID, misuratore MID, cover nera",,,,,,March 2026,"€ 274,50","€ 4,30","€ 17,10","€ 295,90","1,0%","€ 3,00","36,0%",Abroad,FALSE,FALSE,FALSE,FALSE,FALSE,FALSE,FALSE,FALSE,FALSE,FALSE,FALSE,FALSE,FALSE,FALSE,Active
DS04AB32TM,,AC Chargers,Dazebox Share,Dazebox Share S,"Dazebox Share S three-phase 32 A, black cover, 22.2 kW, type 2 socket, monochrome display, ISO 15118-20 V2G ready, Bluetooth, WiFi, Ethernet, and 4G USB modem compatibility, RFID reader, MID meter, black cover","Dazebox Share S trifase 32 A, 22,2 kW, presa tipo 2, display monocromatico, ISO 15118-20 V2G ready, connettività Bluetooth, WiFi ed Ethernet e compatibilità con modem USB 4G, lettore RFID, misuratore MID, cover nera",,,,,,March 2026,"€ 309,88","€ 4,30","€ 17,10","€ 331,28","1,0%","€ 3,00","36,0%",Abroad,FALSE,FALSE,FALSE,FALSE,FALSE,FALSE,FALSE,FALSE,FALSE,FALSE,FALSE,FALSE,FALSE,FALSE,Active
DK04AB32M5CP,,AC Chargers,Dazebox Share,Dazebox Share TK,"Dazebox Share TK single-phase 32 A, black cover, 7.4 kW, 5 m type 2 cable with integrated cable holder, monochrome display, ISO 15118-20 V2G ready, Bluetooth, WiFi, Ethernet, and 4G USB modem compatibility, RFID reader, integrated RCBO",,,,,,,January 2026,#REF!,"€ 3,70","€ 25,10",#REF!,"1,0%","€ 3,00","34,0%",Abroad,TRUE,FALSE,FALSE,TRUE,TRUE,FALSE,FALSE,FALSE,FALSE,TRUE,TRUE,FALSE,FALSE,FALSE,Inactive
DK04AB32M7CP,,AC Chargers,Dazebox Share,Dazebox Share TK,"Dazebox Share TK single-phase 32 A, black cover, 7.4 kW, 7 m type 2 cable with integrated cable holder, monochrome display, ISO 15118-20 V2G ready, Bluetooth, WiFi, Ethernet, and 4G USB modem compatibility, RFID reader, integrated RCBO",,,,,,,January 2026,#REF!,"€ 3,70","€ 25,10",#REF!,"1,0%","€ 3,00","34,0%",Abroad,TRUE,FALSE,FALSE,TRUE,FALSE,TRUE,FALSE,FALSE,FALSE,TRUE,TRUE,FALSE,FALSE,FALSE,Inactive
DK04AB32T5CP,,AC Chargers,Dazebox Share,Dazebox Share TK,"Dazebox Share TK three-phase 32 A, black cover, 22.2 kW, 5 m type 2 cable with integrated cable holder, monochrome display, ISO 15118-20 V2G ready, Bluetooth, WiFi, Ethernet, and 4G USB modem compatibility, RFID reader, integrated RCBO",,,,,,,January 2026,#REF!,"€ 3,70","€ 25,10",#REF!,"1,0%","€ 3,00","34,0%",Abroad,FALSE,TRUE,FALSE,TRUE,TRUE,FALSE,FALSE,FALSE,FALSE,TRUE,TRUE,FALSE,FALSE,FALSE,Inactive
DK04AB32T7CP,,AC Chargers,Dazebox Share,Dazebox Share TK,"Dazebox Share TK three-phase 32 A, black cover, 22.2 kW, 7 m type 2 cable with integrated cable holder, monochrome display, ISO 15118-20 V2G ready, Bluetooth, WiFi, Ethernet, and 4G USB modem compatibility, RFID reader, integrated RCBO",,,,,,8054320765707,January 2026,#REF!,"€ 3,70","€ 25,10",#REF!,"1,0%","€ 3,00","34,0%",Abroad,FALSE,TRUE,FALSE,TRUE,FALSE,TRUE,FALSE,FALSE,FALSE,TRUE,TRUE,FALSE,FALSE,FALSE,Inactive
DK04AB32MCP5S,,AC Chargers,Dazebox Share,Dazebox Share TK,"Dazebox Share TK single-phase 32 A, black cover, 7.4 kW, type 2 coiled cable extendable up to 5 m with integrated cable holder, monochrome display, ISO 15118-20 V2G ready, Bluetooth, WiFi, Ethernet, and 4G USB modem compatibility, RFID reader, integrated circuit breaker protection, black cover","Dazebox Share TK monofase 32 A, 7,4 kW, cavo tipo 2 spiralato estendibile fino a 5 m con portacavo integrato, display monocromatico, ISO 15118-20 V2G ready, connettività Bluetooth, WiFi ed Ethernet e compatibilità con modem USB 4G, lettore RFID, protezione magnetotermica differenziale integrata, cover nera",,,,,,March 2026,"€ 265,03","€ 4,30","€ 25,10","€ 294,43","1,0%","€ 3,00","32,0%",Abroad,FALSE,FALSE,FALSE,FALSE,FALSE,FALSE,FALSE,FALSE,FALSE,FALSE,FALSE,FALSE,FALSE,FALSE,Active
DK04AB32TCP5S,,AC Chargers,Dazebox Share,Dazebox Share TK,"Dazebox Share TK three-phase 32 A, black cover, 22.2 kW, type 2 coiled cable extendable up to 5 m with integrated cable holder, monochrome display, ISO 15118-20 V2G ready, Bluetooth, WiFi, Ethernet, and 4G USB modem compatibility, RFID reader, integrated circuit breaker protection, black cover","Dazebox Share TK trifase 32 A, 22,2 kW, cavo tipo 2 spiralato estendibile fino a 5 m con portacavo integrato, display monocromatico, ISO 15118-20 V2G ready, connettività Bluetooth, WiFi ed Ethernet e compatibilità con modem USB 4G, lettore RFID, protezione magnetotermica differenziale integrata, cover nera",,,,,,March 2026,"€ 290,75","€ 4,30","€ 25,10","€ 320,15","1,0%","€ 3,00","32,0%",Abroad,FALSE,FALSE,FALSE,FALSE,FALSE,FALSE,FALSE,FALSE,FALSE,FALSE,FALSE,FALSE,FALSE,FALSE,Active
DK04AB32M5MP,,AC Chargers,Dazebox Share,Dazebox Share TK,"Dazebox Share TK single-phase 32 A, black cover, 7.4 kW, 5 m type 2 cable with integrated cable holder, monochrome display, ISO 15118-20 V2G ready, Bluetooth, WiFi, Ethernet, and 4G USB modem compatibility, RFID reader, integrated RCBO, MID meter",,,,,,,January 2026,#REF!,"€ 3,70","€ 25,10",#REF!,"1,0%","€ 3,00","34,0%",Abroad,TRUE,FALSE,FALSE,TRUE,TRUE,FALSE,FALSE,FALSE,FALSE,TRUE,TRUE,FALSE,TRUE,FALSE,Inactive
DK04AB32M7MP,,AC Chargers,Dazebox Share,Dazebox Share TK,"Dazebox Share TK single-phase 32 A, black cover, 7.4 kW, 7 m type 2 cable with integrated cable holder, monochrome display, ISO 15118-20 V2G ready, Bluetooth, WiFi, Ethernet, and 4G USB modem compatibility, RFID reader, integrated RCBO, MID meter",,,,,,,January 2026,#REF!,"€ 3,70","€ 25,10",#REF!,"1,0%","€ 3,00","34,0%",Abroad,TRUE,FALSE,FALSE,TRUE,FALSE,TRUE,FALSE,FALSE,FALSE,TRUE,TRUE,FALSE,TRUE,FALSE,Inactive
DK04AB32T5MP,,AC Chargers,Dazebox Share,Dazebox Share TK,"Dazebox Share TK three-phase 32 A, black cover, 22.2 kW, 5 m type 2 cable with integrated cable holder, monochrome display, ISO 15118-20 V2G ready, Bluetooth, WiFi, Ethernet, and 4G USB modem compatibility, RFID reader, integrated RCBO, MID meter",,,,,,,January 2026,#REF!,"€ 3,70","€ 25,10",#REF!,"1,0%","€ 3,00","34,0%",Abroad,FALSE,TRUE,FALSE,TRUE,TRUE,FALSE,FALSE,FALSE,FALSE,TRUE,TRUE,FALSE,TRUE,FALSE,Inactive
DK04AB32T7MP,,AC Chargers,Dazebox Share,Dazebox Share TK,"Dazebox Share TK three-phase 32 A, black cover, 22.2 kW, 7 m type 2 cable with integrated cable holder, monochrome display,  ISO 15118-20 V2G ready,Bluetooth, WiFi, Ethernet, and 4G USB modem compatibility, RFID reader, integrated RCBO, MID meter",,,,,,,January 2026,#REF!,"€ 3,70","€ 25,10",#REF!,"1,0%","€ 3,00","34,0%",Abroad,FALSE,TRUE,FALSE,TRUE,FALSE,TRUE,FALSE,FALSE,FALSE,TRUE,TRUE,FALSE,TRUE,FALSE,Inactive
DK04AB32MMP5S,,AC Chargers,Dazebox Share,Dazebox Share TK,"Dazebox Share TK single-phase 32 A, black cover, 7.4 kW, type 2 coiled cable extendable up to 5 m with integrated cable holder, monochrome display, ISO 15118-20 V2G ready, Bluetooth, WiFi, Ethernet, and 4G USB modem compatibility, RFID reader, integrated circuit breaker protection, MID meter, black cover","Dazebox Share TK monofase 32 A, 7,4 kW, cavo tipo 2 spiralato estendibile fino a 5 m con portacavo integrato, display monocromatico, ISO 15118-20 V2G ready, connettività Bluetooth, WiFi ed Ethernet e compatibilità con modem USB 4G, lettore RFID, protezione magnetotermica differenziale integrata, misuratore MID, cover nera",,,,,,March 2026,"€ 308,83","€ 4,30","€ 25,10","€ 338,23","1,0%","€ 3,00","32,0%",Abroad,FALSE,FALSE,FALSE,FALSE,FALSE,FALSE,FALSE,FALSE,FALSE,FALSE,FALSE,FALSE,FALSE,FALSE,Active
DK04AB32TMP5S,,AC Chargers,Dazebox Share,Dazebox Share TK,"Dazebox Share TK three-phase 32 A, black cover, 22.2 kW, type 2 coiled cable extendable up to 5 m with integrated cable holder, monochrome display, ISO 15118-20 V2G ready, Bluetooth, WiFi, Ethernet, and 4G USB modem compatibility, RFID reader, integrated circuit breaker protection, MID meter, black cover","Dazebox Share TK trifase 32 A, 22,2 kW, cavo tipo 2 spiralato estendibile fino a 5 m con portacavo integrato, display monocromatico, ISO 15118-20 V2G ready, connettività Bluetooth, WiFi ed Ethernet e compatibilità con modem USB 4G, lettore RFID, protezione magnetotermica differenziale integrata, misuratore MID, cover nera",,,,,,March 2026,"€ 352,87","€ 4,30","€ 25,10","€ 382,27","1,0%","€ 3,00","32,0%",Abroad,FALSE,FALSE,FALSE,FALSE,FALSE,FALSE,FALSE,FALSE,FALSE,FALSE,FALSE,FALSE,FALSE,FALSE,Active
DS04AB32MCP,,AC Chargers,Dazebox Share,Dazebox Share SK,"Dazebox Share SK single-phase 32 A, black cover, 7.4 kW, type 2 socket, monochrome display, Bluetooth, WiFi, Ethernet, and 4G USB modem compatibility, RFID reader, integrated circuit breaker protection, black cover","Dazebox Share SK monofase 32 A, 7,4 kW, presa tipo 2, display monocromatico, connettività Bluetooth, WiFi ed Ethernet e compatibilità con modem USB 4G, lettore RFID, protezione magnetotermica differenziale integrata, cover nera",,,,,,March 2026,"€ 246,38","€ 4,58","€ 25,10","€ 276,05","1,0%","€ 3,00","34,0%",Abroad,TRUE,FALSE,FALSE,TRUE,FALSE,FALSE,TRUE,FALSE,FALSE,TRUE,TRUE,FALSE,FALSE,FALSE,Active
DS04AB32TCP,,AC Chargers,Dazebox Share,Dazebox Share SK,"Dazebox Share SK three-phase 32 A, black cover, 22.2 kW, type 2 socket, monochrome display, Bluetooth, WiFi, Ethernet, and 4G USB modem compatibility, RFID reader, integrated circuit breaker protection, black cover","Dazebox Share SK trifase 32 A, 22,2 kW, presa tipo 2, display monocromatico, connettività Bluetooth, WiFi ed Ethernet e compatibilità con modem USB 4G, lettore RFID, protezione magnetotermica differenziale integrata, cover nera",,,,,,March 2026,"€ 253,76","€ 4,58","€ 25,10","€ 283,43","1,0%","€ 3,00","34,0%",Abroad,FALSE,TRUE,FALSE,TRUE,FALSE,FALSE,TRUE,FALSE,FALSE,TRUE,TRUE,FALSE,FALSE,FALSE,Active
DS04AB32MMP,,AC Chargers,Dazebox Share,Dazebox Share SK,"Dazebox Share SK single-phase 32 A, black cover, 7.4 kW, type 2 socket, monochrome display, Bluetooth, WiFi, Ethernet, and 4G USB modem compatibility, RFID reader, integrated circuit breaker protection, MID meter, black cover","Dazebox Share SK monofase 32 A, 7,4 kW, presa tipo 2, display monocromatico, connettività Bluetooth, WiFi ed Ethernet e compatibilità con modem USB 4G, lettore RFID, protezione magnetotermica differenziale integrata, misuratore MID, cover nera",,,,,,March 2026,"€ 290,17","€ 4,58","€ 25,10","€ 319,85","1,0%","€ 3,00","34,0%",Abroad,TRUE,FALSE,FALSE,TRUE,FALSE,FALSE,TRUE,FALSE,FALSE,TRUE,TRUE,FALSE,TRUE,FALSE,Active
DS04AB32TMP,,AC Chargers,Dazebox Share,Dazebox Share SK,"Dazebox Share SK three-phase 32 A, black cover, 22.2 kW, type 2 socket, monochrome display, Bluetooth, WiFi, Ethernet, and 4G USB modem compatibility, RFID reader, integrated circuit breaker protection, MID meter, black cover","Dazebox Share SK trifase 32 A, 22,2 kW, presa tipo 2, display monocromatico, connettività Bluetooth, WiFi ed Ethernet e compatibilità con modem USB 4G, lettore RFID, protezione magnetotermica differenziale integrata, misuratore MID, cover nera",,,,,,March 2026,"€ 315,88","€ 4,58","€ 25,10","€ 345,55","1,0%","€ 3,00","34,0%",Abroad,FALSE,TRUE,FALSE,TRUE,FALSE,FALSE,TRUE,FALSE,FALSE,TRUE,TRUE,FALSE,TRUE,FALSE,Active
DT05AB32M5C,,AC Chargers,Dazebox Pro,Dazebox Pro T,"Dazebox Pro T single-phase 32 A, black cover, 7.4 kW, 5 m type 2 cable, 4.3'' color LCD display, ISO 15118-20 V2G ready, Bluetooth, WiFi, Ethernet connectivity, and compatibility with 4G USB modem, RFID reader, upstream relay, black cover","Dazebox Pro T monofase 32 A, 7,4 kW, cavo tipo 2 da 5 m, display LCD a colori da 4,3"", ISO 15118-20 V2G ready, connettività Bluetooth, WiFi ed Ethernet e compatibilità con modem USB 4G, lettore RFID, bobina di sgancio integrata, cover nera",,,,,,May 2026,"€ 289,63","€ 3,42","€ 13,10","€ 306,15","1,0%","€ 3,00","37,0%",Abroad,FALSE,FALSE,FALSE,FALSE,FALSE,FALSE,FALSE,FALSE,FALSE,FALSE,FALSE,FALSE,FALSE,FALSE,Active
DT05AB32M7C,,AC Chargers,Dazebox Pro,Dazebox Pro T,"Dazebox Pro T single-phase 32 A, black cover, 7.4 kW, 7 m type 2 cable, 4.3'' color LCD display, ISO 15118-20 V2G ready,Bluetooth, WiFi, Ethernet connectivity, and compatibility with 4G USB modem, RFID reader, upstream relay, black cover","Dazebox Pro T monofase 32 A, 7,4 kW, cavo tipo 2 da 7 m, display LCD a colori da 4,3"", ISO 15118-20 V2G ready, connettività Bluetooth, WiFi ed Ethernet e compatibilità con modem USB 4G, lettore RFID, bobina di sgancio integrata, cover nera",,,,,,May 2026,"€ 303,04","€ 3,42","€ 13,10","€ 319,56","1,0%","€ 3,00","37,0%",Abroad,FALSE,FALSE,FALSE,FALSE,FALSE,FALSE,FALSE,FALSE,FALSE,FALSE,FALSE,FALSE,FALSE,FALSE,Active
DT05AB32T5C,,AC Chargers,Dazebox Pro,Dazebox Pro T,"Dazebox Pro T three-phase 32 A, black cover, 22.2 kW, 5 m type 2 cable, 4.3'' color LCD display, ISO 15118-20 V2G ready, Bluetooth, WiFi, Ethernet connectivity, and compatibility with 4G USB modem, RFID reader, upstream relay, black cover","Dazebox Pro T trifase 32 A, 22,2 kW, cavo tipo 2 da 5 m, display LCD a colori da 4,3"", ISO 15118-20 V2G ready, connettività Bluetooth, WiFi ed Ethernet e compatibilità con modem USB 4G, lettore RFID, bobina di sgancio integrata, cover nera",,,,,,May 2026,"€ 315,81","€ 3,42","€ 13,10","€ 332,33","1,0%","€ 3,00","37,0%",Abroad,FALSE,FALSE,FALSE,FALSE,FALSE,FALSE,FALSE,FALSE,FALSE,FALSE,FALSE,FALSE,FALSE,FALSE,Active
DT05AB32T7C,,AC Chargers,Dazebox Pro,Dazebox Pro T,"Dazebox Pro T three-phase 32 A, black cover, 22.2 kW, 7 m type 2 cable, 4.3'' color LCD display, ISO 15118-20 V2G ready, Bluetooth, WiFi, Ethernet connectivity, and compatibility with 4G USB modem, RFID reader, upstream relay, black cover","Dazebox Pro T trifase 32 A, 22,2 kW, cavo tipo 2 da 7 m, display LCD a colori da 4,3"", ISO 15118-20 V2G ready, connettività Bluetooth, WiFi ed Ethernet e compatibilità con modem USB 4G, lettore RFID, bobina di sgancio integrata, cover nera",,,,,,May 2026,"€ 332,62","€ 3,42","€ 13,10","€ 349,14","1,0%","€ 3,00","37,0%",Abroad,FALSE,FALSE,FALSE,FALSE,FALSE,FALSE,FALSE,FALSE,FALSE,FALSE,FALSE,FALSE,FALSE,FALSE,Active
DS05AB32MC,,AC Chargers,Dazebox Pro,Dazebox Pro S,"Dazebox Pro S single-phase 32 A, black cover, 7.4 kW, type 2 socket, 4.3'' color LCD display, ISO 15118-20 V2G ready, Bluetooth, WiFi, Ethernet, and 4G USB modem compatibility, RFID reader, black cover","Dazebox Pro S monofase 32 A, 7,4 kW, presa tipo 2, display LCD a colori da 4,3"", ISO 15118-20 V2G ready, connettività Bluetooth, WiFi ed Ethernet e compatibilità con modem USB 4G, lettore RFID, cover nera",,,,,,May 2026,"€ 298,76","€ 4,30","€ 13,10","€ 316,16","1,0%","€ 3,00","37,0%",Abroad,FALSE,FALSE,FALSE,FALSE,FALSE,FALSE,FALSE,FALSE,FALSE,FALSE,FALSE,FALSE,FALSE,FALSE,Active
DS05AB32TC,,AC Chargers,Dazebox Pro,Dazebox Pro S,"Dazebox Pro S three-phase 32 A, black cover, 22.2 kW, type 2 socket, 4.3'' color LCD display, ISO 15118-20 V2G ready, Bluetooth, WiFi, Ethernet, and 4G USB modem compatibility, RFID reader, black cover","Dazebox Pro S trifase 32 A, 22,2 kW, presa tipo 2, display LCD a colori da 4,3"", ISO 15118-20 V2G ready, connettività Bluetooth, WiFi ed Ethernet e compatibilità con modem USB 4G, lettore RFID, cover nera",,,,,,May 2026,"€ 314,26","€ 4,30","€ 13,10","€ 331,66","1,0%","€ 3,00","37,0%",Abroad,FALSE,FALSE,FALSE,FALSE,FALSE,FALSE,FALSE,FALSE,FALSE,FALSE,FALSE,FALSE,FALSE,FALSE,Active
DS05AB32MM,,AC Chargers,Dazebox Pro,Dazebox Pro S,"Dazebox Pro S single-phase 32 A, black cover, 7.4 kW, type 2 socket, 4.3'' color LCD display, ISO 15118-20 V2G ready, Bluetooth, WiFi, Ethernet, and 4G USB modem compatibility, RFID reader, MID meter, black cover","Dazebox Pro S monofase 32 A, 7,4 kW, presa tipo 2, display LCD a colori da 4,3"", ISO 15118-20 V2G ready, connettività Bluetooth, WiFi ed Ethernet e compatibilità con modem USB 4G, lettore RFID, misuratore MID, cover nera",,,,,,May 2026,"€ 329,50","€ 4,30","€ 13,10","€ 346,90","1,0%","€ 3,00","37,0%",Abroad,FALSE,FALSE,FALSE,FALSE,FALSE,FALSE,FALSE,FALSE,FALSE,FALSE,FALSE,FALSE,FALSE,FALSE,Active
DS05AB32TM,,AC Chargers,Dazebox Pro,Dazebox Pro S,"Dazebox Pro S three-phase 32 A, black cover, 22.2 kW, type 2 socket, 4.3'' color LCD display, ISO 15118-20 V2G ready, Bluetooth, WiFi, Ethernet, and 4G USB modem compatibility, RFID reader, MID meter, black cover","Dazebox Pro S trifase 32 A, 22,2 kW, presa tipo 2, display LCD a colori da 4,3"", ISO 15118-20 V2G ready, connettività Bluetooth, WiFi ed Ethernet e compatibilità con modem USB 4G, lettore RFID, misuratore MID, cover nera",,,,,,May 2026,"€ 364,88","€ 4,30","€ 13,10","€ 382,28","1,0%","€ 3,00","37,0%",Abroad,FALSE,FALSE,FALSE,FALSE,FALSE,FALSE,FALSE,FALSE,FALSE,FALSE,FALSE,FALSE,FALSE,FALSE,Active
DS02AB32MCY,,AC Chargers,DazeBox Share,DazeBox Share S,"Dazebox Share S single-phase 32 A, black cover, 7.4 kW, type 2 socket, monochrome display, Bluetooth, WiFi, Ethernet, and 4G USB modem compatibility, RFID reader, smart Schuko socket",,,,,,,TBD,,"€ 4,30","€ 17,10","€ 21,40","1,0%","€ 3,00","34,0%",Abroad,TRUE,FALSE,FALSE,TRUE,FALSE,FALSE,TRUE,FALSE,FALSE,TRUE,FALSE,FALSE,FALSE,TRUE,Inactive
DS02AB32MMY,,AC Chargers,DazeBox Share,DazeBox Share S,"Dazebox Share S single-phase 32 A, black cover, 7.4 kW, type 2 socket, monochrome display, Bluetooth, WiFi, Ethernet, and 4G USB modem compatibility, RFID reader, MID meter, smart Schuko socket",,,,,,,TBD,,"€ 4,30","€ 17,10","€ 21,40","1,0%","€ 3,00","34,0%",Abroad,TRUE,FALSE,FALSE,TRUE,FALSE,FALSE,TRUE,FALSE,FALSE,TRUE,FALSE,FALSE,TRUE,TRUE,Inactive
DS02AB32TCY,,AC Chargers,DazeBox Share,DazeBox Share S,"Dazebox Share S three-phase 32 A, black cover, 22.2 kW, type 2 socket, monochrome display, Bluetooth, WiFi, Ethernet, and 4G USB modem compatibility, RFID reader, smart Schuko socket",,,,,,,TBD,,"€ 4,30","€ 17,10","€ 21,40","1,0%","€ 3,00","34,0%",Abroad,FALSE,TRUE,FALSE,TRUE,FALSE,FALSE,TRUE,FALSE,FALSE,TRUE,FALSE,FALSE,FALSE,TRUE,Inactive
DS02AB32TMY,,AC Chargers,DazeBox Share,DazeBox Share S,"Dazebox Share S three-phase 32 A, black cover, 22.2 kW, type 2 socket, monochrome display, Bluetooth, WiFi, Ethernet, and 4G USB modem compatibility, RFID reader, MID meter, smart Schuko socket",,,,,,,TBD,,"€ 4,30","€ 17,10","€ 21,40","1,0%","€ 3,00","34,0%",Abroad,FALSE,TRUE,FALSE,TRUE,FALSE,FALSE,TRUE,FALSE,FALSE,TRUE,FALSE,FALSE,TRUE,TRUE,Inactive
SS04IT32MC,,AC Chargers,Stilo,Stilo S ,"Stilo S single-phase 32 A, 7.4 kW, Type 2 socket, monochrome display, ISO 15118-20 V2G ready, Bluetooth, WiFi, Ethernet connectivity and USB 4G modem compatibility, RFID reader, AISI 304 stainless steel, integrated shunt trip coil.","Stilo S monofase 32 A, 7,4 kW, socket tipo 2, display monocromatico, ISO 15118-20 V2G ready, Bluetooth, WiFi, Ethernet e compatibilità con modem 4G USB, lettore RFID, inox AISI304, bobina di sgancio integrata","Stilo S monofásico 32 A, 7,4 kW, toma tipo 2, pantalla monocromática, ISO 15118-20 V2G ready, Bluetooth, WiFi, Ethernet y compatibilidad con módem USB 4G, lector RFID, acero inoxidable AISI 304,","Stilo S einphasig 32 A, 7,4 kW, Typ-2-Steckdose, monochromes Display, ISO 15118-20 V2G ready, Bluetooth, WiFi, Ethernet und Kompatibilität mit 4G-USB-Modem, RFID-Leser, Edelstahl AISI 304, integrierte Auslösespule","Urban T triphasé 64 A, 2 × 22 kW, câble spiralé Type 2 de 5 m, écran monochrome, ISO 15118-20 V2G ready, Bluetooth, WiFi, connectivité Ethernet et compatibilité avec modem USB 4G, double lecteur RFID, protections RCBO intégrées, bobine de déclenchement intégrée (shunt trip), acier inoxydable AISI 304.","Stilo S monofásico 32 A, 7,4 kW, tomada tipo 2, display monocromático, ISO 15118-20 V2G ready, Bluetooth, WiFi, Ethernet e compatibilidade com modem USB 4G, leitor RFID, aço inoxidável AISI 304",,March 2026,"€ 517,13","€ 4,58","€ 63,90","€ 585,61","1,5%","€ 3,00",34%,Italy,FALSE,FALSE,FALSE,FALSE,FALSE,FALSE,FALSE,FALSE,FALSE,FALSE,FALSE,FALSE,FALSE,FALSE,Active
SS04IT32TC,,AC Chargers,Stilo,Stilo S ,"Stilo S three-phase 32 A, 22 kW, Type 2 socket, monochrome display, ISO 15118-20 V2G ready, Bluetooth, WiFi, Ethernet connectivity and USB 4G modem compatibility, RFID reader, AISI 304 stainless steel, integrated shunt trip coil.","Stilo S trifase 32 A, 22 kW, socket tipo 2, display monocromatico, ISO 15118-20 V2G ready, Bluetooth, WiFi, Ethernet e compatibilità con modem 4G USB, lettore RFID, inox AISI304, bobina di sgancio integrata","Stilo S trifásico 32 A, 22 kW, toma tipo 2, pantalla monocromática, ISO 15118-20 V2G ready, Bluetooth, WiFi, Ethernet y compatibilidad con módem USB 4G, lector RFID, acero inoxidable AISI 304,","Stilo S dreiphasig 32 A, 22 kW, Typ-2-Steckdose, monochromes Display, ISO 15118-20 V2G ready, Bluetooth, WiFi, Ethernet und Kompatibilität mit 4G-USB-Modem, RFID-Leser, Edelstahl AISI 304, integrierte Auslösespule","Stilo S triphasé 32 A, 22 kW, prise type 2, écran monochrome, ISO 15118-20 V2G ready, Bluetooth, WiFi, Ethernet et compatibilité avec modem USB 4G, lecteur RFID, inox AISI 304","Stilo S trifásico 32 A, 22 kW, tomada tipo 2, display monocromático, ISO 15118-20 V2G ready, Bluetooth, WiFi, Ethernet e compatibilidade com modem USB 4G, leitor RFID, aço inoxidável AISI 304",,March 2026,"€ 557,38","€ 4,58","€ 63,90","€ 625,85","1,5%","€ 3,00",34%,Italy,FALSE,FALSE,FALSE,FALSE,FALSE,FALSE,FALSE,FALSE,FALSE,FALSE,FALSE,FALSE,FALSE,FALSE,Active
SS04IT32MCR,,AC Chargers,Stilo,Stilo S ,"Stilo S single-phase 32 A, 7.4 kW, Type 2 socket, monochrome display, ISO 15118-20 V2G ready, Bluetooth, WiFi, Ethernet connectivity and USB 4G modem compatibility, RFID reader, AISI 304 stainless steel, integrated shunt trip coil, integrated thermal-magnetic residual current protection and permanent and transient overvoltage protection.","Stilo S monofase 32 A, 7,4 kW, socket tipo 2, display monocromatico, ISO 15118-20 V2G ready, Bluetooth, WiFi, Ethernet e compatibilità con modem 4G USB, lettore RFID, inox AISI304, bobina di sgancio integrata, protezione magnetotermica differenziale e di sovratensione permanente e transitoria integrate","Stilo S monofásico 32 A, 7,4 kW, toma tipo 2, pantalla monocromática, ISO 15118-20 V2G ready, Bluetooth, WiFi, Ethernet y compatibilidad con módem USB 4G, lector RFID, acero inoxidable AISI 304, protección magnetotérmica diferencial y protección contra sobretensiones permanentes y transitorias integradas","Stilo S einphasig 32 A, 7,4 kW, Typ-2-Steckdose, monochromes Display, ISO 15118-20 V2G ready, Bluetooth, WiFi, Ethernet und Kompatibilität mit 4G-USB-Modem, RFID-Leser, Edelstahl AISI 304, integrierte Auslösespule, integrierter RCBO-Schutz sowie permanenter und transienter Überspannungsschutz","Stilo S monophasé 32 A, 7,4 kW, prise type 2, écran monochrome, ISO 15118-20 V2G ready, Bluetooth, WiFi, Ethernet et compatibilité avec modem USB 4G, lecteur RFID, inox AISI 304, RCBO intégré et protection contre les surtensions permanentes et transitoires","Stilo S monofásico 32 A, 7,4 kW, tomada tipo 2, display monocromático, ISO 15118-20 V2G ready, Bluetooth, WiFi, Ethernet e compatibilidade com modem USB 4G, leitor RFID, aço inoxidável AISI 304, proteção magnetotérmica diferencial e proteção contra sobretensões permanentes e transitórias integradas",,March 2026,"€ 528,53","€ 4,58","€ 63,90","€ 597,01","1,5%","€ 3,00",34%,Italy,FALSE,FALSE,FALSE,FALSE,FALSE,FALSE,FALSE,FALSE,FALSE,FALSE,FALSE,FALSE,FALSE,FALSE,Active
SS04IT32TCR,,AC Chargers,Stilo,Stilo S ,"Stilo S three-phase 32 A, 22 kW, Type 2 socket, monochrome display, ISO 15118-20 V2G ready, Bluetooth, WiFi, Ethernet connectivity and USB 4G modem compatibility, RFID reader, AISI 304 stainless steel, integrated shunt trip coil, integrated thermal-magnetic residual current protection and permanent and transient overvoltage protection.","Stilo S trifase 32 A, 22 kW, socket tipo 2, display monocromatico, ISO 15118-20 V2G ready, Bluetooth, WiFi, Ethernet e compatibilità con modem 4G USB, lettore RFID, inox AISI304, bobina di sgancio integrata, protezione magnetotermica differenziale e di sovratensione permanente e transitoria integrate","Stilo S trifásico 32 A, 22 kW, toma tipo 2, pantalla monocromática, ISO 15118-20 V2G ready, Bluetooth, WiFi, Ethernet y compatibilidad con módem USB 4G, lector RFID, acero inoxidable AISI 304, protección magnetotérmica diferencial y protección contra sobretensiones permanentes y transitorias integradas","Stilo S dreiphasig 32 A, 22 kW, Typ-2-Steckdose, monochromes Display, ISO 15118-20 V2G ready, Bluetooth, WiFi, Ethernet und Kompatibilität mit 4G-USB-Modem, RFID-Leser, Edelstahl AISI 304, integrierte Auslösespule, integrierter RCBO-Schutz sowie permanenter und transienter Überspannungsschutz","Stilo S triphasé 32 A, 22 kW, prise type 2, écran monochrome, ISO 15118-20 V2G ready, Bluetooth, WiFi, Ethernet et compatibilité avec modem USB 4G, lecteur RFID, inox AISI 304, RCBO intégré et protection contre les surtensions permanentes et transitoires","Stilo S trifásico 32 A, 22 kW, tomada tipo 2, display monocromático, ISO 15118-20 V2G ready, Bluetooth, WiFi, Ethernet e compatibilidade com modem USB 4G, leitor RFID, aço inoxidável AISI 304, proteção magnetotérmica diferencial e proteção contra sobretensões permanentes e transitórias integradas",,March 2026,"€ 574,91","€ 4,58","€ 63,90","€ 643,38","1,5%","€ 3,00",34%,Italy,FALSE,FALSE,FALSE,FALSE,FALSE,FALSE,FALSE,FALSE,FALSE,FALSE,FALSE,FALSE,FALSE,FALSE,Active
SS04IT32MM,,AC Chargers,Stilo,Stilo S ,"Stilo S monofase 32 A, 7,4 kW, socket tipo 2, display monocromatico, ISO 15118-20 V2G ready, Bluetooth, WiFi, Ethernet e compatibilità con modem 4G USB, lettore RFID, inox AISI304, bobina di sgancio integrata, protezione magnetotermica differenziale integrata, misuratore MID",,,,,,,March 2026,#REF!,"€ 4,58","€ 63,90",#REF!,"1,0%","€ 3,00","36,0%",Italy,FALSE,FALSE,FALSE,FALSE,FALSE,FALSE,FALSE,FALSE,FALSE,FALSE,FALSE,FALSE,FALSE,FALSE,Inactive
SS04IT32TM,,AC Chargers,Stilo,Stilo S ,"Stilo S three-phase 32 A, 22 kW, Type 2 socket, monochrome display, ISO 15118-20 V2G ready, Bluetooth, WiFi, Ethernet connectivity and USB 4G modem compatibility, RFID reader, AISI 304 stainless steel, integrated shunt trip coil, MID meter.","Stilo S trifase 32 A, 22 kW, socket tipo 2, display monocromatico, ISO 15118-20 V2G ready, Bluetooth, WiFi, Ethernet e compatibilità con modem 4G USB, lettore RFID, inox AISI304, bobina di sgancio integrata, misuratore MID","Stilo S trifásico 32 A, 22 kW, toma tipo 2, pantalla monocromática, ISO 15118-20 V2G ready, Bluetooth, WiFi, Ethernet y compatibilidad con módem USB 4G, lector RFID, acero inoxidable AISI 304, contador MID","Stilo S dreiphasig 32 A, 22 kW, Typ-2-Steckdose, monochromes Display, ISO 15118-20 V2G ready, Bluetooth, WiFi, Ethernet und Kompatibilität mit 4G-USB-Modem, RFID-Leser, Edelstahl AISI 304, integrierte Auslösespule, MID-Zähler","Stilo S triphasé 32 A, 22 kW, prise type 2, écran monochrome, ISO 15118-20 V2G ready, Bluetooth, WiFi, Ethernet et compatibilité avec modem USB 4G, lecteur RFID, inox AISI 304, compteur MID","Stilo S trifásico 32 A, 22 kW, tomada tipo 2, display monocromático, ISO 15118-20 V2G ready, Bluetooth, WiFi, Ethernet e compatibilidade com modem USB 4G, leitor RFID, aço inoxidável AISI 304, contador MID",,March 2026,"€ 606,38","€ 4,58","€ 63,90","€ 674,85","1,5%","€ 3,00",34%,Italy,FALSE,FALSE,FALSE,FALSE,FALSE,FALSE,FALSE,FALSE,FALSE,FALSE,FALSE,FALSE,FALSE,FALSE,Active
SS04IT32MMR,,AC Chargers,Stilo,Stilo S ,"Stilo S monofase 32 A, 7,4 kW, socket tipo 2, display monocromatico, ISO 15118-20 V2G ready, Bluetooth, WiFi, Ethernet e compatibilità con modem 4G USB, lettore RFID, inox AISI304, bobina di sgancio integrata, protezione magnetotermica differenziale e di sovratensione permanente e transitoria integrate, misuratore MID",,,,,,,March 2026,#REF!,"€ 4,58","€ 63,90",#REF!,"1,5%","€ 3,00","36,0%",Italy,FALSE,FALSE,FALSE,FALSE,FALSE,FALSE,FALSE,FALSE,FALSE,FALSE,FALSE,FALSE,FALSE,FALSE,Inactive
SS04IT32TMR,,AC Chargers,Stilo,Stilo S ,"Stilo S three-phase 32 A, 22 kW, Type 2 socket, monochrome display, ISO 15118-20 V2G ready, Bluetooth, WiFi, Ethernet connectivity and USB 4G modem compatibility, RFID reader, AISI 304 stainless steel, integrated shunt trip coil, integrated thermal-magnetic residual current protection and permanent and transient overvoltage protection, MID meter.","Stilo S trifase 32 A, 22 kW, socket tipo 2, display monocromatico, ISO 15118-20 V2G ready, Bluetooth, WiFi, Ethernet e compatibilità con modem 4G USB, lettore RFID, inox AISI304, bobina di sgancio integrata, protezione magnetotermica differenziale e di sovratensione permanente e transitoria integrate, misuratore MID","Stilo S trifásico 32 A, 22 kW, toma tipo 2, pantalla monocromática, ISO 15118-20 V2G ready, Bluetooth, WiFi, Ethernet y compatibilidad con módem USB 4G, lector RFID, acero inoxidable AISI 304, protección magnetotérmica diferencial y protección contra sobretensiones permanentes y transitorias integradas, contador MID","Stilo S dreiphasig 32 A, 22 kW, Typ-2-Steckdose, monochromes Display, ISO 15118-20 V2G ready, Bluetooth, WiFi, Ethernet und Kompatibilität mit 4G-USB-Modem, RFID-Leser, Edelstahl AISI 304, integrierte Auslösespule, integrierter RCBO-Schutz sowie permanenter und transienter Überspannungsschutz, MID-Zähler","Stilo S triphasé 32 A, 22 kW, prise type 2, écran monochrome, ISO 15118-20 V2G ready, Bluetooth, WiFi, Ethernet et compatibilité avec modem USB 4G, lecteur RFID, inox AISI 304, RCBO intégré et protection contre les surtensions permanentes et transitoires, compteur MID","Stilo S trifásico 32 A, 22 kW, tomada tipo 2, display monocromático, ISO 15118-20 V2G ready, Bluetooth, WiFi, Ethernet e compatibilidade com modem USB 4G, leitor RFID, aço inoxidável AISI 304, proteção magnetotérmica diferencial e proteção contra sobretensões permanentes e transitórias integradas, contador MID",,March 2026,"€ 623,91","€ 4,58","€ 63,90","€ 692,38","1,5%","€ 3,00",34%,Italy,FALSE,FALSE,FALSE,FALSE,FALSE,FALSE,FALSE,FALSE,FALSE,FALSE,FALSE,FALSE,FALSE,FALSE,Active
SS05IT32MC,,AC Chargers,Stilo Pro,Stilo Pro S,"Stilo Pro S single-phase 32 A, 7.4 kW, Type 2 socket, 4.3'' colour LCD display, ISO 15118-20 V2G ready, Bluetooth, WiFi, Ethernet connectivity and USB 4G modem compatibility, RFID reader, AISI 304 stainless steel, integrated shunt trip coil, integrated thermal-magnetic residual current protection.","Stilo Pro S monofase 32 A, 7,4 kW, socket tipo 2, display LCD 4,3'' a colori, ISO 15118-20 V2G ready, Bluetooth, WiFi, Ethernet e compatibilità con modem 4G USB, lettore RFID, inox AISI304, bobina di sgancio integrata, protezione magnetotermica differenziale integrata","Stilo Pro S monofásico 32 A, 7,4 kW, toma tipo 2, pantalla LCD a color de 4,3'', ISO 15118-20 V2G ready, Bluetooth, WiFi, Ethernet y compatibilidad con módem USB 4G, lector RFID, acero inoxidable AISI 304, protección magnetotérmica diferencial integrada","Stilo Pro S einphasig 32 A, 7,4 kW, Typ-2-Steckdose, 4,3"" Farb-LCD-Display, ISO 15118-20 V2G ready, Bluetooth, WiFi, Ethernet und Kompatibilität mit 4G-USB-Modem, RFID-Leser, Edelstahl AISI 304, integrierte Auslösespule, integrierter RCBO-Schutz","Stilo Pro S monophasé 32 A, 7,4 kW, prise type 2, écran LCD couleur 4,3"", ISO 15118-20 V2G ready, Bluetooth, WiFi, Ethernet et compatibilité avec modem USB 4G, lecteur RFID, inox AISI 304, RCBO intégré","Stilo Pro S monofásico 32 A, 7,4 kW, tomada tipo 2, display LCD colorido de 4,3'', ISO 15118-20 V2G ready, Bluetooth, WiFi, Ethernet e compatibilidade com modem USB 4G, leitor RFID, aço inoxidável AISI 304, proteção magnetotérmica diferencial integrada",,May 2026,"€ 572,13","€ 4,58","€ 63,90","€ 640,61","1,5%","€ 3,00",36%,Italy,FALSE,FALSE,FALSE,FALSE,FALSE,FALSE,FALSE,FALSE,FALSE,FALSE,FALSE,FALSE,FALSE,FALSE,Active
SS05IT32TC,,AC Chargers,Stilo Pro,Stilo Pro S,"Stilo Pro S three-phase 32 A, 22 kW, Type 2 socket, 4.3'' colour LCD display, ISO 15118-20 V2G ready, Bluetooth, WiFi, Ethernet connectivity and USB 4G modem compatibility, RFID reader, AISI 304 stainless steel, integrated shunt trip coil.","Stilo Pro S trifase 32 A, 22 kW, socket tipo 2, display LCD 4,3'' a colori, ISO 15118-20 V2G ready, Bluetooth, WiFi, Ethernet e compatibilità con modem 4G USB, lettore RFID, inox AISI304, bobina di sgancio integrata","Stilo Pro S trifásico 32 A, 22 kW, toma tipo 2, pantalla LCD a color de 4,3'', ISO 15118-20 V2G ready, Bluetooth, WiFi, Ethernet y compatibilidad con módem USB 4G, lector RFID, acero inoxidable AISI 304,","Stilo Pro S dreiphasig 32 A, 22 kW, Typ-2-Steckdose, 4,3"" Farb-LCD-Display, ISO 15118-20 V2G ready, Bluetooth, WiFi, Ethernet und Kompatibilität mit 4G-USB-Modem, RFID-Leser, Edelstahl AISI 304, integrierte Auslösespule","Stilo Pro S triphasé 32 A, 22 kW, prise type 2, écran LCD couleur 4,3"", ISO 15118-20 V2G ready, Bluetooth, WiFi, Ethernet et compatibilité avec modem USB 4G, lecteur RFID, inox AISI 304","Stilo Pro S trifásico 32 A, 22 kW, tomada tipo 2, display LCD colorido de 4,3'', ISO 15118-20 V2G ready, Bluetooth, WiFi, Ethernet e compatibilidade com modem USB 4G, leitor RFID, aço inoxidável AISI 304",,May 2026,"€ 612,38","€ 4,58","€ 63,90","€ 680,85","1,5%","€ 3,00",36%,Italy,FALSE,FALSE,FALSE,FALSE,FALSE,FALSE,FALSE,FALSE,FALSE,FALSE,FALSE,FALSE,FALSE,FALSE,Active
SS05IT32MCR,,AC Chargers,Stilo Pro,Stilo Pro S,"Stilo Pro S single-phase 32 A, 7.4 kW, Type 2 socket, 4.3'' colour LCD display, ISO 15118-20 V2G ready, Bluetooth, WiFi, Ethernet connectivity and USB 4G modem compatibility, RFID reader, AISI 304 stainless steel, integrated shunt trip coil, integrated thermal-magnetic residual current protection and permanent and transient overvoltage protection.","Stilo Pro S monofase 32 A, 7,4 kW, socket tipo 2, display LCD 4,3'' a colori, ISO 15118-20 V2G ready, Bluetooth, WiFi, Ethernet e compatibilità con modem 4G USB, lettore RFID, inox AISI304, bobina di sgancio integrata, protezione magnetotermica differenziale e di sovratensione permanente e transitoria integrate","Stilo Pro S monofásico 32 A, 7,4 kW, toma tipo 2, pantalla LCD a color de 4,3'', ISO 15118-20 V2G ready, Bluetooth, WiFi, Ethernet y compatibilidad con módem USB 4G, lector RFID, acero inoxidable AISI 304, protección magnetotérmica diferencial y protección contra sobretensiones permanentes y transitorias integradas","Stilo Pro S einphasig 32 A, 7,4 kW, Typ-2-Steckdose, 4,3"" Farb-LCD-Display, ISO 15118-20 V2G ready, Bluetooth, WiFi, Ethernet und Kompatibilität mit 4G-USB-Modem, RFID-Leser, Edelstahl AISI 304, integrierte Auslösespule, integrierter RCBO-Schutz sowie permanenter und transienter Überspannungsschutz","Stilo Pro S monophasé 32 A, 7,4 kW, prise type 2, écran LCD couleur 4,3"", ISO 15118-20 V2G ready, Bluetooth, WiFi, Ethernet et compatibilité avec modem USB 4G, lecteur RFID, inox AISI 304, RCBO intégré et protection contre les surtensions permanentes et transitoires","Stilo Pro S monofásico 32 A, 7,4 kW, tomada tipo 2, display LCD colorido de 4,3'', ISO 15118-20 V2G ready, Bluetooth, WiFi, Ethernet e compatibilidade com modem USB 4G, leitor RFID, aço inoxidável AISI 304, proteção magnetotérmica diferencial e proteção contra sobretensões permanentes e transitórias integradas",,May 2026,"€ 583,53","€ 4,58","€ 63,90","€ 652,01","1,5%","€ 3,00",36%,Italy,FALSE,FALSE,FALSE,FALSE,FALSE,FALSE,FALSE,FALSE,FALSE,FALSE,FALSE,FALSE,FALSE,FALSE,Active
SS05IT32TCR,,AC Chargers,Stilo Pro,Stilo Pro S,"Stilo Pro S three-phase 32 A, 22 kW, Type 2 socket, 4.3'' colour LCD display, ISO 15118-20 V2G ready, Bluetooth, WiFi, Ethernet connectivity and USB 4G modem compatibility, RFID reader, AISI 304 stainless steel, integrated shunt trip coil, integrated thermal-magnetic residual current protection and permanent and transient overvoltage protection.","Stilo Pro S trifase 32 A, 22 kW, socket tipo 2, display LCD 4,3'' a colori, ISO 15118-20 V2G ready, Bluetooth, WiFi, Ethernet e compatibilità con modem 4G USB, lettore RFID, inox AISI304, bobina di sgancio integrata, protezione magnetotermica differenziale e di sovratensione permanente e transitoria integrate","Stilo Pro S trifásico 32 A, 22 kW, toma tipo 2, pantalla LCD a color de 4,3'', ISO 15118-20 V2G ready, Bluetooth, WiFi, Ethernet y compatibilidad con módem USB 4G, lector RFID, acero inoxidable AISI 304, protección magnetotérmica diferencial y protección contra sobretensiones permanentes y transitorias integradas","Stilo Pro S dreiphasig 32 A, 22 kW, Typ-2-Steckdose, 4,3"" Farb-LCD-Display, ISO 15118-20 V2G ready, Bluetooth, WiFi, Ethernet und Kompatibilität mit 4G-USB-Modem, RFID-Leser, Edelstahl AISI 304, integrierte Auslösespule, integrierter RCBO-Schutz sowie permanenter und transienter Überspannungsschutz","Stilo Pro S triphasé 32 A, 22 kW, prise type 2, écran LCD couleur 4,3"", ISO 15118-20 V2G ready, Bluetooth, WiFi, Ethernet et compatibilité avec modem USB 4G, lecteur RFID, inox AISI 304, RCBO intégré et protection contre les surtensions permanentes et transitoires","Stilo Pro S trifásico 32 A, 22 kW, tomada tipo 2, display LCD colorido de 4,3'', ISO 15118-20 V2G ready, Bluetooth, WiFi, Ethernet e compatibilidade com modem USB 4G, leitor RFID, aço inoxidável AISI 304, proteção magnetotérmica diferencial e proteção contra sobretensões permanentes e transitórias integradas",,May 2026,"€ 629,91","€ 4,58","€ 63,90","€ 698,38","1,5%","€ 3,00",36%,Italy,FALSE,FALSE,FALSE,FALSE,FALSE,FALSE,FALSE,FALSE,FALSE,FALSE,FALSE,FALSE,FALSE,FALSE,Active
SS05IT32MMP,,AC Chargers,Stilo Pro,Stilo Pro S,"Stilo Pro S monofase 32 A, 7,4 kW, socket tipo 2, display LCD 4,3'' a colori, ISO 15118-20 V2G ready, Bluetooth, WiFi, Ethernet e compatibilità con modem 4G USB, lettore RFID, inox AISI304, bobina di sgancio integrata, protezione magnetotermica differenziale integrata, misuratore MID",,,,,,,TBD,#REF!,"€ 4,58","€ 63,90",#REF!,"1,5%","€ 3,00","36,0%",Italy,FALSE,FALSE,FALSE,FALSE,FALSE,FALSE,FALSE,FALSE,FALSE,FALSE,FALSE,FALSE,FALSE,FALSE,Inactive
SS05IT32TM,,AC Chargers,Stilo Pro,Stilo Pro S,"Stilo Pro S three-phase 32 A, 22 kW, Type 2 socket, 4.3'' colour LCD display, ISO 15118-20 V2G ready, Bluetooth, WiFi, Ethernet connectivity and USB 4G modem compatibility, RFID reader, AISI 304 stainless steel, integrated shunt trip coil, MID meter.","Stilo Pro S trifase 32 A, 22 kW, socket tipo 2, display LCD 4,3'' a colori, ISO 15118-20 V2G ready, Bluetooth, WiFi, Ethernet e compatibilità con modem 4G USB, lettore RFID, inox AISI304, bobina di sgancio integrata, misuratore MID","Stilo Pro S trifásico 32 A, 22 kW, toma tipo 2, pantalla LCD a color de 4,3'', ISO 15118-20 V2G ready, Bluetooth, WiFi, Ethernet y compatibilidad con módem USB 4G, lector RFID, acero inoxidable AISI 304, contador MID","Stilo Pro S dreiphasig 32 A, 22 kW, Typ-2-Steckdose, 4,3"" Farb-LCD-Display, ISO 15118-20 V2G ready, Bluetooth, WiFi, Ethernet und Kompatibilität mit 4G-USB-Modem, RFID-Leser, Edelstahl AISI 304, integrierte Auslösespule, MID-Zähler","Stilo Pro S triphasé 32 A, 22 kW, prise type 2, écran LCD couleur 4,3"", ISO 15118-20 V2G ready, Bluetooth, WiFi, Ethernet et compatibilité avec modem USB 4G, lecteur RFID, inox AISI 304, compteur MID","Stilo Pro S trifásico 32 A, 22 kW, tomada tipo 2, display LCD colorido de 4,3'', ISO 15118-20 V2G ready, Bluetooth, WiFi, Ethernet e compatibilidade com modem USB 4G, leitor RFID, aço inoxidável AISI 304, contador MID",,May 2026,"€ 661,38","€ 4,58","€ 63,90","€ 729,85","1,5%","€ 3,00",36%,Italy,FALSE,FALSE,FALSE,FALSE,FALSE,FALSE,FALSE,FALSE,FALSE,FALSE,FALSE,FALSE,FALSE,FALSE,Active
SS05IT32MMR,,AC Chargers,Stilo Pro,Stilo Pro S,"Stilo Pro S monofase 32 A, 7,4 kW, socket tipo 2, display LCD 4,3'' a colori, ISO 15118-20 V2G ready, Bluetooth, WiFi, Ethernet e compatibilità con modem 4G USB, lettore RFID, inox AISI304, bobina di sgancio integrata, protezione magnetotermica differenziale e di sovratensione permanente e transitoria integrate, misuratore MID",,,,,,,TBD,#REF!,"€ 4,58","€ 63,90",#REF!,"1,5%","€ 3,00","36,0%",Italy,FALSE,FALSE,FALSE,FALSE,FALSE,FALSE,FALSE,FALSE,FALSE,FALSE,FALSE,FALSE,FALSE,FALSE,Inactive
SS05IT32TMR,,AC Chargers,Stilo Pro,Stilo Pro S,"Stilo Pro S three-phase 32 A, 22 kW, Type 2 socket, 4.3'' colour LCD display, ISO 15118-20 V2G ready, Bluetooth, WiFi, Ethernet connectivity and USB 4G modem compatibility, RFID reader, AISI 304 stainless steel, integrated shunt trip coil, integrated thermal-magnetic residual current protection and permanent and transient overvoltage protection, MID meter.","Stilo Pro S trifase 32 A, 22 kW, socket tipo 2, display LCD 4,3'' a colori, ISO 15118-20 V2G ready, Bluetooth, WiFi, Ethernet e compatibilità con modem 4G USB, lettore RFID, inox AISI304, bobina di sgancio integrata, protezione magnetotermica differenziale e di sovratensione permanente e transitoria integrate, misuratore MID","Stilo Pro S trifásico 32 A, 22 kW, toma tipo 2, pantalla LCD a color de 4,3'', ISO 15118-20 V2G ready, Bluetooth, WiFi, Ethernet y compatibilidad con módem USB 4G, lector RFID, acero inoxidable AISI 304, protección magnetotérmica diferencial y protección contra sobretensiones permanentes y transitorias integradas, contador MID","Stilo Pro S dreiphasig 32 A, 22 kW, Typ-2-Steckdose, 4,3"" Farb-LCD-Display, ISO 15118-20 V2G ready, Bluetooth, WiFi, Ethernet und Kompatibilität mit 4G-USB-Modem, RFID-Leser, Edelstahl AISI 304, integrierte Auslösespule, integrierter RCBO-Schutz sowie permanenter und transienter Überspannungsschutz, MID-Zähler","Stilo Pro S triphasé 32 A, 22 kW, prise type 2, écran LCD couleur 4,3"", ISO 15118-20 V2G ready, Bluetooth, WiFi, Ethernet et compatibilité avec modem USB 4G, lecteur RFID, inox AISI 304, RCBO intégré et protection contre les surtensions permanentes et transitoires, compteur MID","Stilo Pro S trifásico 32 A, 22 kW, tomada tipo 2, display LCD colorido de 4,3'', ISO 15118-20 V2G ready, Bluetooth, WiFi, Ethernet e compatibilidade com modem USB 4G, leitor RFID, aço inoxidável AISI 304, proteção magnetotérmica diferencial e proteção contra sobretensões permanentes e transitórias integradas, contador MID",,May 2026,"€ 678,91","€ 4,58","€ 63,90","€ 747,38","1,5%","€ 3,00",36%,Italy,FALSE,FALSE,FALSE,FALSE,FALSE,FALSE,FALSE,FALSE,FALSE,FALSE,FALSE,FALSE,FALSE,FALSE,Active
SS04FR32MC,,AC Chargers,Stilo,Stilo S ,"Stilo Pro S single-phase 32 A, 7.4 kW, Type 2 socket, monochrome display, ISO 15118-20 V2G ready, Bluetooth, WiFi, Ethernet connectivity and USB 4G modem compatibility, RFID reader, AISI 304 stainless steel.","Stilo Pro S monofase 32 A, 7,4 kW, presa di tipo 2, display monocromatico, ISO 15118-20 V2G ready, connettività Bluetooth, WiFi ed Ethernet e compatibilità con modem USB 4G, lettore RFID, acciaio inox AISI 304.",,,"Stilo Pro S monophasée 32 A, 7,4 kW, prise type 2, écran monochrome, compatible ISO 15118-20 V2G, Bluetooth, WiFi, Ethernet et compatibilité avec modem 4G USB, lecteur RFID, inox AISI304",,,March 2026,"€ 522,88","€ 4,58","€ 63,90","€ 591,36","1,0%","€ 3,00",34%,France,FALSE,FALSE,FALSE,FALSE,FALSE,FALSE,FALSE,FALSE,FALSE,FALSE,FALSE,FALSE,FALSE,FALSE,Active
SS04FR32TC,,AC Chargers,Stilo,Stilo S ,"Stilo Pro S three-phase 32 A, 22 kW, Type 2 socket, monochrome display, ISO 15118-20 V2G ready, Bluetooth, WiFi, Ethernet connectivity and USB 4G modem compatibility, RFID reader, AISI 304 stainless steel.","Stilo Pro S trifase 32 A, 22 kW, presa di tipo 2, display monocromatico, ISO 15118-20 V2G ready, connettività Bluetooth, WiFi ed Ethernet e compatibilità con modem USB 4G, lettore RFID, acciaio inox AISI 304.",,,"Stilo Pro S triphasé 32 A, 22 kW, prise de type 2, écran monochrome, ISO 15118-20 V2G ready, Bluetooth, WiFi, Ethernet et compatibilité avec modem 4G USB, lecteur RFID, acier inoxydable AISI304",,,March 2026,"€ 542,48","€ 4,58","€ 63,90","€ 610,95","1,0%","€ 3,00",34%,France,FALSE,FALSE,FALSE,FALSE,FALSE,FALSE,FALSE,FALSE,FALSE,FALSE,FALSE,FALSE,FALSE,FALSE,Active
SS04FR32MCR,,AC Chargers,Stilo,Stilo S ,"Stilo Pro S single-phase 32 A, 7.4 kW, Type 2 socket, monochrome display, ISO 15118-20 V2G ready, Bluetooth, WiFi, Ethernet connectivity and USB 4G modem compatibility, RFID reader, AISI 304 stainless steel, integrated thermal-magnetic residual current protection and permanent and transient overvoltage protection.","Stilo Pro S monofase 32 A, 7,4 kW, presa di tipo 2, display monocromatico, ISO 15118-20 V2G ready, connettività Bluetooth, WiFi ed Ethernet e compatibilità con modem USB 4G, lettore RFID, acciaio inox AISI 304, protezione magnetotermica differenziale integrata e protezione contro le sovratensioni permanenti e transitorie.",,,"Stilo Pro S monophasé 32 A, 7,4 kW, prise de type 2, écran monochrome, ISO 15118-20 V2G ready, Bluetooth, WiFi, Ethernet et compatibilité avec modem 4G USB, lecteur RFID, inox AISI304, protection magnétothermique différentielle et contre les surtensions permanentes et transitoires intégrées",,,March 2026,"€ 534,28","€ 4,58","€ 63,90","€ 602,76","1,0%","€ 3,00",34%,France,FALSE,FALSE,FALSE,FALSE,FALSE,FALSE,FALSE,FALSE,FALSE,FALSE,FALSE,FALSE,FALSE,FALSE,Active
SS04FR32TCR,,AC Chargers,Stilo,Stilo S ,"Stilo Pro S three-phase 32 A, 22 kW, Type 2 socket, monochrome display, ISO 15118-20 V2G ready, Bluetooth, WiFi, Ethernet connectivity and USB 4G modem compatibility, RFID reader, AISI 304 stainless steel, integrated thermal-magnetic residual current protection and permanent and transient overvoltage protection.","Stilo Pro S trifase 32 A, 22 kW, presa di tipo 2, display monocromatico, ISO 15118-20 V2G ready, connettività Bluetooth, WiFi ed Ethernet e compatibilità con modem USB 4G, lettore RFID, acciaio inox AISI 304, protezione magnetotermica differenziale integrata e protezione contro le sovratensioni permanenti e transitorie.",,,"Stilo Pro S triphasé 32 A, 22 kW, prise type 2, écran monochrome, ISO 15118-20 V2G ready, Bluetooth, WiFi, Ethernet et compatibilité avec modem 4G USB, lecteur RFID, inox AISI304, protection magnétothermique différentielle et contre les surtensions permanentes et transitoires intégrées",,,March 2026,"€ 560,01","€ 4,58","€ 63,90","€ 628,48","1,0%","€ 3,00",34%,France,FALSE,FALSE,FALSE,FALSE,FALSE,FALSE,FALSE,FALSE,FALSE,FALSE,FALSE,FALSE,FALSE,FALSE,Active
SS04FR32MMP,,AC Chargers,Stilo,Stilo S ," Stilo Pro S monophasée 32 A, 7,4 kW, prise de type 2, écran monochrome, compatible ISO 15118-20 V2G, Bluetooth, WiFi, Ethernet et compatible avec modem 4G USB, lecteur RFID, acier inoxydable AISI304, protection magnétothermique différentielle intégrée, compteur MID.",,,,,,,March 2026,#REF!,"€ 4,58","€ 63,90",#REF!,"1,0%","€ 3,00","35,0%",France,FALSE,FALSE,FALSE,FALSE,FALSE,FALSE,FALSE,FALSE,FALSE,FALSE,FALSE,FALSE,FALSE,FALSE,Inactive
SS04FR32TM,,AC Chargers,Stilo,Stilo S ,"Stilo Pro S three-phase 32 A, 22 kW, Type 2 socket, monochrome display, ISO 15118-20 V2G ready, Bluetooth, WiFi, Ethernet connectivity and USB 4G modem compatibility, RFID reader, AISI 304 stainless steel, MID meter.","Stilo Pro S trifase 32 A, 22 kW, presa di tipo 2, display monocromatico, ISO 15118-20 V2G ready, connettività Bluetooth, WiFi ed Ethernet e compatibilità con modem USB 4G, lettore RFID, acciaio inox AISI 304, contatore MID.",,,"Stilo Pro S triphasé 32 A, 22 kW, prise type 2, écran monochrome, compatible ISO 15118-20 V2G, Bluetooth, WiFi, Ethernet et compatibilité avec modem 4G USB, lecteur RFID, inox AISI304, compteur MID",,,March 2026,"€ 591,48","€ 4,58","€ 63,90","€ 659,95","1,0%","€ 3,00",34%,France,FALSE,FALSE,FALSE,FALSE,FALSE,FALSE,FALSE,FALSE,FALSE,FALSE,FALSE,FALSE,FALSE,FALSE,Active
SS04FR32MMR,,AC Chargers,Stilo,Stilo S ,"Stilo Pro S monophasé 32 A, 7,4 kW, prise type 2, écran monochrome, ISO 15118-20 V2G ready, Bluetooth, WiFi, Ethernet et compatibilité avec modem 4G USB, lecteur RFID, acier inoxydable AISI304, protection magnétothermique différentielle et contre les surtensions permanentes et transitoires intégrées, compteur MID.",,,,,,,March 2026,#REF!,"€ 4,58","€ 63,90",#REF!,"1,0%","€ 3,00","35,0%",France,FALSE,FALSE,FALSE,FALSE,FALSE,FALSE,FALSE,FALSE,FALSE,FALSE,FALSE,FALSE,FALSE,FALSE,Inactive
SS04FR32TMR,,AC Chargers,Stilo,Stilo S ,"Stilo Pro S three-phase 32 A, 22 kW, Type 2 socket, monochrome display, ISO 15118-20 V2G ready, Bluetooth, WiFi, Ethernet connectivity and USB 4G modem compatibility, RFID reader, AISI 304 stainless steel, integrated thermal-magnetic residual current protection and permanent and transient overvoltage protection, MID meter.","Stilo Pro S trifase 32 A, 22 kW, presa di tipo 2, display monocromatico, ISO 15118-20 V2G ready, connettività Bluetooth, WiFi ed Ethernet e compatibilità con modem USB 4G, lettore RFID, acciaio inox AISI 304, protezione magnetotermica differenziale integrata e protezione contro le sovratensioni permanenti e transitorie, contatore MID.",,," Stilo Pro S triphasée 32 A, 22 kW, prise type 2, écran monochrome, ISO 15118-20 V2G ready, Bluetooth, WiFi, Ethernet et compatibilité avec modem 4G USB, lecteur RFID, inox AISI304, protection magnétothermique différentielle et contre les surtensions permanentes et transitoires intégrées, compteur MID",,,March 2026,"€ 609,01","€ 4,58","€ 63,90","€ 677,48","1,0%","€ 3,00",34%,France,FALSE,FALSE,FALSE,FALSE,FALSE,FALSE,FALSE,FALSE,FALSE,FALSE,FALSE,FALSE,FALSE,FALSE,Active
SS05FR32MC,,AC Chargers,Stilo Pro,Stilo Pro S,"Stilo Pro S single-phase 32 A, 7.4 kW, Type 2 socket, 4.3'' colour LCD display, ISO 15118-20 V2G ready, Bluetooth, WiFi, Ethernet connectivity and USB 4G modem compatibility, RFID reader, AISI 304 stainless steel.","Stilo Pro S monofase 32 A, 7,4 kW, presa di tipo 2, display LCD a colori da 4,3'', ISO 15118-20 V2G ready, connettività Bluetooth, WiFi ed Ethernet e compatibilità con modem USB 4G, lettore RFID, acciaio inox AISI 304.",,,"Stilo Pro S monophasé 32 A, 7,4 kW, prise type 2, écran LCD couleur 4,3'', compatible ISO 15118-20 V2G, Bluetooth, WiFi, Ethernet et compatibilité avec modem 4G USB, lecteur RFID, inox AISI304",,,May 2026,"€ 577,88","€ 4,58","€ 63,90","€ 646,36","1,0%","€ 3,00",36%,France,FALSE,FALSE,FALSE,FALSE,FALSE,FALSE,FALSE,FALSE,FALSE,FALSE,FALSE,FALSE,FALSE,FALSE,Active
SS05FR32TC,,AC Chargers,Stilo Pro,Stilo Pro S,"Stilo Pro S three-phase 32 A, 22 kW, Type 2 socket, 4.3'' colour LCD display, ISO 15118-20 V2G ready, Bluetooth, WiFi, Ethernet connectivity and USB 4G modem compatibility, RFID reader, AISI 304 stainless steel.","Stilo Pro S trifase 32 A, 22 kW, presa di tipo 2, display LCD a colori da 4,3'', ISO 15118-20 V2G ready, connettività Bluetooth, WiFi ed Ethernet e compatibilità con modem USB 4G, lettore RFID, acciaio inox AISI 304.",,,"Stilo Pro S triphasée 32 A, 22 kW, prise type 2, écran LCD couleur 4,3'', compatible ISO 15118-20 V2G, Bluetooth, WiFi, Ethernet et compatibilité avec modem 4G USB, lecteur RFID, acier inoxydable AISI304",,,May 2026,"€ 597,48","€ 4,58","€ 63,90","€ 665,95","1,0%","€ 3,00",36%,France,FALSE,FALSE,FALSE,FALSE,FALSE,FALSE,FALSE,FALSE,FALSE,FALSE,FALSE,FALSE,FALSE,FALSE,Active
SS05FR32MCR,,AC Chargers,Stilo Pro,Stilo Pro S,"Stilo Pro S single-phase 32 A, 7.4 kW, Type 2 socket, 4.3'' colour LCD display, ISO 15118-20 V2G ready, Bluetooth, WiFi, Ethernet connectivity and USB 4G modem compatibility, RFID reader, AISI 304 stainless steel, integrated thermal-magnetic residual current protection and permanent and transient overvoltage protection.","Stilo Pro S monofase 32 A, 7,4 kW, presa di tipo 2, display LCD a colori da 4,3'', ISO 15118-20 V2G ready, connettività Bluetooth, WiFi ed Ethernet e compatibilità con modem USB 4G, lettore RFID, acciaio inox AISI 304, protezione magnetotermica differenziale integrata e protezione contro le sovratensioni permanenti e transitorie.",,,"Stilo Pro S monophasé 32 A, 7,4 kW, prise de type 2, écran LCD couleur 4,3'', prêt pour ISO 15118-20 V2G, Bluetooth, WiFi, Ethernet et compatibilité avec modem 4G USB, lecteur RFID, acier inoxydable AISI304, protection magnétothermique différentielle et contre les surtensions permanentes et transitoires intégrées",,,May 2026,"€ 589,28","€ 4,58","€ 63,90","€ 657,76","1,0%","€ 3,00",36%,France,FALSE,FALSE,FALSE,FALSE,FALSE,FALSE,FALSE,FALSE,FALSE,FALSE,FALSE,FALSE,FALSE,FALSE,Active
SS05FR32TCR,,AC Chargers,Stilo Pro,Stilo Pro S,"Stilo Pro S three-phase 32 A, 22 kW, Type 2 socket, 4.3'' colour LCD display, ISO 15118-20 V2G ready, Bluetooth, WiFi, Ethernet connectivity and USB 4G modem compatibility, RFID reader, AISI 304 stainless steel, integrated thermal-magnetic residual current protection and permanent and transient overvoltage protection.","Stilo Pro S trifase 32 A, 22 kW, presa di tipo 2, display LCD a colori da 4,3'', ISO 15118-20 V2G ready, connettività Bluetooth, WiFi ed Ethernet e compatibilità con modem USB 4G, lettore RFID, acciaio inox AISI 304, protezione magnetotermica differenziale integrata e protezione contro le sovratensioni permanenti e transitorie.",,,"Stilo Pro S triphasé 32 A, 22 kW, prise de type 2, écran LCD couleur 4,3'', compatible ISO 15118-20 V2G, Bluetooth, WiFi, Ethernet et compatibilité avec modem 4G USB, lecteur RFID, inox AISI304, protection magnétothermique différentielle et contre les surtensions permanentes et transitoires intégrées",,,May 2026,"€ 615,01","€ 4,58","€ 63,90","€ 683,48","1,0%","€ 3,00",36%,France,FALSE,FALSE,FALSE,FALSE,FALSE,FALSE,FALSE,FALSE,FALSE,FALSE,FALSE,FALSE,FALSE,FALSE,Active
SS05FR32MMP,,AC Chargers,Stilo Pro,Stilo Pro S,"Stilo Pro S monophasé 32 A, 7,4 kW, prise type 2, écran LCD couleur 4,3'', compatible ISO 15118-20 V2G, Bluetooth, WiFi, Ethernet et compatibilité avec modem 4G USB, lecteur RFID, inox AISI304, protection magnétothermique différentielle intégrée, compteur MID",,,,,,,TBD,#REF!,"€ 4,58","€ 63,90",#REF!,"1,0%","€ 3,00","35,0%",France,FALSE,FALSE,FALSE,FALSE,FALSE,FALSE,FALSE,FALSE,FALSE,FALSE,FALSE,FALSE,FALSE,FALSE,Inactive
SS05FR32TM,,AC Chargers,Stilo Pro,Stilo Pro S,"Stilo Pro S three-phase 32 A, 22 kW, Type 2 socket, 4.3'' colour LCD display, ISO 15118-20 V2G ready, Bluetooth, WiFi, Ethernet connectivity and USB 4G modem compatibility, RFID reader, AISI 304 stainless steel, MID meter.","Stilo Pro S trifase 32 A, 22 kW, presa di tipo 2, display LCD a colori da 4,3'', ISO 15118-20 V2G ready, connettività Bluetooth, WiFi ed Ethernet e compatibilità con modem USB 4G, lettore RFID, acciaio inox AISI 304, contatore MID.",,,"Stilo Pro S triphasé 32 A, 22 kW, prise type 2, écran LCD couleur 4,3'', compatible ISO 15118-20 V2G, Bluetooth, WiFi, Ethernet et compatibilité avec modem 4G USB, lecteur RFID, acier inoxydable AISI304, compteur MID",,,May 2026,"€ 646,48","€ 4,58","€ 63,90","€ 714,95","1,0%","€ 3,00",36%,France,FALSE,FALSE,FALSE,FALSE,FALSE,FALSE,FALSE,FALSE,FALSE,FALSE,FALSE,FALSE,FALSE,FALSE,Active
SS05FR32MMR,,AC Chargers,Stilo Pro,Stilo Pro S,"Stilo Pro S monophasé 32 A, 7,4 kW, prise de type 2, écran LCD couleur 4,3'', compatible ISO 15118-20 V2G, Bluetooth, WiFi, Ethernet et compatibilité avec modem 4G USB, lecteur RFID, inox AISI304, protection magnétothermique différentielle et de surtension permanente et transitoire intégrée, compteur MID",,,,,,,TBD,#REF!,"€ 4,58","€ 63,90",#REF!,"1,0%","€ 3,00","35,0%",France,FALSE,FALSE,FALSE,FALSE,FALSE,FALSE,FALSE,FALSE,FALSE,FALSE,FALSE,FALSE,FALSE,FALSE,Inactive
SS05FR32TMR,,AC Chargers,Stilo Pro,Stilo Pro S,"Stilo Pro S three-phase 32 A, 22 kW, Type 2 socket, 4.3'' colour LCD display, ISO 15118-20 V2G ready, Bluetooth, WiFi, Ethernet connectivity and USB 4G modem compatibility, RFID reader, AISI 304 stainless steel, integrated thermal-magnetic residual current protection and permanent and transient overvoltage protection, MID meter.","Stilo Pro S trifase 32 A, 22 kW, presa di tipo 2, display LCD a colori da 4,3'', ISO 15118-20 V2G ready, connettività Bluetooth, WiFi ed Ethernet e compatibilità con modem USB 4G, lettore RFID, acciaio inox AISI 304, protezione magnetotermica differenziale integrata e protezione contro le sovratensioni permanenti e transitorie, contatore MID.",,,"Stilo Pro S triphasé 32 A, 22 kW, prise type 2, écran LCD couleur 4,3'', compatible ISO 15118-20 V2G, Bluetooth, WiFi, Ethernet et compatibilité avec modem 4G USB, lecteur RFID, inox AISI304, protection magnétothermique différentielle et contre les surtensions permanentes et transitoires intégrées, compteur MID",,,May 2026,"€ 664,01","€ 4,58","€ 63,90","€ 732,48","1,0%","€ 3,00",36%,France,FALSE,FALSE,FALSE,FALSE,FALSE,FALSE,FALSE,FALSE,FALSE,FALSE,FALSE,FALSE,FALSE,FALSE,Active
SS04AB32MC,,AC Chargers,Stilo,Stilo S ,"Stilo S single-phase 32 A, 7.4 kW, type 2 socket, monochromatic display, ISO 15118-20 V2G ready, Bluetooth, WiFi, Ethernet and compatibility with 4G USB modem, RFID reader, AISI304 stainless steel","Stilo S monofase 32 A, 7,4 kW, presa di tipo 2, display monocromatico, ISO 15118-20 V2G ready, Bluetooth, WiFi, Ethernet e compatibilità con modem USB 4G, lettore RFID, acciaio inox AISI 304.",,,,,,March 2026,"€ 517,13","€ 4,58","€ 63,90","€ 585,61","1,5%","€ 3,00",34%,Abroad,FALSE,FALSE,FALSE,FALSE,FALSE,FALSE,FALSE,FALSE,FALSE,FALSE,FALSE,FALSE,FALSE,FALSE,Active
SS04AB32TC,,AC Chargers,Stilo,Stilo S ,"Stilo S three-phase 32 A, 22 kW, socket type 2, monochrome display, ISO 15118-20 V2G ready, Bluetooth, WiFi, Ethernet and compatibility with 4G USB modem, RFID reader, AISI304 stainless steel","Stilo S trifase 32 A, 22 kW, presa di tipo 2, display monocromatico, ISO 15118-20 V2G ready, Bluetooth, WiFi, Ethernet e compatibilità con modem USB 4G, lettore RFID, acciaio inox AISI 304.",,,,,,March 2026,"€ 557,38","€ 4,58","€ 63,90","€ 625,85","1,5%","€ 3,00",34%,Abroad,FALSE,FALSE,FALSE,FALSE,FALSE,FALSE,FALSE,FALSE,FALSE,FALSE,FALSE,FALSE,FALSE,FALSE,Active
SS04AB32MCR,,AC Chargers,Stilo,Stilo S ,"Stilo S single-phase 32 A, 7.4 kW, Type 2 socket, monochrome display, ISO 15118-20 V2G ready, Bluetooth, WiFi, Ethernet and compatibility with 4G USB modem, RFID reader, AISI304 stainless steel, integrated differential magnetothermic and permanent and transient overvoltage protection","Stilo S monofase 32 A, 7,4 kW, presa di tipo 2, display monocromatico, ISO 15118-20 V2G ready, Bluetooth, WiFi, Ethernet e compatibilità con modem USB 4G, lettore RFID, acciaio inox AISI 304, protezione magnetotermica differenziale integrata e protezione contro le sovratensioni permanenti e transitorie.",,,,,,March 2026,"€ 528,53","€ 4,58","€ 63,90","€ 597,01","1,5%","€ 3,00",34%,Abroad,FALSE,FALSE,FALSE,FALSE,FALSE,FALSE,FALSE,FALSE,FALSE,FALSE,FALSE,FALSE,FALSE,FALSE,Active
SS04AB32TCR,,AC Chargers,Stilo,Stilo S ,"Stilo S three-phase 32 A, 22 kW, type 2 socket, monochrome display, ISO 15118-20 V2G ready, Bluetooth, WiFi, Ethernet and compatibility with 4G USB modem, RFID reader, AISI304 stainless steel, integrated differential magnetothermal and permanent and transient overvoltage protection","Stilo S trifase 32 A, 22 kW, presa di tipo 2, display monocromatico, ISO 15118-20 V2G ready, Bluetooth, WiFi, Ethernet e compatibilità con modem USB 4G, lettore RFID, acciaio inox AISI 304, protezione magnetotermica differenziale integrata e protezione contro le sovratensioni permanenti e transitorie.",,,,,,March 2026,"€ 574,91","€ 4,58","€ 63,90","€ 643,38","1,5%","€ 3,00",34%,Abroad,FALSE,FALSE,FALSE,FALSE,FALSE,FALSE,FALSE,FALSE,FALSE,FALSE,FALSE,FALSE,FALSE,FALSE,Active
SS04AB32MMP,,AC Chargers,Stilo,Stilo S ,"Stilo S single-phase 32 A, 7.4 kW, type 2 socket, monochrome display, ISO 15118-20 V2G ready, Bluetooth, WiFi, Ethernet and compatibility with 4G USB modem, RFID reader, AISI304 stainless steel, integrated differential magnetothermal protection, MID meter",,,,,,,March 2026,"€ 545,72","€ 4,58","€ 63,90","€ 614,20","1,0%","€ 3,00","35,0%",Abroad,FALSE,FALSE,FALSE,FALSE,FALSE,FALSE,FALSE,FALSE,FALSE,FALSE,FALSE,FALSE,FALSE,FALSE,Inactive
SS04AB32TM,,AC Chargers,Stilo,Stilo S ,"Stilo S three-phase 32 A, 22 kW, type 2 socket, monochrome display, ISO 15118-20 V2G ready, Bluetooth, WiFi, Ethernet and compatibility with 4G USB modem, RFID reader, stainless steel AISI304, MID meter","Stilo S trifase 32 A, 22 kW, presa di tipo 2, display monocromatico, ISO 15118-20 V2G ready, Bluetooth, WiFi, Ethernet e compatibilità con modem USB 4G, lettore RFID, acciaio inox AISI 304, contatore MID.",,,,,,March 2026,"€ 606,38","€ 4,58","€ 63,90","€ 674,85","1,5%","€ 3,00",34%,Abroad,FALSE,FALSE,FALSE,FALSE,FALSE,FALSE,FALSE,FALSE,FALSE,FALSE,FALSE,FALSE,FALSE,FALSE,Active
SS04AB32MMR,,AC Chargers,Stilo,Stilo S ,"Stilo S single-phase 32 A, 7.4 kW, Type 2 socket, monochromatic display, ISO 15118-20 V2G ready, Bluetooth, WiFi, Ethernet and compatibility with 4G USB modem, RFID reader, AISI304 stainless steel, integrated differential magnetothermic and permanent and transient overvoltage protection, MID meter",,,,,,,March 2026,"€ 557,12","€ 4,58","€ 63,90","€ 625,60","1,0%","€ 3,00","35,0%",Abroad,FALSE,FALSE,FALSE,FALSE,FALSE,FALSE,FALSE,FALSE,FALSE,FALSE,FALSE,FALSE,FALSE,FALSE,Inactive
SS04AB32TMR,,AC Chargers,Stilo,Stilo S ,"Stilo S three-phase 32 A, 22 kW, type 2 socket, monochrome display, ISO 15118-20 V2G ready, Bluetooth, WiFi, Ethernet and compatibility with 4G USB modem, RFID reader, AISI304 stainless steel, integrated differential magnetothermal and permanent and transient overvoltage protection, MID meter","Stilo S trifase 32 A, 22 kW, presa di tipo 2, display monocromatico, ISO 15118-20 V2G ready, Bluetooth, WiFi, Ethernet e compatibilità con modem USB 4G, lettore RFID, acciaio inox AISI 304, protezione magnetotermica differenziale integrata e protezione contro le sovratensioni permanenti e transitorie, contatore MID.",,,,,,March 2026,"€ 623,91","€ 4,58","€ 63,90","€ 692,38","1,5%","€ 3,00",34%,Abroad,FALSE,FALSE,FALSE,FALSE,FALSE,FALSE,FALSE,FALSE,FALSE,FALSE,FALSE,FALSE,FALSE,FALSE,Active
SS05AB32MC,,AC Chargers,Stilo Pro,Stilo Pro S,"Stilo Pro S single-phase 32 A, 7.4 kW, type 2 socket, 4.3'' color LCD display, ISO 15118-20 V2G ready, Bluetooth, WiFi, Ethernet and compatibility with 4G USB modem, RFID reader, AISI304 stainless steel","Stilo Pro S monofase 32 A, 7,4 kW, presa di tipo 2, display LCD a colori da 4,3'', ISO 15118-20 V2G ready, Bluetooth, WiFi, Ethernet e compatibilità con modem USB 4G, lettore RFID, acciaio inox AISI 304",,,,,,May 2026,"€ 572,13","€ 4,58","€ 63,90","€ 640,61","1,5%","€ 3,00",36%,Abroad,FALSE,FALSE,FALSE,FALSE,FALSE,FALSE,FALSE,FALSE,FALSE,FALSE,FALSE,FALSE,FALSE,FALSE,Active
SS05AB32TC,,AC Chargers,Stilo Pro,Stilo Pro S,"Stilo Pro S three-phase 32 A, 22 kW, Type 2 socket, 4.3'' color LCD display, ISO 15118-20 V2G ready, Bluetooth, WiFi, Ethernet, and compatibility with 4G USB modem, RFID reader, AISI304 stainless steel","Stilo Pro S trifase 32 A, 22 kW, presa di tipo 2, display LCD a colori da 4,3'', ISO 15118-20 V2G ready, Bluetooth, WiFi, Ethernet e compatibilità con modem USB 4G, lettore RFID, acciaio inox AISI 304",,,,,,May 2026,"€ 612,38","€ 4,58","€ 63,90","€ 680,85","1,5%","€ 3,00",36%,Abroad,FALSE,FALSE,FALSE,FALSE,FALSE,FALSE,FALSE,FALSE,FALSE,FALSE,FALSE,FALSE,FALSE,FALSE,Active
SS05AB32MCR,,AC Chargers,Stilo Pro,Stilo Pro S,"Stilo Pro S single-phase 32 A, 7.4 kW, type 2 socket, 4.3'' color LCD display, ISO 15118-20 V2G ready, Bluetooth, WiFi, Ethernet and compatibility with 4G USB modem, RFID reader, AISI304 stainless steel, integrated differential magnetothermal and permanent and transient overvoltage protection","Stilo Pro S monofase 32 A, 7,4 kW, presa di tipo 2, display LCD a colori da 4,3'', ISO 15118-20 V2G ready, Bluetooth, WiFi, Ethernet e compatibilità con modem USB 4G, lettore RFID, acciaio inox AISI 304, protezione magnetotermica differenziale integrata e protezione contro le sovratensioni permanenti e transitorie",,,,,,May 2026,"€ 583,53","€ 4,58","€ 63,90","€ 652,01","1,5%","€ 3,00",36%,Abroad,FALSE,FALSE,FALSE,FALSE,FALSE,FALSE,FALSE,FALSE,FALSE,FALSE,FALSE,FALSE,FALSE,FALSE,Active
SS05AB32TCR,,AC Chargers,Stilo Pro,Stilo Pro S,"Stilo Pro S three-phase 32 A, 22 kW, type 2 socket, 4.3'' color LCD display, ISO 15118-20 V2G ready, Bluetooth, WiFi, Ethernet and compatibility with 4G USB modem, RFID reader, AISI304 stainless steel, integrated differential magnetothermal and permanent and transient overvoltage protection","Stilo Pro S trifase 32 A, 22 kW, presa di tipo 2, display LCD a colori da 4,3'', ISO 15118-20 V2G ready, Bluetooth, WiFi, Ethernet e compatibilità con modem USB 4G, lettore RFID, acciaio inox AISI 304, protezione magnetotermica differenziale integrata e protezione contro le sovratensioni permanenti e transitorie",,,,,,May 2026,"€ 629,91","€ 4,58","€ 63,90","€ 698,38","1,5%","€ 3,00",36%,Abroad,FALSE,FALSE,FALSE,FALSE,FALSE,FALSE,FALSE,FALSE,FALSE,FALSE,FALSE,FALSE,FALSE,FALSE,Active
SS05AB32MMP,,AC Chargers,Stilo Pro,Stilo Pro S,"Stilo Pro S single-phase 32 A, 7.4 kW, Type 2 socket, 4.3'' color LCD display, ISO 15118-20 V2G ready, Bluetooth, WiFi, Ethernet and compatibility with 4G USB modem, RFID reader, AISI304 stainless steel, integrated differential magnetothermal protection, MID meter",,,,,,,TBD,"€ 600,72","€ 4,58","€ 63,90","€ 669,20","1,0%","€ 3,00","35,0%",Abroad,FALSE,FALSE,FALSE,FALSE,FALSE,FALSE,FALSE,FALSE,FALSE,FALSE,FALSE,FALSE,FALSE,FALSE,Inactive
SS05AB32TM,,AC Chargers,Stilo Pro,Stilo Pro S,"Stilo Pro S three-phase 32 A, 22 kW, type 2 socket, 4.3'' color LCD display, ISO 15118-20 V2G ready, Bluetooth, WiFi, Ethernet and compatibility with 4G USB modem, RFID reader, stainless steel AISI304, MID meter","Stilo Pro S trifase 32 A, 22 kW, presa di tipo 2, display LCD a colori da 4,3'', ISO 15118-20 V2G ready, Bluetooth, WiFi, Ethernet e compatibilità con modem USB 4G, lettore RFID, acciaio inox AISI 304, contatore MID",,,,,,May 2026,"€ 661,38","€ 4,58","€ 63,90","€ 729,85","1,5%","€ 3,00",36%,Abroad,FALSE,FALSE,FALSE,FALSE,FALSE,FALSE,FALSE,FALSE,FALSE,FALSE,FALSE,FALSE,FALSE,FALSE,Active
SS05AB32MMR,,AC Chargers,Stilo Pro,Stilo Pro S,"Stilo Pro S single-phase 32 A, 7.4 kW, type 2 socket, 4.3'' color LCD display, ISO 15118-20 V2G ready, Bluetooth, WiFi, Ethernet and compatibility with 4G USB modem, RFID reader, AISI304 stainless steel, integrated differential magnetothermal and permanent and transient overvoltage protection, MID meter",,,,,,,TBD,"€ 612,12","€ 4,58","€ 63,90","€ 680,60","1,0%","€ 3,00","35,0%",Abroad,FALSE,FALSE,FALSE,FALSE,FALSE,FALSE,FALSE,FALSE,FALSE,FALSE,FALSE,FALSE,FALSE,FALSE,Inactive
SS05AB32TMR,,AC Chargers,Stilo Pro,Stilo Pro S,"Stilo Pro S three-phase 32 A, 22 kW, Type 2 socket, 4.3'' color LCD display, ISO 15118-20 V2G ready, Bluetooth, WiFi, Ethernet and compatibility with 4G USB modem, RFID reader, AISI304 stainless steel, integrated differential magnetothermal and permanent and transient overvoltage protection, MID meter","Stilo Pro S trifase 32 A, 22 kW, presa di tipo 2, display LCD a colori da 4,3'', ISO 15118-20 V2G ready, Bluetooth, WiFi, Ethernet e compatibilità con modem USB 4G, lettore RFID, acciaio inox AISI 304, protezione magnetotermica differenziale integrata e protezione contro le sovratensioni permanenti e transitorie, contatore MID",,,,,,May 2026,"€ 678,91","€ 4,58","€ 63,90","€ 747,38","1,5%","€ 3,00",36%,Abroad,FALSE,FALSE,FALSE,FALSE,FALSE,FALSE,FALSE,FALSE,FALSE,FALSE,FALSE,FALSE,FALSE,FALSE,Active
OT04IT64MCP5S,,AC Chargers,Duo,Duo T,"Duo T single-phase 64 A, 2 × 7.4 kW, 5 m coiled Type 2 cable, monochrome display, ISO 15118-20 V2G ready, Bluetooth, WiFi, Ethernet connectivity and USB 4G modem compatibility, dual RFID reader, integrated thermal-magnetic residual current protections, integrated shunt trip coil, white cover.","Duo T Monofase 64 A, 2x7,4 kW, cavo spiralato 5m tipo 2, display monocromatico, ISO 15118-20 V2G ready, Bluetooth, WiFi, Ethernet e compatibilità con modem 4G USB, doppio lettore RFID, protezioni magnetotermiche differenziali, bobina di sgancio integrata, cover bianca","Duo T monofásica 64 A, 2x7,4 kW, cable espiral 5 m tipo 2 con soporte para conector, pantalla monocromática, ISO 15118-20 V2G ready, Bluetooth, WiFi, Ethernet y compatibilidad con módem USB 4G, doble lector RFID, protecciones magnetotérmicas diferenciales, carcasa blanca","Duo T einphasig 64 A, 2×7,4 kW, spiralförmiges Kabel 5 m Typ 2, monochromes Display, ISO 15118-20 V2G ready, Bluetooth, WiFi, Ethernet und Kompatibilität mit USB-4G-Modem, doppelter RFID-Leser, integrierte RCBO-Schutzvorrichtungen, integrierte Auslösspule, weiße Cover","Duo T monophasé 64 A, 2×7,4 kW, câble spiralé 5 m type 2, écran monochrome, ISO 15118-20 V2G ready, Bluetooth, WiFi, Ethernet et compatibilité avec modem USB 4G, double lecteur RFID, protections RCBO intégrées, cover blanche","Duo T monofásico 64 A, 2x7,4 kW, cabo espiralado de 5 m tipo 2, ecrã monocromático, ISO 15118-20 V2G ready, Bluetooth, WiFi, Ethernet e compatibilidade com modem USB 4G, leitor RFID duplo, proteções magnetotérmicas diferenciais, cover branca",,March 2026,"€ 564,69","€ 7,39","€ 74,34","€ 646,42","2,5%","€ 6,00","23,0%",Italy,TRUE,FALSE,FALSE,TRUE,TRUE,FALSE,FALSE,FALSE,FALSE,TRUE,TRUE,FALSE,FALSE,FALSE,Active
OT04IT64MMP5S,,AC Chargers,Duo,Duo T,"Duo T single-phase 64 A, 2 × 7.4 kW, 5 m coiled Type 2 cable, monochrome display, ISO 15118-20 V2G ready, Bluetooth, WiFi, Ethernet connectivity and USB 4G modem compatibility, dual RFID reader, integrated thermal-magnetic residual current protections, integrated shunt trip coil, MID meter, white cover.","Duo T Monofase 64 A, 2x7,4 kW, cavo spiralato 5m tipo 2, display monocromatico, ISO 15118-20 V2G ready, Bluetooth, WiFi, Ethernet e compatibilità con modem 4G USB, doppio lettore RFID, protezioni magnetotermiche differenziali, bobina di sgancio integrata, misuratore MID, cover bianca","Duo T monofásica 64 A, 2x7,4 kW, cable espiral 5 m tipo 2 con soporte para conector, pantalla monocromática, ISO 15118-20 V2G ready, Bluetooth, WiFi, Ethernet y compatibilidad con módem USB 4G, doble lector RFID, protecciones magnetotérmicas diferenciales, contador MID, carcasa blanca","Duo T einphasig 64 A, 2×7,4 kW, spiralförmiges Kabel 5 m Typ 2, monochromes Display, ISO 15118-20 V2G ready, Bluetooth, WiFi, Ethernet und Kompatibilität mit USB-4G-Modem, doppelter RFID-Leser, integrierte RCBO-Schutzvorrichtungen, integrierte Auslösspule, MID-Zähler, weiße Cover","Duo T monophasé 64 A, 2×7,4 kW, câble spiralé 5 m type 2, écran monochrome, ISO 15118-20 V2G ready, Bluetooth, WiFi, Ethernet et compatibilité avec modem USB 4G, double lecteur RFID, protections RCBO intégrées, compteur MID, cover blanche","Duo T monofásico 64 A, 2x7,4 kW, cabo espiralado de 5 m tipo 2, ecrã monocromático, ISO 15118-20 V2G ready, Bluetooth, WiFi, Ethernet e compatibilidade com modem USB 4G, leitor RFID duplo, proteções magnetotérmicas diferenciais, contador MID, cover branca",,March 2026,"€ 635,93","€ 7,39","€ 74,34","€ 717,66","2,5%","€ 6,00","23,0%",Italy,TRUE,FALSE,FALSE,TRUE,TRUE,FALSE,FALSE,FALSE,FALSE,TRUE,TRUE,FALSE,FALSE,FALSE,Active
OT04IT64TCP5S,,AC Chargers,Duo,Duo T,"Duo T three-phase 64 A, 2 × 22 kW, 5 m coiled Type 2 cable, monochrome display, ISO 15118-20 V2G ready, Bluetooth, WiFi, Ethernet connectivity and USB 4G modem compatibility, dual RFID reader, integrated thermal-magnetic residual current protections, integrated shunt trip coil, white cover.","Duo T Trifase 64 A, 2x22 kW, cavo spiralato 5m tipo 2, display monocromatico, ISO 15118-20 V2G ready, Bluetooth, WiFi, Ethernet e compatibilità con modem 4G USB, doppio lettore RFID, protezioni magnetotermiche differenziali, bobina di sgancio integrata, cover bianca","Duo T trifásica 64 A, 2x22 kW, cable espiral 5 m tipo 2 con soporte para conector, pantalla monocromática, ISO 15118-20 V2G ready, Bluetooth, WiFi, Ethernet y compatibilidad con módem USB 4G, doble lector RFID, protecciones magnetotérmicas diferenciales, carcasa blanca","Duo T dreiphasig 64 A, 2×22 kW, spiralförmiges Kabel 5 m Typ 2, monochromes Display, ISO 15118-20 V2G ready, Bluetooth, WiFi, Ethernet und Kompatibilität mit USB-4G-Modem, doppelter RFID-Leser, integrierte RCBO-Schutzvorrichtungen, integrierte Auslösspule, weiße Cover","Duo T triphasé 64 A, 2×22 kW, câble spiralé 5 m type 2, écran monochrome, ISO 15118-20 V2G ready, Bluetooth, WiFi, Ethernet et compatibilité avec modem USB 4G, double lecteur RFID, protections RCBO intégrées, cover blanche","Duo T trifásico 64 A, 2x22 kW, cabo espiralado de 5 m tipo 2, ecrã monocromático, ISO 15118-20 V2G ready, Bluetooth, WiFi, Ethernet e compatibilidade com modem USB 4G, leitor RFID duplo, proteções magnetotérmicas diferenciais, cover branca",,March 2026,"€ 646,21","€ 7,39","€ 74,34","€ 727,94","2,5%","€ 6,00","23,0%",Italy,FALSE,TRUE,FALSE,TRUE,TRUE,FALSE,FALSE,FALSE,FALSE,TRUE,TRUE,FALSE,FALSE,FALSE,Active
OT04IT64TMP5S,,AC Chargers,Duo,Duo T,"Duo T three-phase 64 A, 2 × 22 kW, 5 m coiled Type 2 cable, monochrome display, ISO 15118-20 V2G ready, Bluetooth, WiFi, Ethernet connectivity and USB 4G modem compatibility, dual RFID reader, integrated thermal-magnetic residual current protections, integrated shunt trip coil, MID meter, white cover.","Duo T Trifase 64 A, 2x22kW, cavo spiralato 5m tipo 2, display monocromatico, ISO 15118-20 V2G ready, Bluetooth, WiFi, Ethernet e compatibilità con modem 4G USB, doppio lettore RFID, protezioni magnetotermiche differenziali, bobina di sgancio integrata, misuratore MID, cover bianca","Duo T trifásica 64 A, 2x22 kW, cable espiral de 5 m tipo 2, pantalla monocromática, ISO 15118-20 V2G ready, Bluetooth, WiFi, Ethernet y compatibilidad con módem USB 4G, doble lector RFID, protecciones magnetotérmicas diferenciales, contador MID, carcasa blanca","Duo T dreiphasig 64 A, 2×22 kW, spiralförmiges Kabel 5 m Typ 2, monochromes Display, ISO 15118-20 V2G ready, Bluetooth, WiFi, Ethernet und Kompatibilität mit USB-4G-Modem, doppelter RFID-Leser, integrierte RCBO-Schutzvorrichtungen, integrierte Auslösspule, MID-Zähler, weiße Cover","Duo T triphasé 64 A, 2×22 kW, câble spiralé 5 m type 2, écran monochrome, ISO 15118-20 V2G ready, Bluetooth, WiFi, Ethernet et compatibilité avec modem USB 4G, double lecteur RFID, protections RCBO intégrées, compteur MID, cover blanche","Duo T trifásico 64 A, 2x22 kW, cabo espiralado de 5 m tipo 2, ecrã monocromático, ISO 15118-20 V2G ready, Bluetooth, WiFi, Ethernet e compatibilidade com modem USB 4G, leitor RFID duplo, proteções magnetotérmicas diferenciais, contador MID, cover branca",,March 2026,"€ 741,64","€ 7,39","€ 74,34","€ 823,37","2,5%","€ 6,00","23,0%",Italy,FALSE,TRUE,FALSE,TRUE,TRUE,FALSE,FALSE,FALSE,FALSE,TRUE,TRUE,FALSE,TRUE,FALSE,Active
OS04IT64MCP,,AC Chargers,Duo,Duo S,"Duo S single-phase 64 A, 2 × 7.4 kW, Type 2 socket, monochrome display, ISO 15118-20 V2G ready, Bluetooth, WiFi, Ethernet connectivity and USB 4G modem compatibility, dual RFID reader, integrated thermal-magnetic residual current protections, integrated shunt trip coil, white cover.","Duo S Monofase 64 A, 2X7,4 kW, socket tipo 2, display monocromatico, ISO 15118-20 V2G ready, Bluetooth, WiFi, Ethernet e compatibilità con modem 4G USB, doppio lettore RFID, protezioni magnetotermiche differenziali, bobina di sgancio integrata, cover bianca","Duo S monofásica 64 A, 2x7,4 kW, toma tipo 2, pantalla monocromática, ISO 15118-20 V2G ready, Bluetooth, WiFi, Ethernet y compatibilidad con módem USB 4G, doble lector RFID, protecciones magnetotérmicas diferenciales, carcasa blanca","Duo S einphasig 64 A, 2×7,4 kW, Typ-2-Steckdose, monochromes Display, ISO 15118-20 V2G ready, Bluetooth, WiFi, Ethernet und Kompatibilität mit USB-4G-Modem, doppelter RFID-Leser, integrierte RCBO-Schutzvorrichtungen, integrierte Auslösspule, weiße Cover","Duo S monophasé 64 A, 2×7,4 kW, prise type 2, écran monochrome, ISO 15118-20 V2G ready, Bluetooth, WiFi, Ethernet et compatibilité avec modem USB 4G, double lecteur RFID, protections RCBO intégrées, cover blanche","Duo S monofásico 64 A, 2x7,4 kW, tomada tipo 2, ecrã monocromático, ISO 15118-20 V2G ready, Bluetooth, WiFi, Ethernet e compatibilidade com modem USB 4G, leitor RFID duplo, proteções magnetotérmicas diferenciais, cover branca",,March 2026,"€ 546,07","€ 6,99","€ 80,54","€ 633,59","2,5%","€ 6,00","23,0%",Italy,TRUE,FALSE,FALSE,TRUE,FALSE,FALSE,TRUE,FALSE,FALSE,TRUE,TRUE,FALSE,FALSE,FALSE,Active
OS04IT64MMP,,AC Chargers,Duo,Duo S,"Duo S single-phase 64 A, 2 × 7.4 kW, Type 2 socket, monochrome display, ISO 15118-20 V2G ready, Bluetooth, WiFi, Ethernet connectivity and USB 4G modem compatibility, dual RFID reader, integrated thermal-magnetic residual current protections, integrated shunt trip coil, MID meter, white cover.","Duo S Monofase 64 A, 2X7,4 kW, socket tipo 2, display monocromatico, ISO 15118-20 V2G ready, Bluetooth, WiFi, Ethernet e compatibilità con modem 4G USB, doppio lettore RFID, protezioni magnetotermiche differenziali, bobina di sgancio integrata, misuratore MID cover bianca","Duo S monofásica 64 A, 2x7,4 kW, toma tipo 2, pantalla monocromática, ISO 15118-20 V2G ready, Bluetooth, WiFi, Ethernet y compatibilidad con módem USB 4G, doble lector RFID, protecciones magnetotérmicas diferenciales, contador MID, carcasa blanca","Duo S einphasig 64 A, 2×7,4 kW, Typ-2-Steckdose, monochromes Display, ISO 15118-20 V2G ready, Bluetooth, WiFi, Ethernet und Kompatibilität mit USB-4G-Modem, doppelter RFID-Leser, integrierte RCBO-Schutzvorrichtungen, integrierte Auslösspule, MID-Zähler, weiße Cover","Duo S monophasé 64 A, 2×7,4 kW, prise type 2, écran monochrome, ISO 15118-20 V2G ready, Bluetooth, WiFi, Ethernet et compatibilité avec modem USB 4G, double lecteur RFID, protections RCBO intégrées, compteur MID, cover blanche","Duo S monofásico 64 A, 2x7,4 kW, tomada tipo 2, ecrã monocromático, ISO 15118-20 V2G ready, Bluetooth, WiFi, Ethernet e compatibilidade com modem USB 4G, leitor RFID duplo, proteções magnetotérmicas diferenciais, contador MID, cover branca",,March 2026,"€ 597,31","€ 6,99","€ 80,54","€ 684,84","2,5%","€ 6,00","23,0%",Italy,TRUE,FALSE,FALSE,TRUE,FALSE,FALSE,TRUE,FALSE,FALSE,TRUE,TRUE,FALSE,FALSE,FALSE,Active
OS04IT64TCP,,AC Chargers,Duo,Duo S,"Duo S three-phase 64 A, 2 × 22 kW, Type 2 socket, monochrome display, ISO 15118-20 V2G ready, Bluetooth, WiFi, Ethernet connectivity and USB 4G modem compatibility, dual RFID reader, integrated thermal-magnetic residual current protections, integrated shunt trip coil, white cover.","Duo S Trifase 64 A, 2x22 kW, socket tipo 2, display monocromatico, ISO 15118-20 V2G ready, Bluetooth, WiFi, Ethernet e compatibilità con modem 4G USB, doppio lettore RFID, protezioni magnetotermiche differenziali, bobina di sgancio integrata, cover bianca","Duo S trifásica 64 A, 2x22 kW, toma tipo 2, pantalla monocromática, ISO 15118-20 V2G ready, Bluetooth, WiFi, Ethernet y compatibilidad con módem USB 4G, doble lector RFID, protecciones magnetotérmicas diferenciales, carcasa blanca","Duo S dreiphasig 64 A, 2×22 kW, Typ-2-Steckdose, monochromes Display, ISO 15118-20 V2G ready, Bluetooth, WiFi, Ethernet und Kompatibilität mit USB-4G-Modem, doppelter RFID-Leser, integrierte RCBO-Schutzvorrichtungen, integrierte Auslösspule, weiße Cover","Duo S triphasé 64 A, 2×22 kW, prise type 2, écran monochrome, ISO 15118-20 V2G ready, Bluetooth, WiFi, Ethernet et compatibilité avec modem USB 4G, double lecteur RFID, protections RCBO intégrées, cover blanche","Duo S trifásico 64 A, 2x22 kW, tomada tipo 2, ecrã monocromático, ISO 15118-20 V2G ready, Bluetooth, WiFi, Ethernet e compatibilidade com modem USB 4G, leitor RFID duplo, proteções magnetotérmicas diferenciais, cover branca",,March 2026,"€ 602,07","€ 6,99","€ 80,54","€ 689,60","2,5%","€ 6,00","23,0%",Italy,FALSE,TRUE,FALSE,TRUE,FALSE,FALSE,TRUE,FALSE,FALSE,TRUE,TRUE,FALSE,FALSE,FALSE,Active
OS04IT64TMP,,AC Chargers,Duo,Duo S,"Duo S three-phase 64 A, 2 × 22 kW, Type 2 socket, monochrome display, ISO 15118-20 V2G ready, Bluetooth, WiFi, Ethernet connectivity and USB 4G modem compatibility, dual RFID reader, integrated thermal-magnetic residual current protections, integrated shunt trip coil, MID meter, white cover.","Duo S Trifase 64 A, 2x22kW, socket tipo 2, display monocromatico, ISO 15118-20 V2G ready, Bluetooth, WiFi, Ethernet e compatibilità con modem 4G USB, doppio lettore RFID, protezioni magnetotermiche differenziali, bobina di sgancio integrata, misuratore MID, cover bianca","Duo S trifásica 64 A, 2x22 kW, toma tipo 2, pantalla monocromática, ISO 15118-20 V2G ready, Bluetooth, WiFi, Ethernet y compatibilidad con módem USB 4G, doble lector RFID, protecciones magnetotérmicas diferenciales, contador MID, carcasa blanca","Duo S dreiphasig 64 A, 2×22 kW, Typ-2-Steckdose, monochromes Display, ISO 15118-20 V2G ready, Bluetooth, WiFi, Ethernet und Kompatibilität mit USB-4G-Modem, doppelter RFID-Leser, integrierte RCBO-Schutzvorrichtungen, integrierte Auslösspule, MID-Zähler, weiße Cover","Duo S triphasé 64 A, 2×22 kW, prise type 2, écran monochrome, ISO 15118-20 V2G ready, Bluetooth, WiFi, Ethernet et compatibilité avec modem USB 4G, double lecteur RFID, protections RCBO intégrées, compteur MID, cover blanche","Duo S trifásico 64 A, 2x22 kW, tomada tipo 2, ecrã monocromático, ISO 15118-20 V2G ready, Bluetooth, WiFi, Ethernet e compatibilidade com modem USB 4G, leitor RFID duplo, proteções magnetotérmicas diferenciais, contador MID, cover branca",,March 2026,"€ 697,51","€ 6,99","€ 80,54","€ 785,03","2,5%","€ 6,00","23,0%",Italy,FALSE,TRUE,FALSE,TRUE,FALSE,FALSE,TRUE,FALSE,FALSE,TRUE,TRUE,FALSE,TRUE,FALSE,Active
OS04FR64MCP,,AC Chargers,Duo,Duo S,"Duo S single-phase 64 A, 2 × 7.4 kW, Type 2 socket with shutter, monochrome display, ISO 15118-20 V2G ready, Bluetooth, WiFi, Ethernet connectivity and USB 4G modem compatibility, dual RFID reader, integrated thermal-magnetic residual current protections.","Duo S monofase 64 A, 2 × 7,4 kW, presa di tipo 2 con otturatore, display monocromatico, ISO 15118-20 V2G ready, Bluetooth, WiFi, Ethernet e compatibilità con modem USB 4G, doppio lettore RFID, protezioni magnetotermiche differenziali integrate",,,"Duo S Monophasé 64 A, 2x7,4 kW, prise type 2 avec shutter, écran monochrome, compatible ISO 15118-20 V2G, connectivité Bluetooth, WiFi, Ethernet et compatibilité avec modem 4G USB, double lecteur RFID, protections magnétothermique  différentielles intégrées",,8054320763888,March 2026,"€ 555,11","€ 6,99","€ 80,54","€ 642,63","2,5%","€ 6,00","23,0%",France,TRUE,FALSE,FALSE,TRUE,FALSE,FALSE,TRUE,FALSE,FALSE,TRUE,TRUE,FALSE,FALSE,FALSE,Active
OS04FR64TCP,,AC Chargers,Duo,Duo S,"Duo S three-phase 64 A, 2 × 22 kW, Type 2 socket with shutter, monochrome display, ISO 15118-20 V2G ready, Bluetooth, WiFi, Ethernet connectivity and USB 4G modem compatibility, dual RFID reader, integrated thermal-magnetic residual current protections.","Duo S trifase 64 A, 2 × 22 kW, presa di tipo 2 con otturatore, display monocromatico, ISO 15118-20 V2G ready, Bluetooth, WiFi, Ethernet e compatibilità con modem USB 4G, doppio lettore RFID, protezioni magnetotermiche differenziali integrate",,,"Duo S Triphasé 64 A, 2x22 kW, prise type 2 avec shutter, écran monochrome, compatible ISO 15118-20 V2G, connectivité Bluetooth, WiFi, Ethernet et compatibilité avec modem 4G USB, double lecteur RFID, protections magnétothermique  différentielles intégrées",,8054320763895,March 2026,"€ 607,87","€ 6,99","€ 80,54","€ 695,40","2,5%","€ 6,00","23,0%",France,FALSE,TRUE,FALSE,TRUE,FALSE,FALSE,TRUE,FALSE,FALSE,TRUE,TRUE,FALSE,FALSE,FALSE,Active
OS04FR64TMP,,AC Chargers,Duo,Duo S,"Duo S three-phase 64 A, 2 × 22 kW, Type 2 socket with shutter, monochrome display, ISO 15118-20 V2G ready, Bluetooth, WiFi, Ethernet connectivity and USB 4G modem compatibility, dual RFID reader, integrated thermal-magnetic residual current protections, MID meter.","Duo S trifase 64 A, 2 × 22 kW, presa di tipo 2 con otturatore, display monocromatico, ISO 15118-20 V2G ready, Bluetooth, WiFi, Ethernet e compatibilità con modem USB 4G, doppio lettore RFID, protezioni magnetotermiche differenziali integrate, contatore MID",,,"Duo S Triphasé 64 A, 2x22 kW, prise type 2 avec shutter, écran monochrome, compatible ISO 15118-20 V2G, connectivité Bluetooth, WiFi, Ethernet et compatibilité avec modem 4G USB, double lecteur RFID, protections magnétothermique  différentielles intégrées, compteur MID",,8054320763918,March 2026,"€ 703,31","€ 6,99","€ 80,54","€ 790,83","2,5%","€ 6,00","23,0%",France,FALSE,TRUE,FALSE,TRUE,FALSE,FALSE,TRUE,FALSE,FALSE,TRUE,TRUE,FALSE,TRUE,FALSE,Active
OT04FR64MCP5S,,AC Chargers,Duo,Duo T,"Duo T single-phase 64 A, 2 × 7.4 kW, 5 m coiled Type 2 cable with shutter, monochrome display, ISO 15118-20 V2G ready, Bluetooth, WiFi, Ethernet connectivity and USB 4G modem compatibility, dual RFID reader, integrated thermal-magnetic residual current protections.","Duo T monofase 64 A, 2 × 7,4 kW, cavo spiralato di tipo 2 da 5 m con otturatore, display monocromatico, ISO 15118-20 V2G ready, Bluetooth, WiFi, Ethernet e compatibilità con modem USB 4G, doppio lettore RFID, protezioni magnetotermiche differenziali integrate",,,"Duo T Monophasé 64 A, 2x7,4 kW, câble spiralé 5 m type 2 avec shutter, écran monochrome, compatible ISO 15118-20 V2G, connectivité Bluetooth, WiFi, Ethernet et compatibilité avec modem 4G USB, double lecteur RFID, protections magnétothermique différentielles intégrées",,8054320763925,March 2026,"€ 637,09","€ 7,39","€ 74,34","€ 718,82","2,5%","€ 6,00","23,0%",France,TRUE,FALSE,FALSE,TRUE,TRUE,FALSE,FALSE,FALSE,FALSE,TRUE,TRUE,FALSE,FALSE,FALSE,Active
OT04FR64TCP5S,,AC Chargers,Duo,Duo T,"Duo T three-phase 64 A, 2 × 22 kW, 5 m coiled Type 2 cable with shutter, monochrome display, ISO 15118-20 V2G ready, Bluetooth, WiFi, Ethernet connectivity and USB 4G modem compatibility, dual RFID reader, integrated thermal-magnetic residual current protections.","Duo T trifase 64 A, 2 × 22 kW, cavo spiralato di tipo 2 da 5 m con otturatore, display monocromatico, ISO 15118-20 V2G ready, Bluetooth, WiFi, Ethernet e compatibilità con modem USB 4G, doppio lettore RFID, protezioni magnetotermiche differenziali integrate",,,"Duo T Triphasé 64 A, 2x22 kW, câble spiralé 5 m type 2 avec shutter, écran monochrome, compatible ISO 15118-20 V2G, connectivité Bluetooth, WiFi, Ethernet et compatibilité avec modem 4G USB, double lecteur RFID, protections magnétothermique différentielles intégrées",,8054320763932,March 2026,"€ 758,01","€ 7,39","€ 74,34","€ 839,74","2,5%","€ 6,00","23,0%",France,FALSE,TRUE,FALSE,TRUE,TRUE,FALSE,FALSE,FALSE,FALSE,TRUE,TRUE,FALSE,FALSE,FALSE,Active
OT04FR64TMP5S,,AC Chargers,Duo,Duo T,"Duo T three-phase 64 A, 2 × 22 kW, 5 m coiled Type 2 cable with shutter, monochrome display, ISO 15118-20 V2G ready, Bluetooth, WiFi, Ethernet connectivity and USB 4G modem compatibility, dual RFID reader, integrated thermal-magnetic residual current protections, MID meter.","Duo T trifase 64 A, 2 × 22 kW, cavo spiralato di tipo 2 da 5 m con otturatore, display monocromatico, ISO 15118-20 V2G ready, Bluetooth, WiFi, Ethernet e compatibilità con modem USB 4G, doppio lettore RFID, protezioni magnetotermiche differenziali integrate, contatore MID",,,"Duo T Triphasé 64 A, 2x22 kW, câble spiralé 5 m type 2 avec shutter, écran monochrome, compatible ISO 15118-20 V2G, connectivité Bluetooth, WiFi, Ethernet et compatibilité avec modem 4G USB, double lecteur RFID, protections magnétothermique différentielles intégrées, compteur MID",,8054320763956,March 2026,"€ 853,44","€ 7,39","€ 74,34","€ 935,17","2,5%","€ 6,00","23,0%",France,FALSE,TRUE,FALSE,TRUE,TRUE,FALSE,FALSE,FALSE,FALSE,TRUE,TRUE,FALSE,TRUE,FALSE,Active
OS04AB64MCP,,AC Chargers,Duo,Duo S,"Duo S Single-phase 64 A, 2X7,4 kW, type 2 socket, monochrome display, ISO 15118-20 V2G ready, Bluetooth, WiFi, Ethernet, and 4G USB modem compatibility, dual RFID reader, RCBOs, black cover","Duo S monofase 64 A, 2 × 7,4 kW, presa di tipo 2, display monocromatico, ISO 15118-20 V2G ready, Bluetooth, WiFi, Ethernet e compatibilità con modem USB 4G, doppio lettore RFID, interruttori magnetotermici differenziali (RCBO), cover nera",,,,,,March 2026,"€ 556,27","€ 6,99","€ 80,54","€ 643,79","2,5%","€ 6,00","23,0%",Abroad,TRUE,FALSE,FALSE,TRUE,FALSE,FALSE,TRUE,FALSE,FALSE,TRUE,TRUE,FALSE,FALSE,FALSE,Active
OS04AB64TCP,,AC Chargers,Duo,Duo S,"Duo S Three-phase 64 A, 2x22 kW, type 2 socket, monochrome display, ISO 15118-20 V2G ready, Bluetooth, WiFi, Ethernet, and 4G USB modem compatibility, dual RFID reader, RCBOs, black cover","Duo S trifase 64 A, 2 × 22 kW, presa di tipo 2, display monocromatico, ISO 15118-20 V2G ready, Bluetooth, WiFi, Ethernet e compatibilità con modem USB 4G, doppio lettore RFID, interruttori magnetotermici differenziali (RCBO), cover nera",,,,,,March 2026,"€ 612,27","€ 6,99","€ 80,54","€ 699,80","2,5%","€ 6,00","23,0%",Abroad,FALSE,TRUE,FALSE,TRUE,FALSE,FALSE,TRUE,FALSE,FALSE,TRUE,TRUE,FALSE,FALSE,FALSE,Active
OS04AB64TMP,,AC Chargers,Duo,Duo S,"Duo S Three-phase 64 A, 2x22kW, type 2 socket, monochrome display, ISO 15118-20 V2G ready, Bluetooth, WiFi, Ethernet, and 4G USB modem compatibility, dual RFID reader, RCBOs, MID meter, black cover","Duo S trifase 64 A, 2 × 22 kW, presa di tipo 2, display monocromatico, ISO 15118-20 V2G ready, Bluetooth, WiFi, Ethernet e compatibilità con modem USB 4G, doppio lettore RFID, interruttori magnetotermici differenziali (RCBO), contatore MID, cover nera",,,,,,March 2026,"€ 707,71","€ 6,99","€ 80,54","€ 795,23","2,5%","€ 6,00","23,0%",Abroad,FALSE,TRUE,FALSE,TRUE,FALSE,FALSE,TRUE,FALSE,FALSE,TRUE,TRUE,FALSE,TRUE,FALSE,Active
OT04AB64MCP5S,,AC Chargers,Duo,Duo T,"Duo T Single-phase 64 A, 2x7,4 kW, type 2 coiled cable 5m, monochrome display, ISO 15118-20 V2G ready, Bluetooth, WiFi, Ethernet, and 4G USB modem compatibility, dual RFID reader,  RCBOs, black cover","Duo T monofase 64 A, 2 × 7,4 kW, cavo spiralato di tipo 2 da 5 m, display monocromatico, ISO 15118-20 V2G ready, Bluetooth, WiFi, Ethernet e compatibilità con modem USB 4G, doppio lettore RFID, interruttori magnetotermici differenziali (RCBO), cover nera",,,,,,March 2026,"€ 574,89","€ 7,39","€ 74,34","€ 656,62","2,5%","€ 6,00","23,0%",Abroad,TRUE,FALSE,FALSE,TRUE,TRUE,FALSE,FALSE,FALSE,FALSE,TRUE,TRUE,FALSE,FALSE,FALSE,Active
OT04AB64TCP5S,,AC Chargers,Duo,Duo T,"Duo T Three-phase 64 A, 2x22 kW, type 2 coiled cable 5m, monochrome display, ISO 15118-20 V2G ready, Bluetooth, WiFi, Ethernet, and 4G USB modem compatibility, dual RFID reader, RCBOs, black cover","Duo T trifase 64 A, 2 × 22 kW, cavo spiralato di tipo 2 da 5 m, display monocromatico, ISO 15118-20 V2G ready, Bluetooth, WiFi, Ethernet e compatibilità con modem USB 4G, doppio lettore RFID, interruttori magnetotermici differenziali (RCBO), cover nera",,,,,,March 2026,"€ 656,41","€ 7,39","€ 74,34","€ 738,14","2,5%","€ 6,00","23,0%",Abroad,FALSE,TRUE,FALSE,TRUE,TRUE,FALSE,FALSE,FALSE,FALSE,TRUE,TRUE,FALSE,FALSE,FALSE,Active
OT04AB64TMP5S,,AC Chargers,Duo,Duo T,"Duo T Three-phase 64 A, 2x22kW, type 2 coiled cable 5m, monochrome display, ISO 15118-20 V2G ready, Bluetooth, WiFi, Ethernet, and 4G USB modem compatibility, dual RFID reader, RCBOs, MID meter, black cover","Duo T trifase 64 A, 2 × 22 kW, cavo spiralato di tipo 2 da 5 m, display monocromatico, ISO 15118-20 V2G ready, Bluetooth, WiFi, Ethernet e compatibilità con modem USB 4G, doppio lettore RFID, interruttori magnetotermici differenziali (RCBO), contatore MID, cover nera",,,,,,March 2026,"€ 751,84","€ 7,39","€ 74,34","€ 833,57","2,5%","€ 6,00","23,0%",Abroad,FALSE,TRUE,FALSE,TRUE,TRUE,FALSE,FALSE,FALSE,FALSE,TRUE,TRUE,FALSE,TRUE,FALSE,Active
OS04ES64MCP,,AC Chargers,Duo,Duo S,"Duo S Monofásico 64 A, 2X7,4 kW, socket tipo 2, display monocromatico, ISO 15118-20 V2G ready, conectividad Bluetooth, WiFi, Ethernet y compatibilidad con módem 4G USB, doble lector RFID, protecciones magnetotérmicas diferenciales integradas, rearme automático del contador integrado",,,,,,8054320763239,March 2026,"€ 545,28","€ 6,99","€ 74,34","€ 626,61","2,5%","€ 6,00","30,0%",Spain,TRUE,FALSE,FALSE,TRUE,FALSE,FALSE,TRUE,FALSE,FALSE,TRUE,FALSE,FALSE,FALSE,FALSE,Inactive
OS04ES64TCP,,AC Chargers,Duo,Duo S,"Duo S Trifásico 64 A, 2x22 kW, socket tipo 2, display monocromatico, ISO 15118-20 V2G ready, conectividad Bluetooth, WiFi, Ethernet y compatibilidad con módem 4G USB, doble lector RFID, protecciones magnetotérmicas diferenciales integradas, rearme automático del contador integrado",,,,,,8054320763246,March 2026,"€ 601,28","€ 6,99","€ 74,34","€ 682,61","2,5%","€ 6,00","30,0%",Spain,FALSE,TRUE,FALSE,TRUE,FALSE,FALSE,TRUE,FALSE,FALSE,TRUE,FALSE,FALSE,FALSE,FALSE,Inactive
OS04ES64TMP,,AC Chargers,Duo,Duo S,"Duo S Trifásico 64 A, 2x22kW, socket tipo 2, display monocromatico, ISO 15118-20 V2G ready, conectividad Bluetooth, WiFi, Ethernet y compatibilidad con módem 4G USB, doble lector RFID, protecciones magnetotérmicas diferenciales integradas, medidor MID",,,,,,8054320763260,March 2026,"€ 695,35","€ 6,99","€ 80,54","€ 782,87","2,5%","€ 6,00","30,0%",Spain,FALSE,TRUE,FALSE,TRUE,FALSE,FALSE,TRUE,FALSE,FALSE,TRUE,FALSE,FALSE,FALSE,FALSE,Inactive
OT04ES64MCP5S,,AC Chargers,Duo,Duo T,"Duo T Monofásico 64 A, 2x7,4 kW, cable en espiral extensible hasta 5 m tipo 2, display monocromatico, ISO 15118-20 V2G ready, conectividad Bluetooth, WiFi, Ethernet y compatibilidad con módem 4G USB, doble lector RFID,protecciones magnetotérmicas diferenciales integradas, rearme automático del contador integrado",,,,,,8054320763277,March 2026,"€ 563,94","€ 7,39","€ 80,54","€ 651,87","2,5%","€ 6,00","30,0%",Spain,TRUE,FALSE,FALSE,TRUE,TRUE,FALSE,FALSE,FALSE,FALSE,TRUE,FALSE,FALSE,FALSE,FALSE,Inactive
OT04ES64TCP5S,,AC Chargers,Duo,Duo T,"Duo T Trifásico 64 A, 2x22 kW, cable en espiral extensible hasta 5 m tipo 2, display monocromatico, ISO 15118-20 V2G ready, conectividad Bluetooth, WiFi, Ethernet y compatibilidad con módem 4G USB, doble lector RFID, protecciones magnetotérmicas diferenciales integradas,rearme automático del contador integrado",,,,,,8054320763284,March 2026,"€ 645,46","€ 7,39","€ 80,54","€ 733,38","2,5%","€ 6,00","30,0%",Spain,FALSE,TRUE,FALSE,TRUE,TRUE,FALSE,FALSE,FALSE,FALSE,TRUE,FALSE,FALSE,FALSE,FALSE,Inactive
OT04ES64TMP5S,,AC Chargers,Duo,Duo T,"Duo T Trifásico 64 A, 2x22kW, cable en espiral extensible hasta 5 m tipo 2, display monocromatico, ISO 15118-20 V2G ready, conectividad Bluetooth, WiFi, Ethernet y compatibilidad con módem 4G USB, doble lector RFID, protecciones magnetotérmicas diferenciales integradas, medidor MID",,,,,,8054320763307,March 2026,"€ 739,52","€ 7,39","€ 86,73","€ 833,64","2,5%","€ 6,00","30,0%",Spain,FALSE,TRUE,FALSE,TRUE,TRUE,FALSE,FALSE,FALSE,FALSE,TRUE,FALSE,FALSE,FALSE,FALSE,Inactive
OS05ES64MCP,,AC Chargers,Duo Pro,Duo S Pro,"Duo S Monofásico 64 A, 2X7,4 kW, socket tipo 2, display a color de 7"", ISO 15118-20 V2G ready, conectividad Bluetooth, WiFi, Ethernet y compatibilidad con módem 4G USB, doble lector RFID, protecciones magnetotérmicas diferenciales integradas, rearme automático del contador integrado",,,,,,,March 2026,"€ 606,20","€ 7,44",#N/A,#N/A,"2,5%","€ 6,00","32,0%",Spain,TRUE,FALSE,FALSE,TRUE,FALSE,FALSE,TRUE,FALSE,TRUE,TRUE,FALSE,FALSE,FALSE,FALSE,Inactive
OS05ES64TCP,,AC Chargers,Duo Pro,Duo S Pro,"Duo S Trifásico 64 A, 2x22 kW, socket tipo 2, display a color de 7"", ISO 15118-20 V2G ready, conectividad Bluetooth, WiFi, Ethernet y compatibilidad con módem 4G USB, doble lector RFID, protecciones magnetotérmicas diferenciales integradas, rearme automático del contador integrado",,,,,,,March 2026,"€ 662,20","€ 7,44",#N/A,#N/A,"2,5%","€ 6,00","32,0%",Spain,FALSE,TRUE,FALSE,TRUE,FALSE,FALSE,TRUE,FALSE,TRUE,TRUE,FALSE,FALSE,FALSE,FALSE,Inactive
OS05ES64TMP,,AC Chargers,Duo Pro,Duo S Pro,"Duo S Trifásico 64 A, 2x22kW, socket tipo 2, display a color de 7"", ISO 15118-20 V2G ready, conectividad Bluetooth, WiFi, Ethernet y compatibilidad con módem 4G USB, doble lector RFID, protecciones magnetotérmicas diferenciales integradas, medidor MID",,,,,,,March 2026,"€ 756,27","€ 7,44",#N/A,#N/A,"2,5%","€ 6,00","32,0%",Spain,FALSE,TRUE,FALSE,TRUE,FALSE,FALSE,TRUE,FALSE,TRUE,TRUE,FALSE,FALSE,FALSE,FALSE,Inactive
OT05ES64MCP5S,,AC Chargers,Duo Pro,Duo Pro T,"Duo T Monofásico 64 A, 2x7,4 kW, cable en espiral extensible hasta 5 m tipo 2, display a color de 7"", ISO 15118-20 V2G ready, conectividad Bluetooth, WiFi, Ethernet y compatibilidad con módem 4G USB, doble lector RFID, protecciones magnetotérmicas diferenciales integradas, rearme automático del contador integrado",,,,,,,March 2026,"€ 623,94","€ 7,84","€ 80,54","€ 712,32","2,5%","€ 6,00","32,0%",Spain,TRUE,FALSE,FALSE,TRUE,TRUE,FALSE,FALSE,FALSE,TRUE,TRUE,FALSE,FALSE,FALSE,FALSE,Inactive
OT05ES64TCP5S,,AC Chargers,Duo Pro,Duo Pro T,"Duo T Trifásico 64 A, 2x22 kW, cable en espiral extensible hasta 5 m tipo 2, display a color de 7"", ISO 15118-20 V2G ready, conectividad Bluetooth, WiFi, Ethernet y compatibilidad con módem 4G USB, doble lector RFID, protecciones magnetotérmicas diferenciales integradas,rearme automático del contador integrado",,,,,,,March 2026,"€ 706,38","€ 7,84","€ 80,54","€ 794,75","2,5%","€ 6,00","32,0%",Spain,FALSE,TRUE,FALSE,TRUE,TRUE,FALSE,FALSE,FALSE,TRUE,TRUE,FALSE,FALSE,FALSE,FALSE,Inactive
OT05ES64TMP5S,,AC Chargers,Duo Pro,Duo Pro T,"Duo T Trifásico 64 A, 2x22kW, cable en espiral extensible hasta 5 m tipo 2, display a color de 7"", ISO 15118-20 V2G ready, conectividad Bluetooth, WiFi, Ethernet y compatibilidad con módem 4G USB, doble lector RFID, protecciones magnetotérmicas diferenciales integradas, medidor MID",,,,,,,March 2026,"€ 800,44","€ 7,84","€ 86,73","€ 895,01","2,5%","€ 6,00","32,0%",Spain,FALSE,TRUE,FALSE,TRUE,TRUE,FALSE,FALSE,FALSE,TRUE,TRUE,FALSE,FALSE,FALSE,FALSE,Inactive
OT05IT64MCP5S,,AC Chargers,Duo Pro,Duo Pro T,"Duo Pro T single-phase 64 A, 2 × 7.4 kW, 5 m coiled Type 2 cable, 7'' colour display, ISO 15118-20 V2G ready, Bluetooth, WiFi, Ethernet connectivity and USB 4G modem compatibility, dual RFID reader, integrated thermal-magnetic residual current protections, integrated shunt trip coil, white cover.","Duo Pro T Monofase 64 A, 2x7,4 kW, cavo spiralato 5 m tipo 2, display 7"" a colori, ISO 15118-20 V2G ready, Bluetooth, WiFi, Ethernet e compatibilità con modem 4G USB, doppio lettore RFID, protezioni magnetotermiche differenziali, bobina di sgancio integrata, cover bianca","Duo Pro T monofásica 64 A, 2x7,4 kW, cable espiral 5 m tipo 2 con soporte para conector, pantalla LCD 7'', ISO 15118-20 V2G ready, Bluetooth, WiFi, Ethernet y compatibilidad con módem USB 4G, doble lector RFID, protecciones magnetotérmicas diferenciales, carcasa blanca","Duo Pro T einphasig 64 A, 2×7,4 kW, spiralförmiges Kabel 5 m Typ 2, 7"" Farbdisplay, ISO 15118-20 V2G ready, Bluetooth, WiFi, Ethernet und Kompatibilität mit USB-4G-Modem, doppelter RFID-Leser, integrierte RCBO-Schutzvorrichtungen, integrierte Auslösevorrichtung, weiße cover","Duo Pro T monophasé 64 A, 2×7,4 kW, câble spiralé 5 m type 2, écran couleur 7"", ISO 15118-20 V2G ready, Bluetooth, WiFi, Ethernet et compatibilité avec modem USB 4G, double lecteur RFID, protections RCBO intégrées, cover blanche","Duo Pro T monofásico 64 A, 2x7,4 kW, cabo espiralado de 5 m tipo 2, ecrã a cores de 7"", ISO 15118-20 V2G ready, Bluetooth, WiFi, Ethernet e compatibilidade com modem USB 4G, leitor RFID duplo, proteções magnetotérmicas diferenciais, cover branca",,March 2026,"€ 625,61","€ 7,84","€ 74,34","€ 707,79","2,5%","€ 6,00","25,0%",Italy,TRUE,FALSE,FALSE,TRUE,TRUE,FALSE,FALSE,FALSE,TRUE,TRUE,FALSE,FALSE,FALSE,FALSE,Active
OT05IT64MMP5S,,AC Chargers,Duo Pro,Duo Pro T,"Duo Pro T single-phase 64 A, 2 × 7.4 kW, 5 m coiled Type 2 cable, 7'' colour display, ISO 15118-20 V2G ready, Bluetooth, WiFi, Ethernet connectivity and USB 4G modem compatibility, dual RFID reader, integrated thermal-magnetic residual current protections, integrated shunt trip coil, MID meter, white cover.","Duo Pro T Monofase 64 A, 2x7,4 kW, cavo spiralato 5 m tipo 2, display 7"" a colori, ISO 15118-20 V2G ready, Bluetooth, WiFi, Ethernet e compatibilità con modem 4G USB, doppio lettore RFID, protezioni magnetotermiche differenziali, bobina di sgancio integrata, misuratore MID, cover bianca","Duo Pro T monofásica 64 A, 2x7,4 kW, cable espiral 5 m tipo 2 con soporte para conector, pantalla LCD 7'', ISO 15118-20 V2G ready, Bluetooth, WiFi, Ethernet y compatibilidad con módem USB 4G, doble lector RFID, protecciones magnetotérmicas diferenciales, contador MID, carcasa blanca","Duo Pro T einphasig 64 A, 2×7,4 kW, spiralförmiges Kabel 5 m Typ 2, 7"" Farbdisplay, ISO 15118-20 V2G ready, Bluetooth, WiFi, Ethernet und Kompatibilität mit USB-4G-Modem, doppelter RFID-Leser, integrierte RCBO-Schutzvorrichtungen, integrierte Auslösevorrichtung, MID-Zähler, weiße cover","Duo Pro T monophasé 64 A, 2×7,4 kW, câble spiralé 5 m type 2, écran couleur 7"", ISO 15118-20 V2G ready, Bluetooth, WiFi, Ethernet et compatibilité avec modem USB 4G, double lecteur RFID, protections RCBO intégrées, compteur MID, cover blanche","Duo Pro T monofásico 64 A, 2x7,4 kW, cabo espiralado de 5 m tipo 2, ecrã a cores de 7"", ISO 15118-20 V2G ready, Bluetooth, WiFi, Ethernet e compatibilidade com modem USB 4G, leitor RFID duplo, proteções magnetotérmicas diferenciais, contador MID, cover branca",,February 2027,"€ 696,85","€ 7,84","€ 74,34","€ 779,03","2,5%","€ 6,00","25,0%",Italy,TRUE,FALSE,FALSE,TRUE,TRUE,FALSE,FALSE,FALSE,TRUE,TRUE,FALSE,FALSE,FALSE,FALSE,Active
OT05IT64TCP5S,,AC Chargers,Duo Pro,Duo Pro T,"Duo Pro T three-phase 64 A, 2 × 22 kW, 5 m coiled Type 2 cable, 7'' colour display, ISO 15118-20 V2G ready, Bluetooth, WiFi, Ethernet connectivity and USB 4G modem compatibility, dual RFID reader, integrated thermal-magnetic residual current protections, integrated shunt trip coil, white cover.","Duo Pro T Trifase 64 A, 2x22 kW, cavo spiralato 5 m tipo 2, display 7"" a colori, ISO 15118-20 V2G ready, Bluetooth, WiFi, Ethernet e compatibilità con modem 4G USB, doppio lettore RFID, protezioni magnetotermiche differenziali, bobina di sgancio integrata, cover bianca","Duo Pro T trifásica 64 A, 2x22 kW, cable espiral 5 m tipo 2 con soporte para conector, pantalla LCD 7'', ISO 15118-20 V2G ready, Bluetooth, WiFi, Ethernet y compatibilidad con módem USB 4G, doble lector RFID, protecciones magnetotérmicas diferenciales, carcasa blanca","Duo Pro T dreiphasig 64 A, 2×22 kW, spiralförmiges Kabel 5 m Typ 2, 7"" Farbdisplay, ISO 15118-20 V2G ready, Bluetooth, WiFi, Ethernet und Kompatibilität mit USB-4G-Modem, doppelter RFID-Leser, integrierte RCBO-Schutzvorrichtungen, integrierte Auslösevorrichtung, weiße cover","Duo Pro T triphasé 64 A, 2×22 kW, câble spiralé 5 m type 2, écran couleur 7"", ISO 15118-20 V2G ready, Bluetooth, WiFi, Ethernet et compatibilité avec modem USB 4G, double lecteur RFID, protections RCBO intégrées, cover blanche","Duo Pro T trifásico 64 A, 2x22 kW, cabo espiralado de 5 m tipo 2, ecrã a cores de 7"", ISO 15118-20 V2G ready, Bluetooth, WiFi, Ethernet e compatibilidade com modem USB 4G, leitor RFID duplo, proteções magnetotérmicas diferenciais, cover branca",,March 2026,"€ 707,13","€ 7,84","€ 74,34","€ 789,31","2,5%","€ 6,00","25,0%",Italy,FALSE,TRUE,FALSE,TRUE,TRUE,FALSE,FALSE,FALSE,TRUE,TRUE,FALSE,FALSE,FALSE,FALSE,Active
OT05IT64TMP5S,,AC Chargers,Duo Pro,Duo Pro T,"Duo Pro T three-phase 64 A, 2 × 22 kW, 5 m coiled Type 2 cable, 7'' colour display, ISO 15118-20 V2G ready, Bluetooth, WiFi, Ethernet connectivity and USB 4G modem compatibility, dual RFID reader, integrated thermal-magnetic residual current protections, integrated shunt trip coil, MID meter, white cover.","Duo Pro T Trifase 64 A, 2x22kW, cavo spiralato 5 m tipo 2, display 7"" a colori, ISO 15118-20 V2G ready, Bluetooth, WiFi, Ethernet e compatibilità con modem 4G USB, doppio lettore RFID, protezioni magnetotermiche differenziali, bobina di sgancio integrata, misuratore MID, cover bianca","Duo Pro T trifásica 64 A, 2x22 kW, cable espiral 5 m tipo 2 con soporte para conector, pantalla LCD 7'', ISO 15118-20 V2G ready, Bluetooth, WiFi, Ethernet y compatibilidad con módem USB 4G, doble lector RFID, protecciones magnetotérmicas diferenciales, contador MID, carcasa blanca","Duo Pro T dreiphasig 64 A, 2×22 kW, spiralförmiges Kabel 5 m Typ 2, 7"" Farbdisplay, ISO 15118-20 V2G ready, Bluetooth, WiFi, Ethernet und Kompatibilität mit USB-4G-Modem, doppelter RFID-Leser, integrierte RCBO-Schutzvorrichtungen, integrierte Auslösevorrichtung, MID-Zähler, weiße cover","Duo Pro T triphasé 64 A, 2×22 kW, câble spiralé 5 m type 2, écran couleur 7"", ISO 15118-20 V2G ready, Bluetooth, WiFi, Ethernet et compatibilité avec modem USB 4G, double lecteur RFID, protections RCBO intégrées, compteur MID, cover blanche","Duo Pro T trifásico 64 A, 2x22 kW, cabo espiralado de 5 m tipo 2, ecrã a cores de 7"", ISO 15118-20 V2G ready, Bluetooth, WiFi, Ethernet e compatibilidade com modem USB 4G, leitor RFID duplo, proteções magnetotérmicas diferenciais, contador MID, cover branca",,March 2026,"€ 802,56","€ 7,84","€ 74,34","€ 884,74","2,5%","€ 6,00","25,0%",Italy,FALSE,TRUE,FALSE,TRUE,TRUE,FALSE,FALSE,FALSE,TRUE,TRUE,FALSE,FALSE,FALSE,FALSE,Active
OS05IT64MCP,,AC Chargers,Duo Pro,Duo Pro S,"Duo Pro S single-phase 64 A, 2 × 7.4 kW, Type 2 socket, 7'' colour display, ISO 15118-20 V2G ready, Bluetooth, WiFi, Ethernet connectivity and USB 4G modem compatibility, dual RFID reader, integrated thermal-magnetic residual current protections, integrated shunt trip coil, white cover.","Duo Pro S Monofase 64 A, 2X7,4 kW, socket tipo 2, display 7"" a colori, ISO 15118-20 V2G ready, Bluetooth, WiFi, Ethernet e compatibilità con modem 4G USB, doppio lettore RFID, protezioni magnetotermiche differenziali, bobina di sgancio integrata, cover bianca","Duo Pro S monofásica 64 A, 2x7,4 kW, toma tipo 2, pantalla LCD 7'', ISO 15118-20 V2G ready, Bluetooth, WiFi, Ethernet y compatibilidad con módem USB 4G, doble lector RFID, protecciones magnetotérmicas diferenciales, carcasa blanca","Duo Pro S einphasig 64 A, 2×7,4 kW, Typ-2-Steckdose, 7"" Farbdisplay, ISO 15118-20 V2G ready, Bluetooth, WiFi, Ethernet und Kompatibilität mit USB-4G-Modem, doppelter RFID-Leser, integrierte RCBO-Schutzvorrichtungen, integrierte Auslösevorrichtung, weiße cover","Duo Pro S monophasé 64 A, 2×7,4 kW, prise type 2, écran couleur 7"", ISO 15118-20 V2G ready, Bluetooth, WiFi, Ethernet et compatibilité avec modem USB 4G, double lecteur RFID, protections RCBO intégrées, cover blanche","Duo Pro S monofásico 64 A, 2x7,4 kW, tomada tipo 2, ecrã a cores de 7"", ISO 15118-20 V2G ready, Bluetooth, WiFi, Ethernet e compatibilidade com modem USB 4G, leitor RFID duplo, proteções magnetotérmicas diferenciais, cover branca",,March 2026,"€ 606,99","€ 7,44","€ 80,54","€ 694,96","2,5%","€ 6,00","25,0%",Italy,TRUE,FALSE,FALSE,TRUE,FALSE,FALSE,TRUE,FALSE,TRUE,TRUE,FALSE,FALSE,FALSE,FALSE,Active
OS05IT64MMP,,AC Chargers,Duo Pro,Duo Pro S,"Duo Pro S single-phase 64 A, 2 × 7.4 kW, Type 2 socket, 7'' colour display, ISO 15118-20 V2G ready, Bluetooth, WiFi, Ethernet connectivity and USB 4G modem compatibility, dual RFID reader, integrated thermal-magnetic residual current protections, integrated shunt trip coil, MID meter, white cover.","Duo Pro S Monofase 64 A, 2X7,4 kW, socket tipo 2, display 7"" a colori, ISO 15118-20 V2G ready, Bluetooth, WiFi, Ethernet e compatibilità con modem 4G USB, doppio lettore RFID, protezioni magnetotermiche differenziali, bobina di sgancio integrata, misuratore MID, cover bianca","Duo Pro S monofásica 64 A, 2x7,4 kW, toma tipo 2, pantalla LCD 7'', ISO 15118-20 V2G ready, Bluetooth, WiFi, Ethernet y compatibilidad con módem USB 4G, doble lector RFID, protecciones magnetotérmicas diferenciales, contador MID, carcasa blanca","Duo Pro S einphasig 64 A, 2×7,4 kW, Typ-2-Steckdose, 7"" Farbdisplay, ISO 15118-20 V2G ready, Bluetooth, WiFi, Ethernet und Kompatibilität mit USB-4G-Modem, doppelter RFID-Leser, integrierte RCBO-Schutzvorrichtungen, integrierte Auslösevorrichtung, MID-Zähler, weiße cover","Duo Pro S monophasé 64 A, 2×7,4 kW, prise type 2, écran couleur 7"", ISO 15118-20 V2G ready, Bluetooth, WiFi, Ethernet et compatibilité avec modem USB 4G, double lecteur RFID, protections RCBO intégrées, compteur MID, cover blanche","Duo Pro S monofásico 64 A, 2x7,4 kW, tomada tipo 2, ecrã a cores de 7"", ISO 15118-20 V2G ready, Bluetooth, WiFi, Ethernet e compatibilidade com modem USB 4G, leitor RFID duplo, proteções magnetotérmicas diferenciais, contador MID, cover branca",,March 2026,"€ 658,23","€ 7,44","€ 80,54","€ 746,21","2,5%","€ 6,00","25,0%",Italy,TRUE,FALSE,FALSE,TRUE,FALSE,FALSE,TRUE,FALSE,TRUE,TRUE,FALSE,FALSE,FALSE,FALSE,Active
OS05IT64TCP,,AC Chargers,Duo Pro,Duo Pro S,"Duo Pro S three-phase 64 A, 2 × 22 kW, Type 2 socket, 7'' colour display, ISO 15118-20 V2G ready, Bluetooth, WiFi, Ethernet connectivity and USB 4G modem compatibility, dual RFID reader, integrated thermal-magnetic residual current protections, integrated shunt trip coil, white cover.","Duo Pro S Trifase 64 A, 2x22 kW, socket tipo 2, display 7"" a colori, ISO 15118-20 V2G ready, Bluetooth, WiFi, Ethernet e compatibilità con modem 4G USB, doppio lettore RFID, protezioni magnetotermiche differenziali, bobina di sgancio integrata, cover bianca","Duo Pro S trifásica 64 A, 2x22 kW, toma tipo 2, pantalla LCD 7'', ISO 15118-20 V2G ready, Bluetooth, WiFi, Ethernet y compatibilidad con módem USB 4G, doble lector RFID, protecciones magnetotérmicas diferenciales, carcasa blanca","Duo Pro S dreiphasig 64 A, 2×22 kW, Typ-2-Steckdose, 7"" Farbdisplay, ISO 15118-20 V2G ready, Bluetooth, WiFi, Ethernet und Kompatibilität mit USB-4G-Modem, doppelter RFID-Leser, integrierte RCBO-Schutzvorrichtungen, integrierte Auslösevorrichtung, weiße cover","Duo Pro S triphasé 64 A, 2×22 kW, prise type 2, écran couleur 7"", ISO 15118-20 V2G ready, Bluetooth, WiFi, Ethernet et compatibilité avec modem USB 4G, double lecteur RFID, protections RCBO intégrées, cover blanche","Duo Pro S trifásico 64 A, 2x22 kW, tomada tipo 2, ecrã a cores de 7"", ISO 15118-20 V2G ready, Bluetooth, WiFi, Ethernet e compatibilidade com modem USB 4G, leitor RFID duplo, proteções magnetotérmicas diferenciais, cover branca",,March 2026,"€ 662,99","€ 7,44","€ 80,54","€ 750,97","2,5%","€ 6,00","25,0%",Italy,FALSE,TRUE,FALSE,TRUE,FALSE,FALSE,TRUE,FALSE,TRUE,TRUE,FALSE,FALSE,FALSE,FALSE,Active
OS05IT64TMP,,AC Chargers,Duo Pro,Duo Pro S,"Duo Pro S three-phase 64 A, 2 × 22 kW, Type 2 socket, 7'' colour display, ISO 15118-20 V2G ready, Bluetooth, WiFi, Ethernet connectivity and USB 4G modem compatibility, dual RFID reader, integrated thermal-magnetic residual current protections, integrated shunt trip coil, MID meter, white cover.","Duo Pro S Trifase 64 A, 2x22kW, socket tipo 2, display 7"" a colori, ISO 15118-20 V2G ready, Bluetooth, WiFi, Ethernet e compatibilità con modem 4G USB, doppio lettore RFID, protezioni magnetotermiche differenziali, bobina di sgancio integrata, misuratore MID, cover bianca","Duo Pro S trifásica 64 A, 2x22 kW, toma tipo 2, pantalla LCD 7'', ISO 15118-20 V2G ready, Bluetooth, WiFi, Ethernet y compatibilidad con módem USB 4G, doble lector RFID, protecciones magnetotérmicas diferenciales, contador MID, carcasa blanca","Duo Pro S dreiphasig 64 A, 2×22 kW, Typ-2-Steckdose, 7"" Farbdisplay, ISO 15118-20 V2G ready, Bluetooth, WiFi, Ethernet und Kompatibilität mit USB-4G-Modem, doppelter RFID-Leser, integrierte RCBO-Schutzvorrichtungen, integrierte Auslösevorrichtung, MID-Zähler, weiße cover","Duo Pro S triphasé 64 A, 2×22 kW, prise type 2, écran couleur 7"", ISO 15118-20 V2G ready, Bluetooth, WiFi, Ethernet et compatibilité avec modem USB 4G, double lecteur RFID, protections RCBO intégrées, compteur MID, cover blanche","Duo Pro S trifásico 64 A, 2x22 kW, tomada tipo 2, ecrã a cores de 7"", ISO 15118-20 V2G ready, Bluetooth, WiFi, Ethernet e compatibilidade com modem USB 4G, leitor RFID duplo, proteções magnetotérmicas diferenciais, contador MID, cover branca",,March 2026,"€ 758,43","€ 7,44","€ 80,54","€ 846,40","2,5%","€ 6,00","25,0%",Italy,FALSE,TRUE,FALSE,TRUE,FALSE,FALSE,TRUE,FALSE,TRUE,TRUE,FALSE,FALSE,FALSE,FALSE,Active
OS05FR64MCP,,AC Chargers,Duo Pro,Duo Pro S,"Duo Pro S single-phase 64 A, 2 × 7.4 kW, Type 2 socket with shutter, 7'' colour LCD display, ISO 15118-20 V2G ready, Bluetooth, WiFi, Ethernet connectivity and USB 4G modem compatibility, dual RFID reader, integrated thermal-magnetic residual current protections.","Duo S monofase 64 A, 2 × 7,4 kW, presa di tipo 2 con otturatore, display LCD a colori da 7"", ISO 15118-20 V2G ready, Bluetooth, WiFi, Ethernet e compatibilità con modem USB 4G, doppio lettore RFID, protezioni magnetotermiche differenziali integrate.",,,"Duo Pro S Monophasé 64 A, 2x7,4 kW, prise type 2 avec shutter, écran LCD couleur de 7"", compatible ISO 15118-20 V2G, connectivité Bluetooth, WiFi, Ethernet et compatibilité avec modem 4G USB, double lecteur RFID, protections magnétothermique différentielles intégrées",,,March 2026,"€ 616,03","€ 7,44","€ 80,54","€ 704,00","2,5%","€ 6,00","25,0%",France,TRUE,FALSE,FALSE,TRUE,FALSE,FALSE,TRUE,FALSE,TRUE,TRUE,FALSE,FALSE,FALSE,FALSE,Active
OS05FR64TCP,,AC Chargers,Duo Pro,Duo Pro S,"Duo Pro S three-phase 64 A, 2 × 22 kW, Type 2 socket with shutter, 7'' colour LCD display, ISO 15118-20 V2G ready, Bluetooth, WiFi, Ethernet connectivity and USB 4G modem compatibility, dual RFID reader, integrated thermal-magnetic residual current protections.","Duo S trifase 64 A, 2 × 22 kW, presa di tipo 2 con otturatore, display LCD a colori da 7"", ISO 15118-20 V2G ready, Bluetooth, WiFi, Ethernet e compatibilità con modem USB 4G, doppio lettore RFID, protezioni magnetotermiche differenziali integrate.",,,"Duo Pro S Triphasé 64 A, 2x22 kW, prise type 2 avec shutter, écran LCD couleur de 7"", compatible ISO 15118-20 V2G, connectivité Bluetooth, WiFi, Ethernet et compatibilité avec modem 4G USB, double lecteur RFID, protections magnétothermique différentielles intégrées",,,March 2026,"€ 668,79","€ 7,44","€ 80,54","€ 756,77","2,5%","€ 6,00","25,0%",France,FALSE,TRUE,FALSE,TRUE,FALSE,FALSE,TRUE,FALSE,TRUE,TRUE,FALSE,FALSE,FALSE,FALSE,Active
OS05FR64TMP,,AC Chargers,Duo Pro,Duo Pro S,"Duo Pro S three-phase 64 A, 2 × 22 kW, Type 2 socket with shutter, 7'' colour LCD display, ISO 15118-20 V2G ready, Bluetooth, WiFi, Ethernet connectivity and USB 4G modem compatibility, dual RFID reader, integrated thermal-magnetic residual current protections, MID meter.","Duo S trifase 64 A, 2 × 22 kW, presa di tipo 2 con otturatore, display LCD a colori da 7"", ISO 15118-20 V2G ready, Bluetooth, WiFi, Ethernet e compatibilità con modem USB 4G, doppio lettore RFID, protezioni magnetotermiche differenziali integrate, contatore MID.",,,"Duo Pro S Triphasé 64 A, 2x22 kW, prise type 2 avec shutter, écran LCD couleur de 7"", compatible ISO 15118-20 V2G, connectivité Bluetooth, WiFi, Ethernet et compatibilité avec modem 4G USB, double lecteur RFID, protections magnétothermique différentielles intégrées, compteur MID",,,March 2026,"€ 764,23","€ 7,44","€ 80,54","€ 852,20","2,5%","€ 6,00","25,0%",France,FALSE,TRUE,FALSE,TRUE,FALSE,FALSE,TRUE,FALSE,TRUE,TRUE,FALSE,FALSE,FALSE,FALSE,Active
OT05FR64MCP5S,,AC Chargers,Duo Pro,Duo Pro T,"Duo Pro T single-phase 64 A, 2 × 7.4 kW, 5 m coiled Type 2 cable with shutter, 7'' colour LCD display, ISO 15118-20 V2G ready, Bluetooth, WiFi, Ethernet connectivity and USB 4G modem compatibility, dual RFID reader, integrated thermal-magnetic residual current protections.","Duo T monofase 64 A, 2 × 7,4 kW, cavo spiralato di tipo 2 da 5 m con otturatore, display LCD a colori da 7"", ISO 15118-20 V2G ready, Bluetooth, WiFi, Ethernet e compatibilità con modem USB 4G, doppio lettore RFID, protezioni magnetotermiche differenziali integrate.",,,"Duo Pro T Monophasé 64 A, 2x7,4 kW, câble spiralé 5 m type 2 avec shutter, écran LCD couleur de 7"", compatible ISO 15118-20 V2G, connectivité Bluetooth, WiFi, Ethernet et compatibilité avec modem 4G USB, double lecteur RFID, protections magnétothermique différentielles intégrées",,,March 2026,"€ 698,01","€ 7,84","€ 74,34","€ 780,19","2,5%","€ 6,00","25,0%",France,TRUE,FALSE,FALSE,TRUE,TRUE,FALSE,FALSE,FALSE,TRUE,TRUE,FALSE,FALSE,FALSE,FALSE,Active
OT05FR64TCP5S,,AC Chargers,Duo Pro,Duo Pro T,"Duo Pro T three-phase 64 A, 2 × 22 kW, 5 m coiled Type 2 cable with shutter, 7'' colour LCD display, ISO 15118-20 V2G ready, Bluetooth, WiFi, Ethernet connectivity and USB 4G modem compatibility, dual RFID reader, integrated thermal-magnetic residual current protections.","Duo T trifase 64 A, 2 × 22 kW, cavo spiralato di tipo 2 da 5 m con otturatore, display LCD a colori da 7"", ISO 15118-20 V2G ready, Bluetooth, WiFi, Ethernet e compatibilità con modem USB 4G, doppio lettore RFID, protezioni magnetotermiche differenziali integrate.",,,"Duo Pro T Triphasé 64 A, 2x22 kW, câble spiralé 5 m type 2 avec shutter, écran LCD couleur de 7"", compatible ISO 15118-20 V2G, connectivité Bluetooth, WiFi, Ethernet et compatibilité avec modem 4G USB, double lecteur RFID, protections magnétothermique différentielles intégrées",,,March 2026,"€ 818,93","€ 7,84","€ 74,34","€ 901,11","2,5%","€ 6,00","25,0%",France,FALSE,TRUE,FALSE,TRUE,TRUE,FALSE,FALSE,FALSE,TRUE,TRUE,FALSE,FALSE,FALSE,FALSE,Active
OT05FR64TMP5S,,AC Chargers,Duo Pro,Duo Pro T,"Duo Pro T three-phase 64 A, 2 × 22 kW, 5 m coiled Type 2 cable with shutter, 7'' colour LCD display, ISO 15118-20 V2G ready, Bluetooth, WiFi, Ethernet connectivity and USB 4G modem compatibility, dual RFID reader, integrated thermal-magnetic residual current protections, MID meter.","Duo T trifase 64 A, 2 × 22 kW, cavo spiralato di tipo 2 da 5 m con otturatore, display LCD a colori da 7"", ISO 15118-20 V2G ready, Bluetooth, WiFi, Ethernet e compatibilità con modem USB 4G, doppio lettore RFID, protezioni magnetotermiche differenziali integrate, contatore MID.",,,"Duo Pro T Triphasé 64 A, 2x22 kW, câble spiralé 5 m type 2 avec shutter, écran LCD couleur de 7"", compatible ISO 15118-20 V2G, connectivité Bluetooth, WiFi, Ethernet et compatibilité avec modem 4G USB, double lecteur RFID, protections magnétothermique différentielles intégrées, compteur MID",,,March 2026,"€ 914,36","€ 7,84","€ 74,34","€ 996,54","2,5%","€ 6,00","25,0%",France,FALSE,TRUE,FALSE,TRUE,TRUE,FALSE,FALSE,FALSE,TRUE,TRUE,FALSE,FALSE,FALSE,FALSE,Active
OS05AB64MCP,,AC Chargers,Duo Pro,Duo Pro S,"Duo Pro S Single-phase 64 A, 2X7,4 kW, type 2 socket, 7"" color display, ISO 15118-20 V2G ready, Bluetooth, WiFi, Ethernet, and 4G USB modem compatibility, dual RFID reader, RCBOs, black cover","Duo Pro S monofase 64 A, 2 × 7,4 kW, presa di tipo 2, display a colori da 7"", ISO 15118-20 V2G ready, Bluetooth, WiFi, Ethernet e compatibilità con modem USB 4G, doppio lettore RFID, protezioni magnetotermiche differenziali integrate, cover nera.",,,,,,March 2026,"€ 617,19","€ 7,44","€ 80,54","€ 705,16","2,5%","€ 6,00","25,0%",Abroad,TRUE,FALSE,FALSE,TRUE,FALSE,FALSE,TRUE,FALSE,TRUE,TRUE,FALSE,FALSE,FALSE,FALSE,Active
OS05AB64TCP,,AC Chargers,Duo Pro,Duo Pro S,"Duo Pro S Three-phase 64 A, 2x22 kW, type 2 socket, 7"" color display, ISO 15118-20 V2G ready, Bluetooth, WiFi, Ethernet, and 4G USB modem compatibility, dual RFID reader, RCBOs, black cover","Duo Pro S trifase 64 A, 2 × 22 kW, presa di tipo 2, display a colori da 7"", ISO 15118-20 V2G ready, Bluetooth, WiFi, Ethernet e compatibilità con modem USB 4G, doppio lettore RFID, protezioni magnetotermiche differenziali integrate, cover nera.",,,,,,March 2026,"€ 673,19","€ 7,44","€ 80,54","€ 761,17","2,5%","€ 6,00","25,0%",Abroad,FALSE,TRUE,FALSE,TRUE,FALSE,FALSE,TRUE,FALSE,TRUE,TRUE,FALSE,FALSE,FALSE,FALSE,Active
OS05AB64TMP,,AC Chargers,Duo Pro,Duo Pro S,"Duo Pro S Three-phase 64 A, 2x22kW, type 2 socket, 7"" color display, ISO 15118-20 V2G ready, Bluetooth, WiFi, Ethernet, and 4G USB modem compatibility, dual RFID reader,  RCBOs, MID meter, black cover","Duo Pro S trifase 64 A, 2 × 22 kW, presa di tipo 2, display a colori da 7"", ISO 15118-20 V2G ready, Bluetooth, WiFi, Ethernet e compatibilità con modem USB 4G, doppio lettore RFID, protezioni magnetotermiche differenziali integrate, contatore MID, cover nera.",,,,,,March 2026,"€ 768,63","€ 7,44","€ 80,54","€ 856,60","2,5%","€ 6,00","25,0%",Abroad,FALSE,TRUE,FALSE,TRUE,FALSE,FALSE,TRUE,FALSE,TRUE,TRUE,FALSE,FALSE,FALSE,FALSE,Active
OT05AB64MCP5S,,AC Chargers,Duo Pro,Duo Pro T,"Duo Pro T Single-phase 64 A, 2x7,4 kW, type 2 coiled cable 5 m , 7"" color display, ISO 15118-20 V2G ready, Bluetooth, WiFi, Ethernet, and 4G USB modem compatibility, dual RFID reader, RCBOs, black cover","Duo Pro T monofase 64 A, 2 × 7,4 kW, cavo spiralato di tipo 2 da 5 m, display a colori da 7"", ISO 15118-20 V2G ready, Bluetooth, WiFi, Ethernet e compatibilità con modem USB 4G, doppio lettore RFID, protezioni magnetotermiche differenziali integrate, cover nera.",,,,,,March 2026,"€ 635,81","€ 7,84","€ 74,34","€ 717,99","2,5%","€ 6,00","25,0%",Abroad,TRUE,FALSE,FALSE,TRUE,TRUE,FALSE,FALSE,FALSE,TRUE,TRUE,FALSE,FALSE,FALSE,FALSE,Active
OT05AB64TCP5S,,AC Chargers,Duo Pro,Duo Pro T,"Duo Pro T Three-phase 64 A, 2x22 kW, type 2 coiled cable 5 m , 7"" color display, ISO 15118-20 V2G ready, Bluetooth, WiFi, Ethernet, and 4G USB modem compatibility, dual RFID reader, RCBOs, black cover","Duo Pro T trifase 64 A, 2 × 22 kW, cavo spiralato di tipo 2 da 5 m, display a colori da 7"", ISO 15118-20 V2G ready, Bluetooth, WiFi, Ethernet e compatibilità con modem USB 4G, doppio lettore RFID, protezioni magnetotermiche differenziali integrate, cover nera.",,,,,,March 2026,"€ 717,33","€ 7,84","€ 74,34","€ 799,51","2,5%","€ 6,00","25,0%",Abroad,FALSE,TRUE,FALSE,TRUE,TRUE,FALSE,FALSE,FALSE,TRUE,TRUE,FALSE,FALSE,FALSE,FALSE,Active
OT05AB64TMP5S,,AC Chargers,Duo Pro,Duo Pro T,"Duo Pro T Three-phase 64 A, 2x22kW, type 2 coiled cable 5 m , 7"" color display, ISO 15118-20 V2G ready, Bluetooth, WiFi, Ethernet, and 4G USB modem compatibility, dual RFID reader, RCBOs, MID meter, black cover","Duo Pro T trifase 64 A, 2 × 22 kW, cavo spiralato di tipo 2 da 5 m, display a colori da 7"", ISO 15118-20 V2G ready, Bluetooth, WiFi, Ethernet e compatibilità con modem USB 4G, doppio lettore RFID, protezioni magnetotermiche differenziali integrate, contatore MID, cover nera.",,,,,,March 2026,"€ 812,76","€ 7,84","€ 74,34","€ 894,94","2,5%","€ 6,00","25,0%",Abroad,FALSE,TRUE,FALSE,TRUE,TRUE,FALSE,FALSE,FALSE,TRUE,TRUE,FALSE,FALSE,FALSE,FALSE,Active
UT04IT64TCPI5S,,AC Chargers,Urban,Urban T,"Urban T three-phase 64 A, 2 × 22 kW, 5 m coiled Type 2 cable, monochrome display, ISO 15118-20 V2G ready, Bluetooth, WiFi, Ethernet connectivity and USB 4G modem compatibility, dual RFID reader, integrated thermal-magnetic residual current protections, integrated shunt trip coil, AISI 304 stainless steel.","Urban T Trifase 64 A, 2X22 kW, cavo spiralato 5 m  tipo 2, display monocromatico, ISO 15118-20 V2G ready, Bluetooth, WiFi, Ethernet e compatibilità con modem 4G USB, doppio lettore RFID, protezioni magnetotermiche differenziali, bobina di sgancio integrata, inox AISI304","Urban T trifásica 64 A, 2x22 kW, cable espiral 5 m tipo 2 con soporte para conector, pantalla monocromática, ISO 15118-20 V2G ready, Bluetooth, WiFi, Ethernet y compatibilidad con módem USB 4G, doble lector RFID, protecciones magnetotérmicas diferenciales, acero inoxidable AISI304","Urban T dreiphasig 64 A, 2 × 22 kW, 5 m spiralförmiges Typ-2-Kabel, monochromes Display, ISO 15118-20 V2G ready, Bluetooth, WiFi, Ethernet-Konnektivität und Kompatibilität mit USB-4G-Modem, doppelter RFID-Leser, integrierte RCBO-Schutzvorrichtungen, integrierte Auslösespule (Shunt Trip), Edelstahl AISI 304.","Urban T triphasé 64 A, 2 × 22 kW, câble spiralé Type 2 de 5 m, écran monochrome, ISO 15118-20 V2G ready, Bluetooth, WiFi, connectivité Ethernet et compatibilité avec modem USB 4G, double lecteur RFID, protections RCBO intégrées, acier inoxydable AISI 304.","Urban T trifásico 64 A, 2x22 kW, cabo espiralado de 5 m tipo 2, ecrã monocromático, ISO 15118-20 V2G ready, Bluetooth, WiFi, Ethernet e compatibilidade com modem USB 4G, leitor RFID duplo, proteções magnetotérmicas diferenciais, aço inoxidável AISI 304",,March 2026,"€ 1.023,13","€ 8,07","€ 100,72","€ 1.131,91","2,5%","€ 6,00","32,0%",Italy,FALSE,TRUE,FALSE,TRUE,TRUE,FALSE,FALSE,FALSE,FALSE,TRUE,TRUE,FALSE,FALSE,FALSE,Active
UT04IT64TMPI5S,,AC Chargers,Urban,Urban T,"Urban T three-phase 64 A, 2 × 22 kW, 5 m coiled Type 2 cable, monochrome display, ISO 15118-20 V2G ready, Bluetooth, WiFi, Ethernet connectivity and USB 4G modem compatibility, dual RFID reader, integrated thermal-magnetic residual current protections, integrated shunt trip coil, MID meter, AISI 304 stainless steel.","Urban T Trifase 64 A, 2X22 kW, cavo spiralato 5 m  tipo 2, display monocromatico, ISO 15118-20 V2G ready, Bluetooth, WiFi, Ethernet e compatibilità con modem 4G USB, doppio lettore RFID, protezioni magnetotermiche differenziali, bobina di sgancio integrata, misuratore MID, inox AISI304","Urban T trifásica 64 A, 2x22 kW, cable espiral 5 m tipo 2 con soporte para conector, pantalla monocromática, ISO 15118-20 V2G ready, Bluetooth, WiFi, Ethernet y compatibilidad con módem USB 4G, doble lector RFID, protecciones magnetotérmicas diferenciales, contador MID, acero inoxidable AISI304","Urban T dreiphasig 64 A, 2 × 22 kW, 5 m spiralförmiges Typ-2-Kabel, monochromes Display, ISO 15118-20 V2G ready, Bluetooth, WiFi, Ethernet-Konnektivität und Kompatibilität mit USB-4G-Modem, doppelter RFID-Leser, integrierte RCBO-Schutzvorrichtungen, integrierte Auslösespule (Shunt Trip), MID-Zähler, Edelstahl AISI 304.","Urban T triphasé 64 A, 2 × 22 kW, câble spiralé Type 2 de 5 m, écran monochrome, ISO 15118-20 V2G ready, Bluetooth, WiFi, connectivité Ethernet et compatibilité avec modem USB 4G, double lecteur RFID, protections RCBO intégrées, compteur MID, acier inoxydable AISI 304.","Urban T trifásico 64 A, 2x22 kW, cabo espiralado de 5 m tipo 2, ecrã monocromático, ISO 15118-20 V2G ready, Bluetooth, WiFi, Ethernet e compatibilidade com modem USB 4G, leitor RFID duplo, proteções magnetotérmicas diferenciais, contador MID, aço inoxidável AISI 304",,March 2026,"€ 1.119,98","€ 8,07","€ 107,02","€ 1.235,06","2,5%","€ 6,00","32,0%",Italy,FALSE,TRUE,FALSE,TRUE,TRUE,FALSE,FALSE,FALSE,FALSE,TRUE,TRUE,FALSE,TRUE,FALSE,Active
UT04IT64TCRI5S,,AC Chargers,Urban,Urban T,"Urban T three-phase 64 A, 2 × 22 kW, 5 m coiled Type 2 cable, monochrome display, ISO 15118-20 V2G ready, Bluetooth, WiFi, Ethernet connectivity and USB 4G modem compatibility, dual RFID reader, integrated thermal-magnetic residual current protections and permanent and transient overvoltage protection, integrated shunt trip coil, AISI 304 stainless steel.","Urban T Trifase 64 A, 2X22 kW, cavo spiralato 5 m  tipo 2, display monocromatico, ISO 15118-20 V2G ready, Bluetooth, WiFi, Ethernet e compatibilità con modem 4G USB, doppio lettore RFID, protezioni magnetotermiche differenziali e di sovratensione permanente e transitoria, bobina di sgancio integrata, inox AISI304","Urban T trifásica 64 A, 2x22 kW, cable espiral 5 m tipo 2 con soporte para conector, pantalla monocromática, ISO 15118-20 V2G ready, Bluetooth, WiFi, Ethernet y compatibilidad con módem USB 4G, doble lector RFID, protecciones magnetotérmicas diferenciales y contra sobretensión permanente y transitoria, acero inoxidable AISI304","Urban T dreiphasig 64 A, 2 × 22 kW, 5 m spiralförmiges Typ-2-Kabel, monochromes Display, ISO 15118-20 V2G ready, Bluetooth, WiFi, Ethernet-Konnektivität und Kompatibilität mit USB-4G-Modem, doppelter RFID-Leser, integrierte RCBO-Schutzvorrichtungen sowie Schutz gegen permanente und transiente Überspannungen, integrierte Auslösespule (Shunt Trip), Edelstahl AISI 304.","Urban T triphasé 64 A, 2 × 22 kW, câble spiralé Type 2 de 5 m, écran monochrome, ISO 15118-20 V2G ready, Bluetooth, WiFi, connectivité Ethernet et compatibilité avec modem USB 4G, double lecteur RFID, protections RCBO intégrées et protection contre les surtensions permanentes et transitoires, acier inoxydable AISI 304.","Urban T trifásico 64 A, 2x22 kW, cabo espiralado de 5 m tipo 2, ecrã monocromático, ISO 15118-20 V2G ready, Bluetooth, WiFi, Ethernet e compatibilidade com modem USB 4G, leitor RFID duplo, proteções magnetotérmicas diferenciais e contra sobretensão permanente e transitória, aço inoxidável AISI 304",,March 2026,"€ 1.041,24","€ 8,07","€ 100,72","€ 1.150,02","2,5%","€ 6,00","32,0%",Italy,FALSE,TRUE,FALSE,TRUE,TRUE,FALSE,FALSE,FALSE,FALSE,TRUE,TRUE,TRUE,FALSE,FALSE,Active
UT04IT64TMRI5S,,AC Chargers,Urban,Urban T,"Urban T three-phase 64 A, 2 × 22 kW, 5 m coiled Type 2 cable, monochrome display, ISO 15118-20 V2G ready, Bluetooth, WiFi, Ethernet connectivity and USB 4G modem compatibility, dual RFID reader, integrated thermal-magnetic residual current protections and permanent and transient overvoltage protection, integrated shunt trip coil, MID meter, AISI 304 stainless steel.","Urban T Trifase 64 A, 2X22 kW, cavo spiralato 5 m  tipo 2, display monocromatico, ISO 15118-20 V2G ready, Bluetooth, WiFi, Ethernet e compatibilità con modem 4G USB, doppio lettore RFID, protezioni magnetotermiche differenziali e di sovratensione permanente e transitoria, bobina di sgancio integrata, misuratore MID, inox AISI304","Urban T trifásica 64 A, 2x22 kW, cable espiral 5 m tipo 2 con soporte para conector, pantalla monocromática, ISO 15118-20 V2G ready, Bluetooth, WiFi, Ethernet y compatibilidad con módem USB 4G, doble lector RFID, protecciones magnetotérmicas diferenciales y contra sobretensión permanente y transitoria, contador MID, acero inoxidable AISI304","Urban T dreiphasig 64 A, 2 × 22 kW, 5 m spiralförmiges Typ-2-Kabel, monochromes Display, ISO 15118-20 V2G ready, Bluetooth, WiFi, Ethernet-Konnektivität und Kompatibilität mit USB-4G-Modem, doppelter RFID-Leser, integrierte RCBO-Schutzvorrichtungen sowie Schutz gegen permanente und transiente Überspannungen, integrierte Auslösespule (Shunt Trip), MID-Zähler, Edelstahl AISI 304.","Urban T triphasé 64 A, 2 × 22 kW, câble spiralé Type 2 de 5 m, écran monochrome, ISO 15118-20 V2G ready, Bluetooth, WiFi, connectivité Ethernet et compatibilité avec modem USB 4G, double lecteur RFID, protections RCBO intégrées et protection contre les surtensions permanentes et transitoires, compteur MID, acier inoxydable AISI 304.","Urban T trifásico 64 A, 2x22 kW, cabo espiralado de 5 m tipo 2, ecrã monocromático, ISO 15118-20 V2G ready, Bluetooth, WiFi, Ethernet e compatibilidade com modem USB 4G, leitor RFID duplo, proteções magnetotérmicas diferenciais e contra sobretensão permanente e transitória, contador MID, aço inoxidável AISI 304",,March 2026,"€ 1.138,10","€ 8,07","€ 107,02","€ 1.253,18","2,5%","€ 6,00","32,0%",Italy,FALSE,TRUE,FALSE,TRUE,TRUE,FALSE,FALSE,FALSE,FALSE,TRUE,TRUE,TRUE,TRUE,FALSE,Active
US04IT64TCPI,,AC Chargers,Urban,Urban S,"Urban S three-phase 64 A, 2 × 22 kW, Type 2 socket, monochrome display, ISO 15118-20 V2G ready, Bluetooth, WiFi, Ethernet connectivity and USB 4G modem compatibility, dual RFID reader, integrated thermal-magnetic residual current protections, integrated shunt trip coil, AISI 304 stainless steel.","Urban S Trifase 64 A, 2X22 kW, socket tipo 2, inox AISI304, display monocromatico, ISO 15118-20 V2G ready, Bluetooth, WiFi, Ethernet e compatibilità con modem 4G USB, doppio lettore RFID, protezioni magnetotermiche differenziali, bobina di sgancio integrata, inox AISI304","Urban S trifásica 64 A, 2x22 kW, toma tipo 2, pantalla monocromática, ISO 15118-20 V2G ready, Bluetooth, WiFi, Ethernet y compatibilidad con módem USB 4G, doble lector RFID, protecciones magnetotérmicas diferenciales, acero inoxidable AISI304","Urban S dreiphasig 64 A, 2 × 22 kW, Typ-2-Steckdose, monochromes Display, ISO 15118-20 V2G ready, Bluetooth, WiFi, Ethernet-Konnektivität und Kompatibilität mit USB-4G-Modem, doppelter RFID-Leser, integrierte RCBO-Schutzvorrichtungen, integrierte Auslösespule (Shunt Trip), Edelstahl AISI 304.","Urban S triphasé 64 A, 2 × 22 kW, prise Type 2, écran monochrome, ISO 15118-20 V2G ready, Bluetooth, WiFi, connectivité Ethernet et compatibilité avec modem USB 4G, double lecteur RFID, protections RCBO intégrées, acier inoxydable AISI 304.","Urban S trifásico 64 A, 2x22 kW, tomada tipo 2, ecrã monocromático, ISO 15118-20 V2G ready, Bluetooth, WiFi, Ethernet e compatibilidade com modem USB 4G, leitor RFID duplo, proteções magnetotérmicas diferenciais, aço inoxidável AISI 304",,March 2026,"€ 920,04","€ 7,67","€ 107,02","€ 1.034,72","2,5%","€ 6,00","32,0%",Italy,FALSE,TRUE,FALSE,TRUE,FALSE,FALSE,TRUE,FALSE,FALSE,TRUE,TRUE,FALSE,FALSE,FALSE,Active
US04IT64TMPI,,AC Chargers,Urban,Urban S,"Urban S three-phase 64 A, 2 × 22 kW, Type 2 socket, monochrome display, ISO 15118-20 V2G ready, Bluetooth, WiFi, Ethernet connectivity and USB 4G modem compatibility, dual RFID reader, integrated thermal-magnetic residual current protections, integrated shunt trip coil, MID meter, AISI 304 stainless steel.","Urban S Trifase 64 A, 2X22 kW, socket tipo 2, display monocromatico, ISO 15118-20 V2G ready, Bluetooth, WiFi, Ethernet e compatibilità con modem 4G USB, doppio lettore RFID, protezioni magnetotermiche differenziali, bobina di sgancio integrata, misuratore MID, inox AISI304","Urban S trifásica 64 A, 2x22 kW, toma tipo 2, pantalla monocromática, ISO 15118-20 V2G ready, Bluetooth, WiFi, Ethernet y compatibilidad con módem USB 4G, doble lector RFID, protecciones magnetotérmicas diferenciales, contador MID, acero inoxidable AISI304","Urban S dreiphasig 64 A, 2 × 22 kW, Typ-2-Steckdose, monochromes Display, ISO 15118-20 V2G ready, Bluetooth, WiFi, Ethernet-Konnektivität und Kompatibilität mit USB-4G-Modem, doppelter RFID-Leser, integrierte RCBO-Schutzvorrichtungen, integrierte Auslösespule (Shunt Trip), MID-Zähler, Edelstahl AISI 304.","Urban S triphasé 64 A, 2 × 22 kW, prise Type 2, écran monochrome, ISO 15118-20 V2G ready, Bluetooth, WiFi, connectivité Ethernet et compatibilité avec modem USB 4G, double lecteur RFID, protections RCBO intégrées, compteur MID, acier inoxydable AISI 304.","Urban S trifásico 64 A, 2x22 kW, tomada tipo 2, ecrã monocromático, ISO 15118-20 V2G ready, Bluetooth, WiFi, Ethernet e compatibilidade com modem USB 4G, leitor RFID duplo, proteções magnetotérmicas diferenciais, contador MID, aço inoxidável AISI 304",,March 2026,"€ 1.016,90","€ 7,67","€ 113,31","€ 1.137,87","2,5%","€ 6,00","32,0%",Italy,FALSE,TRUE,FALSE,TRUE,FALSE,FALSE,TRUE,FALSE,FALSE,TRUE,TRUE,FALSE,TRUE,FALSE,Active
US04IT64TCRI,,AC Chargers,Urban,Urban S,"Urban S three-phase 64 A, 2 × 22 kW, Type 2 socket, monochrome display, ISO 15118-20 V2G ready, Bluetooth, WiFi, Ethernet connectivity and USB 4G modem compatibility, dual RFID reader, integrated thermal-magnetic residual current protections and permanent and transient overvoltage protection, integrated shunt trip coil, AISI 304 stainless steel.","Urban S Trifase 64 A, 2X22 kW, socket tipo 2, display monocromatico, ISO 15118-20 V2G ready, Bluetooth, WiFi, Ethernet e compatibilità con modem 4G USB, doppio lettore RFID, protezioni magnetotermiche differenziali e di sovratensione permanente e transitoria, bobina di sgancio integrata, inox AISI304","Urban S trifásica 64 A, 2x22 kW, toma tipo 2, pantalla monocromática, ISO 15118-20 V2G ready, Bluetooth, WiFi, Ethernet y compatibilidad con módem USB 4G, doble lector RFID, protecciones magnetotérmicas diferenciales y contra sobretensión permanente y transitoria, acero inoxidable AISI304","Urban S dreiphasig 64 A, 2 × 22 kW, Typ-2-Steckdose, monochromes Display, ISO 15118-20 V2G ready, Bluetooth, WiFi, Ethernet-Konnektivität und Kompatibilität mit USB-4G-Modem, doppelter RFID-Leser, integrierte RCBO-Schutzvorrichtungen sowie Schutz gegen permanente und transiente Überspannungen, integrierte Auslösespule (Shunt Trip), Edelstahl AISI 304.","Urban S triphasé 64 A, 2 × 22 kW, prise Type 2, écran monochrome, ISO 15118-20 V2G ready, Bluetooth, WiFi, connectivité Ethernet et compatibilité avec modem USB 4G, double lecteur RFID, protections RCBO intégrées et protection contre les surtensions permanentes et transitoires, acier inoxydable AISI 304.","Urban S trifásico 64 A, 2x22 kW, tomada tipo 2, ecrã monocromático, ISO 15118-20 V2G ready, Bluetooth, WiFi, Ethernet e compatibilidade com modem USB 4G, leitor RFID duplo, proteções magnetotérmicas diferenciais e contra sobretensão permanente e transitória, aço inoxidável AISI 304",,March 2026,"€ 938,15","€ 7,67","€ 107,02","€ 1.052,83","2,5%","€ 6,00","32,0%",Italy,FALSE,TRUE,FALSE,TRUE,FALSE,FALSE,TRUE,FALSE,FALSE,TRUE,TRUE,TRUE,FALSE,FALSE,Active
US04IT64TCRI-SW,,AC Chargers,Urban,Urban S,"Urban S three-phase 64 A, 2 × 22 kW, Type 2 sockets with integrated shutters, monochrome display, ISO 15118-20 V2G ready, Bluetooth, WiFi, Ethernet connectivity and USB 4G modem compatibility, dual RFID reader, integrated thermal-magnetic residual current protections and transient overvoltage protection, upstream thermal-magnetic protection, integrated shunt trip coil, AISI 304 stainless steel.","Urban S Trifase 64 A, 2X22 kW, socket tipo 2 con shutter integrati, display monocromatico, ISO 15118-20 V2G ready, Bluetooth, WiFi, Ethernet e compatibilità con modem 4G USB, doppio lettore RFID, protezioni magnetotermiche differenziali e di sovratensione transitoria, protezione magnetotermica in ingresso, bobina di sgancio integrata, inox AISI304","Urban S trifásica 64 A, 2x22 kW, toma tipo 2 con obturador integrado, pantalla monocromática, ISO 15118-20 V2G ready, Bluetooth, WiFi, Ethernet y compatibilidad con módem USB 4G, doble lector RFID, protecciones magnetotérmicas diferenciales y contra sobretensión transitoria, protección magnetotérmica de entrada, acero inoxidable AISI304","Urban S dreiphasig 64 A, 2 × 22 kW, Typ-2-Steckdosen mit integrierten Shutters, monochromes Display, ISO 15118-20 V2G ready, Bluetooth, WiFi, Ethernet-Konnektivität und Kompatibilität mit USB-4G-Modem, doppelter RFID-Leser, integrierte RCBO-Schutzvorrichtungen sowie transienter Überspannungsschutz, vorgeschalteter thermisch-magnetischer Schutz, integrierte Auslösespule (Shunt Trip), Edelstahl AISI 304.","Urban S triphasé 64 A, 2 × 22 kW, prises Type 2 avec obturateurs intégrés, écran monochrome, ISO 15118-20 V2G ready, Bluetooth, WiFi, connectivité Ethernet et compatibilité avec modem USB 4G, double lecteur RFID, protections RCBO intégrées et protection contre les surtensions transitoires, protection thermomagnétique amont, acier inoxydable AISI 304.","Urban S trifásico 64 A, 2x22 kW, tomada tipo 2 com obturador integrado, ecrã monocromático, ISO 15118-20 V2G ready, Bluetooth, WiFi, Ethernet e compatibilidade com modem USB 4G, leitor RFID duplo, proteções magnetotérmicas diferenciais e contra sobretensão transitória, proteção magnetotérmica de entrada, aço inoxidável AISI 304",,March 2026,"€ 998,30","€ 7,67","€ 112,02","€ 1.117,98","2,5%","€ 6,00","32,0%",Italy,FALSE,TRUE,FALSE,TRUE,FALSE,FALSE,TRUE,FALSE,FALSE,TRUE,TRUE,TRUE,FALSE,FALSE,Active
US04IT64TMRI,,AC Chargers,Urban,Urban S,"Urban S three-phase 64 A, 2 × 22 kW, Type 2 socket, monochrome display, ISO 15118-20 V2G ready, Bluetooth, WiFi, Ethernet connectivity and USB 4G modem compatibility, dual RFID reader, integrated thermal-magnetic residual current protections and permanent and transient overvoltage protection, integrated shunt trip coil, MID meter, AISI 304 stainless steel.","Urban S Trifase 64 A, 2X22 kW, socket tipo 2, display monocromatico, ISO 15118-20 V2G ready, Bluetooth, WiFi, Ethernet e compatibilità con modem 4G USB, doppio lettore RFID, protezioni magnetotermiche differenziali e di sovratensione permanente e transitoria, bobina di sgancio integrata, misuratore MID, inox AISI304","Urban S trifásica 64 A, 2x22 kW, toma tipo 2, pantalla monocromática, ISO 15118-20 V2G ready, Bluetooth, WiFi, Ethernet y compatibilidad con módem USB 4G, doble lector RFID, protecciones magnetotérmicas diferenciales y contra sobretensión permanente y transitoria, contador MID, acero inoxidable AISI304","Urban S dreiphasig 64 A, 2 × 22 kW, Typ-2-Steckdose, monochromes Display, ISO 15118-20 V2G ready, Bluetooth, WiFi, Ethernet-Konnektivität und Kompatibilität mit USB-4G-Modem, doppelter RFID-Leser, integrierte RCBO-Schutzvorrichtungen sowie Schutz gegen permanente und transiente Überspannungen, integrierte Auslösespule (Shunt Trip), MID-Zähler, Edelstahl AISI 304.","Urban S triphasé 64 A, 2 × 22 kW, prise Type 2, écran monochrome, ISO 15118-20 V2G ready, Bluetooth, WiFi, connectivité Ethernet et compatibilité avec modem USB 4G, double lecteur RFID, protections RCBO intégrées et protection contre les surtensions permanentes et transitoires, compteur MID, acier inoxydable AISI 304.","Urban S trifásico 64 A, 2x22 kW, tomada tipo 2, ecrã monocromático, ISO 15118-20 V2G ready, Bluetooth, WiFi, Ethernet e compatibilidade com modem USB 4G, leitor RFID duplo, proteções magnetotérmicas diferenciais e contra sobretensão permanente e transitória, contador MID, aço inoxidável AISI 304",,March 2026,"€ 1.015,05","€ 7,67","€ 113,31","€ 1.136,03","2,5%","€ 6,00","32,0%",Italy,FALSE,TRUE,FALSE,TRUE,FALSE,FALSE,TRUE,FALSE,FALSE,TRUE,TRUE,TRUE,TRUE,FALSE,Active
US04AB64TCPI,,AC Chargers,Urban,Urban S,"Urban S Three-phase 64 A, 2X22 kW, type 2 socket, monochrome display, ISO 15118-20 V2G ready, Bluetooth, WiFi, Ethernet, and 4G USB modem compatibility, dual RFID reader, RCBOs, internal heater with thermostat for low-temperature protection, stainless steel AISI304, dark grey","Urban S trifase 64 A, 2×22 kW, presa Tipo 2, display monocromatico, ISO 15118-20 V2G ready, Bluetooth, WiFi, Ethernet e compatibilità con modem USB 4G, doppio lettore RFID, RCBO, riscaldatore interno con termostato per la protezione contro le basse temperature, acciaio inox AISI 304, grigio scuro",,,,,,March 2026,"€ 937,96","€ 7,67","€ 107,02","€ 1.052,64","2,5%","€ 6,00","32,0%",Abroad,FALSE,TRUE,FALSE,TRUE,FALSE,FALSE,TRUE,FALSE,FALSE,TRUE,TRUE,FALSE,FALSE,FALSE,Active
US04AB64TMPI,,AC Chargers,Urban,Urban S,"Urban S Three-phase 64 A, 2X22 kW, type 2 socket, monochrome display, ISO 15118-20 V2G ready, Bluetooth, WiFi, Ethernet, and 4G USB modem compatibility, dual RFID reader, RCBOs, MID meter, internal heater with thermostat for low-temperature protection, stainless steel AISI304, dark grey","Urban S trifase 64 A, 2×22 kW, presa Tipo 2, display monocromatico, ISO 15118-20 V2G ready, Bluetooth, WiFi, Ethernet e compatibilità con modem USB 4G, doppio lettore RFID, RCBO, contatore MID, riscaldatore interno con termostato per la protezione contro le basse temperature, acciaio inox AISI 304, grigio scuro",,,,,,March 2026,"€ 1.034,81","€ 7,67","€ 113,31","€ 1.155,79","2,5%","€ 6,00","32,0%",Abroad,FALSE,TRUE,FALSE,TRUE,FALSE,FALSE,TRUE,FALSE,FALSE,TRUE,TRUE,FALSE,TRUE,FALSE,Active
US04AB64TCRI,,AC Chargers,Urban,Urban S,"Urban S Three-phase 64 A, 2X22 kW, type 2 socket, monochrome display, ISO 15118-20 V2G ready, Bluetooth, WiFi, Ethernet, and 4G USB modem compatibility, dual RFID reader, RCBOs and overvoltage protections, internal heater with thermostat for low-temperature protection, stainless steel AISI304, dark grey","Urban S trifase 64 A, 2×22 kW, presa Tipo 2, display monocromatico, ISO 15118-20 V2G ready, Bluetooth, WiFi, Ethernet e compatibilità con modem USB 4G, doppio lettore RFID, RCBO e protezioni contro le sovratensioni, riscaldatore interno con termostato per la protezione contro le basse temperature, acciaio inox AISI 304, grigio scuro",,,,,,March 2026,"€ 951,22","€ 7,67","€ 107,02","€ 1.065,90","2,5%","€ 6,00","32,0%",Abroad,FALSE,TRUE,FALSE,TRUE,FALSE,FALSE,TRUE,FALSE,FALSE,TRUE,TRUE,TRUE,FALSE,FALSE,Active
US04AB64TMRI,,AC Chargers,Urban,Urban S,"Urban S Three-phase 64 A, 2X22 kW, type 2 socket, monochrome display, ISO 15118-20 V2G ready, Bluetooth, WiFi, Ethernet, and 4G USB modem compatibility, dual RFID reader, RCBOs and overvoltage protections, MID meter, internal heater with thermostat for low-temperature protection, stainless steel AISI304, dark grey","Urban S trifase 64 A, 2×22 kW, presa Tipo 2, display monocromatico, ISO 15118-20 V2G ready, Bluetooth, WiFi, Ethernet e compatibilità con modem USB 4G, doppio lettore RFID, RCBO e protezioni contro le sovratensioni, contatore MID, riscaldatore interno con termostato per la protezione contro le basse temperature, acciaio inox AISI 304, grigio scuro",,,,,,March 2026,"€ 1.048,08","€ 7,67","€ 113,31","€ 1.169,05","2,5%","€ 6,00","32,0%",Abroad,FALSE,TRUE,FALSE,TRUE,FALSE,FALSE,TRUE,FALSE,FALSE,TRUE,TRUE,TRUE,TRUE,FALSE,Active
UT04AB64TCPI5S,,AC Chargers,Urban,Urban T,"Urban T Three-phase 64 A, 2X22 kW, type 2 coiled cable 5 m , monochrome display, ISO 15118-20 V2G ready, Bluetooth, WiFi, Ethernet, and 4G USB modem compatibility, dual RFID reader, RCBOs, internal heater with thermostat for low-temperature protection, stainless steel AISI304, dark grey","Urban T trifase 64 A, 2×22 kW, cavo Tipo 2 spiralato 5 m, display monocromatico, ISO 15118-20 V2G ready, Bluetooth, WiFi, Ethernet e compatibilità con modem USB 4G, doppio lettore RFID, RCBO, riscaldatore interno con termostato per la protezione contro le basse temperature, acciaio inox AISI 304, grigio scuro",,,,,,March 2026,"€ 1.041,04","€ 8,07","€ 100,72","€ 1.149,83","2,5%","€ 6,00","32,0%",Abroad,FALSE,TRUE,FALSE,TRUE,TRUE,FALSE,FALSE,FALSE,FALSE,TRUE,TRUE,FALSE,FALSE,FALSE,Active
UT04AB64TMPI5S,,AC Chargers,Urban,Urban T,"Urban T Three-phase 64 A, 2X22 kW, type 2 coiled cable 5 m , monochrome display, ISO 15118-20 V2G ready, Bluetooth, WiFi, Ethernet, and 4G USB modem compatibility, dual RFID reader, integrated RCBOs, MID meter, internal heater with thermostat for low-temperature protection, stainless steel AISI304, dark grey","Urban T trifase 64 A, 2×22 kW, cavo Tipo 2 spiralato 5 m, display monocromatico, ISO 15118-20 V2G ready, Bluetooth, WiFi, Ethernet e compatibilità con modem USB 4G, doppio lettore RFID, RCBO integrati, contatore MID, riscaldatore interno con termostato per la protezione contro le basse temperature, acciaio inox AISI 304, grigio scuro",,,,,,March 2026,"€ 1.137,90","€ 8,07","€ 107,02","€ 1.252,98","2,5%","€ 6,00","32,0%",Abroad,FALSE,FALSE,FALSE,TRUE,TRUE,FALSE,FALSE,FALSE,FALSE,TRUE,TRUE,FALSE,TRUE,FALSE,Active
UT04AB64TCRI5S,,AC Chargers,Urban,Urban T,"Urban T Three-phase 64 A, 2X22 kW, type 2 coiled cable 5 m , monochrome display, ISO 15118-20 V2G ready, Bluetooth, WiFi, Ethernet, and 4G USB modem compatibility, dual RFID reader, RCBOs and overvoltage protections, internal heater with thermostat for low-temperature protection, stainless steel AISI304, dark grey","Urban T trifase 64 A, 2×22 kW, cavo Tipo 2 spiralato 5 m, display monocromatico, ISO 15118-20 V2G ready, Bluetooth, WiFi, Ethernet e compatibilità con modem USB 4G, doppio lettore RFID, RCBO e protezioni contro le sovratensioni, riscaldatore interno con termostato per la protezione contro le basse temperature, acciaio inox AISI 304, grigio scuro",,,,,,March 2026,"€ 1.054,31","€ 8,07","€ 100,72","€ 1.163,09","2,5%","€ 6,00","32,0%",Abroad,FALSE,TRUE,FALSE,TRUE,TRUE,FALSE,FALSE,FALSE,FALSE,TRUE,TRUE,TRUE,FALSE,FALSE,Active
UT04AB64TMRI5S,,AC Chargers,Urban,Urban T,"Urban T Three-phase 64 A, 2X22 kW, type 2 coiled cable 5 m , monochrome display, ISO 15118-20 V2G ready, Bluetooth, WiFi, Ethernet, and 4G USB modem compatibility, dual RFID reader, RCBOs and overvoltage protections, MID meter, internal heater with thermostat for low-temperature protection, stainless steel AISI304, dark grey","Urban T trifase 64 A, 2×22 kW, cavo Tipo 2 spiralato 5 m, display monocromatico, ISO 15118-20 V2G ready, Bluetooth, WiFi, Ethernet e compatibilità con modem USB 4G, doppio lettore RFID, RCBO e protezioni contro le sovratensioni, contatore MID, riscaldatore interno con termostato per la protezione contro le basse temperature, acciaio inox AISI 304, grigio scuro",,,,,,March 2026,"€ 1.151,16","€ 8,07","€ 107,02","€ 1.266,24","2,5%","€ 6,00","32,0%",Abroad,FALSE,TRUE,FALSE,TRUE,TRUE,FALSE,FALSE,FALSE,FALSE,TRUE,TRUE,TRUE,TRUE,FALSE,Active
US04FR64TCPI,,AC Chargers,Urban,Urban S,"Urban S three-phase 64 A, 2 × 22 kW, Type 2 socket with shutter, full AISI 304 stainless steel enclosure, monochrome display, ISO 15118-20 V2G ready, Bluetooth, WiFi, Ethernet connectivity and USB 4G modem compatibility, dual RFID reader, integrated thermal-magnetic residual current protections.","Urban S trifase 64 A, 2 × 22 kW, presa Tipo 2 con shutter, corpo in acciaio inox AISI 304, display monocromatico, ISO 15118-20 V2G ready, Bluetooth, WiFi, connettività Ethernet e compatibilità con modem USB 4G, doppio lettore RFID, protezioni magnetotermiche differenziali integrate",,,"Urban S Triphasé 64 A, 2x22 kW, prise type 2 avec shutter, boîtier en inox AISI304 complet, écran monochrome, compatible ISO 15118-20 V2G, connectivité Bluetooth, WiFi, Ethernet et compatibilité avec modem 4G USB, double lecteur RFID, protections magnétothermique  différentielles intégrées",,8054320763963,March 2026,"€ 908,38","€ 7,67","€ 107,02","€ 1.023,06","2,5%","€ 6,00","32,0%",France,FALSE,TRUE,FALSE,TRUE,FALSE,FALSE,TRUE,FALSE,FALSE,TRUE,TRUE,FALSE,FALSE,FALSE,Active
US04FR64TMPI,,AC Chargers,Urban,Urban S,"Urban S three-phase 64 A, 2 × 22 kW, Type 2 socket with shutter, full AISI 304 stainless steel enclosure, monochrome display, ISO 15118-20 V2G ready, Bluetooth, WiFi, Ethernet connectivity and USB 4G modem compatibility, dual RFID reader, integrated thermal-magnetic residual current protections, MID meter.","Urban S trifase 64 A, 2 × 22 kW, presa Tipo 2 con shutter, corpo in acciaio inox AISI 304, display monocromatico, ISO 15118-20 V2G ready, Bluetooth, WiFi, connettività Ethernet e compatibilità con modem USB 4G, doppio lettore RFID, protezioni magnetotermiche differenziali integrate, contatore MID",,,"Urban S Triphasé 64 A, 2x22 kW, prise type 2 avec shutter, boîtier en inox AISI304 complet, écran monochrome, compatible ISO 15118-20 V2G, connectivité Bluetooth, WiFi, Ethernet et compatibilité avec modem 4G USB, double lecteur RFID, protections magnétothermique  différentielles intégrées, compteur MID",,8054320763970,March 2026,"€ 1.005,24","€ 7,67","€ 113,31","€ 1.126,21","2,5%","€ 6,00","32,0%",France,FALSE,TRUE,FALSE,TRUE,FALSE,FALSE,TRUE,FALSE,FALSE,TRUE,TRUE,FALSE,TRUE,FALSE,Active
US04FR64TCRI,,AC Chargers,Urban,Urban S,"Urban S three-phase 64 A, 2 × 22 kW, Type 2 socket with shutter, full AISI 304 stainless steel enclosure, monochrome display, ISO 15118-20 V2G ready, Bluetooth, WiFi, Ethernet connectivity and USB 4G modem compatibility, dual RFID reader, integrated thermal-magnetic residual current protections and permanent and transient overvoltage protection.","Urban S trifase 64 A, 2 × 22 kW, presa Tipo 2 con shutter, corpo in acciaio inox AISI 304, display monocromatico, ISO 15118-20 V2G ready, Bluetooth, WiFi, connettività Ethernet e compatibilità con modem USB 4G, doppio lettore RFID, protezioni magnetotermiche differenziali integrate e protezioni contro le sovratensioni permanenti e transitorie",,,"Urban S Triphasé 64 A, 2x22 kW, prise type 2 avec shutter, boîtier en inox AISI304 complet, écran monochrome, compatible ISO 15118-20 V2G, connectivité Bluetooth, WiFi, Ethernet et compatibilité avec modem 4G USB, double lecteur RFID, protections magnétothermique  différentielles et contre surtension permanente et transitoire intégrées",,8054320763987,March 2026,"€ 926,49","€ 7,67","€ 107,02","€ 1.041,17","2,5%","€ 6,00","32,0%",France,FALSE,TRUE,FALSE,TRUE,FALSE,FALSE,TRUE,FALSE,FALSE,TRUE,TRUE,TRUE,FALSE,FALSE,Active
US04FR64TMRI,,AC Chargers,Urban,Urban S,"Urban S three-phase 64 A, 2 × 22 kW, Type 2 socket with shutter, full AISI 304 stainless steel enclosure, monochrome display, ISO 15118-20 V2G ready, Bluetooth, WiFi, Ethernet connectivity and USB 4G modem compatibility, dual RFID reader, integrated thermal-magnetic residual current protections and permanent and transient overvoltage protection, MID meter.","Urban S trifase 64 A, 2 × 22 kW, presa Tipo 2 con shutter, corpo in acciaio inox AISI 304, display monocromatico, ISO 15118-20 V2G ready, Bluetooth, WiFi, connettività Ethernet e compatibilità con modem USB 4G, doppio lettore RFID, protezioni magnetotermiche differenziali integrate e protezioni contro le sovratensioni permanenti e transitorie, contatore MID",,,"Urban S Triphasé 64 A, 2x22 kW, prise type 2 avec shutter, boîtier en inox AISI304 complet, écran monochrome, compatible ISO 15118-20 V2G, connectivité Bluetooth, WiFi, Ethernet et compatibilité avec modem 4G USB, double lecteur RFID, protections magnétothermique  différentielles et contre surtension permanente et transitoire intégrées, compteur MID",,8054320763994,March 2026,"€ 1.023,35","€ 7,67","€ 113,31","€ 1.144,33","2,5%","€ 6,00","32,0%",France,FALSE,TRUE,FALSE,TRUE,FALSE,FALSE,TRUE,FALSE,FALSE,TRUE,TRUE,TRUE,TRUE,FALSE,Active
UT04FR64TCPI5S,,AC Chargers,Urban,Urban T,"Urban T three-phase 64 A, 2 × 22 kW, 5 m coiled Type 2 cable with shutter, full AISI 304 stainless steel enclosure, monochrome display, ISO 15118-20 V2G ready, Bluetooth, WiFi, Ethernet connectivity and USB 4G modem compatibility, dual RFID reader, integrated thermal-magnetic residual current protections.","Urban T trifase 64 A, 2 × 22 kW, cavo Tipo 2 spiralato 5 m con shutter, corpo in acciaio inox AISI 304, display monocromatico, ISO 15118-20 V2G ready, Bluetooth, WiFi, connettività Ethernet e compatibilità con modem USB 4G, doppio lettore RFID, protezioni magnetotermiche differenziali integrate",,,"Urban T Triphasé 64 A, 2x22 kW, câble spiralé 5m type 2 avec shutter, boîtier en inox AISI304 complet, écran monochrome, compatible ISO 15118-20 V2G, connectivité Bluetooth, WiFi, Ethernet et compatibilité avec modem 4G USB, double lecteur RFID, protections magnétothermique  différentielles intégrées",,8054320764007,March 2026,"€ 1.125,09","€ 8,07","€ 100,72","€ 1.233,87","2,5%","€ 6,00","32,0%",France,FALSE,TRUE,FALSE,TRUE,TRUE,FALSE,FALSE,FALSE,FALSE,TRUE,TRUE,FALSE,FALSE,FALSE,Active
UT04FR64TMPI5S,,AC Chargers,Urban,Urban T,"Urban T three-phase 64 A, 2 × 22 kW, 5 m coiled Type 2 cable with shutter, full AISI 304 stainless steel enclosure, monochrome display, ISO 15118-20 V2G ready, Bluetooth, WiFi, Ethernet connectivity and USB 4G modem compatibility, dual RFID reader, integrated thermal-magnetic residual current protections, MID meter.","Urban T trifase 64 A, 2 × 22 kW, cavo Tipo 2 spiralato 5 m con shutter, corpo in acciaio inox AISI 304, display monocromatico, ISO 15118-20 V2G ready, Bluetooth, WiFi, connettività Ethernet e compatibilità con modem USB 4G, doppio lettore RFID, protezioni magnetotermiche differenziali integrate, contatore MID",,,"Urban T Triphasé 64 A, 2x22 kW, câble spiralé 5m type 2 avec shutter, boîtier en inox AISI304 complet, écran monochrome, compatible ISO 15118-20 V2G, connectivité Bluetooth, WiFi, Ethernet et compatibilité avec modem 4G USB, double lecteur RFID, protections magnétothermique  différentielles intégrées, compteur MID",,8054320764014,March 2026,"€ 1.221,94","€ 8,07","€ 107,02","€ 1.337,02","2,5%","€ 6,00","32,0%",France,FALSE,TRUE,FALSE,TRUE,TRUE,FALSE,FALSE,FALSE,FALSE,TRUE,TRUE,FALSE,TRUE,FALSE,Active
UT04FR64TCRI5S,,AC Chargers,Urban,Urban T,"Urban T three-phase 64 A, 2 × 22 kW, 5 m coiled Type 2 cable with shutter, full AISI 304 stainless steel enclosure, monochrome display, ISO 15118-20 V2G ready, Bluetooth, WiFi, Ethernet connectivity and USB 4G modem compatibility, dual RFID reader, integrated thermal-magnetic residual current protections and permanent and transient overvoltage protection.","Urban T trifase 64 A, 2 × 22 kW, cavo Tipo 2 spiralato 5 m con shutter, corpo in acciaio inox AISI 304, display monocromatico, ISO 15118-20 V2G ready, Bluetooth, WiFi, connettività Ethernet e compatibilità con modem USB 4G, doppio lettore RFID, protezioni magnetotermiche differenziali integrate e protezioni contro le sovratensioni permanenti e transitorie",,,"Urban T Triphasé 64 A, 2x22 kW, câble spiralé 5m type 2 avec shutter, boîtier en inox AISI304 complet, écran monochrome, compatible ISO 15118-20 V2G, connectivité Bluetooth, WiFi, Ethernet et compatibilité avec modem 4G USB, double lecteur RFID, protections magnétothermique  différentielles et contre surtension permanente et transitoire intégrées",,8054320764021,March 2026,"€ 1.143,20","€ 8,07","€ 100,72","€ 1.251,98","2,5%","€ 6,00","32,0%",France,FALSE,TRUE,FALSE,TRUE,TRUE,FALSE,FALSE,FALSE,FALSE,TRUE,TRUE,TRUE,FALSE,FALSE,Active
UT04FR64TMRI5S,,AC Chargers,Urban,Urban T,"Urban T three-phase 64 A, 2 × 22 kW, 5 m coiled Type 2 cable with shutter, full AISI 304 stainless steel enclosure, monochrome display, ISO 15118-20 V2G ready, Bluetooth, WiFi, Ethernet connectivity and USB 4G modem compatibility, dual RFID reader, integrated thermal-magnetic residual current protections and permanent and transient overvoltage protection, MID meter.","Urban T trifase 64 A, 2 × 22 kW, cavo Tipo 2 spiralato 5 m con shutter, corpo in acciaio inox AISI 304, display monocromatico, ISO 15118-20 V2G ready, Bluetooth, WiFi, connettività Ethernet e compatibilità con modem USB 4G, doppio lettore RFID, protezioni magnetotermiche differenziali integrate e protezioni contro le sovratensioni permanenti e transitorie, contatore MID",,,"Urban T Triphasé 64 A, 2x22 kW, câble spiralé 5m type 2 avec shutter, boîtier en inox AISI304 complet, écran monochrome, compatible ISO 15118-20 V2G, connectivité Bluetooth, WiFi, Ethernet et compatibilité avec modem 4G USB, double lecteur RFID, protections magnétothermique  différentielles et contre surtension permanente et transitoire intégrées, compteur MID",,8054320764038,March 2026,"€ 1.240,06","€ 8,07","€ 107,02","€ 1.355,14","2,5%","€ 6,00","32,0%",France,FALSE,TRUE,FALSE,TRUE,TRUE,FALSE,FALSE,FALSE,FALSE,TRUE,TRUE,TRUE,TRUE,FALSE,Active
UT04FR64TCPI7L,,AC Chargers,Urban,Urban T,"Urban T three-phase 64 A, 2 × 22 kW, 7 m Type 2 cable with shutter, full AISI 304 stainless steel enclosure, monochrome display, ISO 15118-20 V2G ready, Bluetooth, WiFi, Ethernet connectivity and USB 4G modem compatibility, dual RFID reader, integrated thermal-magnetic residual current protections.","Urban T trifase 64 A, 2 × 22 kW, cavo Tipo 2 da 7 m con shutter, corpo in acciaio inox AISI 304, display monocromatico, ISO 15118-20 V2G ready, Bluetooth, WiFi, connettività Ethernet e compatibilità con modem USB 4G, doppio lettore RFID, protezioni magnetotermiche differenziali integrate",,,"Urban T Triphasé 64 A, 2x22 kW, câble 7m type 2 avec shutter, boîtier en inox AISI304 complet, écran monochrome, compatible ISO 15118-20 V2G, connectivité Bluetooth, WiFi, Ethernet et compatibilité avec modem 4G USB, double lecteur RFID, protections magnétothermique  différentielles intégrées",,8054320764045,March 2026,"€ 1.098,89","€ 8,07","€ 107,02","€ 1.213,97","2,5%","€ 6,00","32,0%",France,FALSE,TRUE,FALSE,TRUE,FALSE,TRUE,FALSE,FALSE,FALSE,TRUE,TRUE,FALSE,FALSE,FALSE,Active
UT05IT64TCPI5S,,AC Chargers,Urban Pro,Urban Pro T,"Urban Pro T three-phase 64 A, 2 × 22 kW, 5 m coiled Type 2 cable, 7'' colour display, ISO 15118-20 V2G ready, Bluetooth, WiFi, Ethernet connectivity and USB 4G modem compatibility, dual RFID reader, integrated thermal-magnetic residual current protections, integrated shunt trip coil, AISI 304 stainless steel.","Urban Pro T Trifase 64 A, 2X22 kW, cavo spiralato 5 m tipo 2, display 7"" a colori, ISO 15118-20 V2G ready, Bluetooth, WiFi, Ethernet e compatibilità con modem 4G USB, doppio lettore RFID, protezioni magnetotermiche differenziali, bobina di sgancio integrata, inox AISI304","Urban Pro T trifásica 64 A, 2x22 kW, cable espiral 5 m tipo 2 con soporte para conector, pantalla LCD 7'', ISO 15118-20 V2G ready, Bluetooth, WiFi, Ethernet y compatibilidad con módem USB 4G, doble lector RFID, protecciones magnetotérmicas diferenciales, acero inoxidable AISI304","Urban Pro T dreiphasig 64 A, 2 × 22 kW, spiralförmiges Typ-2-Kabel 5 m, 7""-Farbdisplay, ISO 15118-20 V2G ready, Bluetooth, WiFi, Ethernet und USB-4G-Modem-Kompatibilität, doppelter RFID-Leser, integrierte RCBO-Schutzvorrichtungen, integrierte Auslösespule, Edelstahl AISI 304.","Urban Pro T triphasé 64 A, 2 × 22 kW, câble spiralé Type 2 de 5 m, écran couleur 7"", ISO 15118-20 V2G ready, Bluetooth, WiFi, Ethernet et compatibilité avec modem USB 4G, double lecteur RFID, protections RCBO intégrées, acier inoxydable AISI 304.","Urban Pro T trifásico 64 A, 2x22 kW, cabo espiralado de 5 m tipo 2, ecrã a cores de 7"", ISO 15118-20 V2G ready, Bluetooth, WiFi, Ethernet e compatibilidade com modem USB 4G, leitor RFID duplo, proteções magnetotérmicas diferenciais, aço inoxidável AISI 304",,March 2026,"€ 1.083,94","€ 8,52","€ 100,72","€ 1.193,18","2,5%","€ 6,00","34,0%",Italy,FALSE,TRUE,FALSE,TRUE,TRUE,FALSE,FALSE,FALSE,FALSE,TRUE,TRUE,FALSE,FALSE,FALSE,Active
UT05IT64TMPI5S,,AC Chargers,Urban Pro,Urban Pro T,"Urban Pro T three-phase 64 A, 2 × 22 kW, 5 m coiled Type 2 cable, 7'' colour display, ISO 15118-20 V2G ready, Bluetooth, WiFi, Ethernet connectivity and USB 4G modem compatibility, dual RFID reader, integrated thermal-magnetic residual current protections, integrated shunt trip coil, MID meter, AISI 304 stainless steel.","Urban Pro T Trifase 64 A, 2X22 kW, cavo spiralato 5 m tipo 2, display 7"" a colori, ISO 15118-20 V2G ready, Bluetooth, WiFi, Ethernet e compatibilità con modem 4G USB, doppio lettore RFID, protezioni magnetotermiche differenziali, bobina di sgancio integrata, misuratore MID, inox AISI304","Urban Pro T trifásica 64 A, 2x22 kW, cable espiral 5 m tipo 2 con soporte para conector, pantalla LCD 7'', ISO 15118-20 V2G ready, Bluetooth, WiFi, Ethernet y compatibilidad con módem USB 4G, doble lector RFID, protecciones magnetotérmicas diferenciales, contador MID, acero inoxidable AISI304","Urban Pro T dreiphasig 64 A, 2 × 22 kW, spiralförmiges Typ-2-Kabel 5 m, 7""-Farbdisplay, ISO 15118-20 V2G ready, Bluetooth, WiFi, Ethernet und USB-4G-Modem-Kompatibilität, doppelter RFID-Leser, integrierte RCBO-Schutzvorrichtungen, integrierte Auslösespule, MID-Zähler, Edelstahl AISI 304.","Urban Pro T triphasé 64 A, 2 × 22 kW, câble spiralé Type 2 de 5 m, écran couleur 7"", ISO 15118-20 V2G ready, Bluetooth, WiFi, Ethernet et compatibilité avec modem USB 4G, double lecteur RFID, protections RCBO intégrées, compteur MID, acier inoxydable AISI 304.","Urban Pro T trifásico 64 A, 2x22 kW, cabo espiralado de 5 m tipo 2, ecrã a cores de 7"", ISO 15118-20 V2G ready, Bluetooth, WiFi, Ethernet e compatibilidade com modem USB 4G, leitor RFID duplo, proteções magnetotérmicas diferenciais, contador MID, aço inoxidável AISI 304",,March 2026,"€ 1.180,80","€ 8,52","€ 107,02","€ 1.296,33","2,5%","€ 6,00","34,0%",Italy,FALSE,TRUE,FALSE,TRUE,TRUE,FALSE,FALSE,FALSE,FALSE,TRUE,TRUE,FALSE,TRUE,FALSE,Active
UT05IT64TCRI5S,,AC Chargers,Urban Pro,Urban Pro T,"Urban Pro T three-phase 64 A, 2 × 22 kW, 5 m coiled Type 2 cable, 7'' colour display, ISO 15118-20 V2G ready, Bluetooth, WiFi, Ethernet connectivity and USB 4G modem compatibility, dual RFID reader, integrated thermal-magnetic residual current protections and permanent and transient overvoltage protection, integrated shunt trip coil, AISI 304 stainless steel.","Urban Pro T Trifase 64 A, 2X22 kW, cavo spiralato 5 m tipo 2, display 7"" a colori, ISO 15118-20 V2G ready, Bluetooth, WiFi, Ethernet e compatibilità con modem 4G USB, doppio lettore RFID, protezioni magnetotermiche differenziali e di sovratensione permanente e transitoria, bobina di sgancio integrata, inox AISI304","Urban Pro T trifásica 64 A, 2x22 kW, cable espiral 5 m tipo 2 con soporte para conector, pantalla LCD 7'', ISO 15118-20 V2G ready, Bluetooth, WiFi, Ethernet y compatibilidad con módem USB 4G, doble lector RFID, protecciones magnetotérmicas diferenciales y contra sobretensión permanente y transitoria, acero inoxidable AISI304","Urban Pro T dreiphasig 64 A, 2 × 22 kW, spiralförmiges Typ-2-Kabel 5 m, 7""-Farbdisplay, ISO 15118-20 V2G ready, Bluetooth, WiFi, Ethernet und USB-4G-Modem-Kompatibilität, doppelter RFID-Leser, integrierte RCBO-Schutzvorrichtungen sowie Schutz gegen permanente und transiente Überspannungen, integrierte Auslösespule, Edelstahl AISI 304.","Urban Pro T triphasé 64 A, 2 × 22 kW, câble spiralé Type 2 de 5 m, écran couleur 7"", ISO 15118-20 V2G ready, Bluetooth, WiFi, Ethernet et compatibilité avec modem USB 4G, double lecteur RFID, protections RCBO intégrées ainsi que protection contre les surtensions permanentes et transitoires, acier inoxydable AISI 304.","Urban Pro T trifásico 64 A, 2x22 kW, cabo espiralado de 5 m tipo 2, ecrã a cores de 7"", ISO 15118-20 V2G ready, Bluetooth, WiFi, Ethernet e compatibilidade com modem USB 4G, leitor RFID duplo, proteções magnetotérmicas diferenciais e contra sobretensão permanente e transitória, aço inoxidável AISI 304",,March 2026,"€ 1.102,06","€ 8,52","€ 100,72","€ 1.211,29","2,5%","€ 6,00","34,0%",Italy,FALSE,TRUE,FALSE,TRUE,TRUE,FALSE,FALSE,FALSE,FALSE,TRUE,TRUE,TRUE,FALSE,FALSE,Active
UT05IT64TMRI5S,,AC Chargers,Urban Pro,Urban Pro T,"Urban Pro T three-phase 64 A, 2 × 22 kW, 5 m coiled Type 2 cable, 7'' colour display, ISO 15118-20 V2G ready, Bluetooth, WiFi, Ethernet connectivity and USB 4G modem compatibility, dual RFID reader, integrated thermal-magnetic residual current protections and permanent and transient overvoltage protection, integrated shunt trip coil, MID meter, AISI 304 stainless steel.","Urban Pro T Trifase 64 A, 2X22 kW, cavo spiralato 5 m tipo 2, display 7"" a colori, ISO 15118-20 V2G ready, Bluetooth, WiFi, Ethernet e compatibilità con modem 4G USB, doppio lettore RFID, protezioni magnetotermiche differenziali e di sovratensione permanente e transitoria, bobina di sgancio integrata, misuratore MID, inox AISI304","Urban Pro T trifásica 64 A, 2x22 kW, cable espiral 5 m tipo 2 con soporte para conector, pantalla LCD 7'', ISO 15118-20 V2G ready, Bluetooth, WiFi, Ethernet y compatibilidad con módem USB 4G, doble lector RFID, protecciones magnetotérmicas diferenciales y contra sobretensión permanente y transitoria, contador MID, acero inoxidable AISI304","Urban Pro T dreiphasig 64 A, 2 × 22 kW, spiralförmiges Typ-2-Kabel 5 m, 7""-Farbdisplay, ISO 15118-20 V2G ready, Bluetooth, WiFi, Ethernet und USB-4G-Modem-Kompatibilität, doppelter RFID-Leser, integrierte RCBO-Schutzvorrichtungen sowie Schutz gegen permanente und transiente Überspannungen, integrierte Auslösespule, MID-Zähler, Edelstahl AISI 304.","Urban Pro T triphasé 64 A, 2 × 22 kW, câble spiralé Type 2 de 5 m, écran couleur 7"", ISO 15118-20 V2G ready, Bluetooth, WiFi, Ethernet et compatibilité avec modem USB 4G, double lecteur RFID, protections RCBO intégrées ainsi que protection contre les surtensions permanentes et transitoires, compteur MID, acier inoxydable AISI 304.","Urban Pro T trifásico 64 A, 2x22 kW, cabo espiralado de 5 m tipo 2, ecrã a cores de 7"", ISO 15118-20 V2G ready, Bluetooth, WiFi, Ethernet e compatibilidade com modem USB 4G, leitor RFID duplo, proteções magnetotérmicas diferenciais e contra sobretensão permanente e transitória, contador MID, aço inoxidável AISI 304",,March 2026,"€ 1.198,92","€ 8,52","€ 107,02","€ 1.314,45","2,5%","€ 6,00","34,0%",Italy,FALSE,TRUE,FALSE,TRUE,TRUE,FALSE,FALSE,FALSE,FALSE,TRUE,TRUE,TRUE,TRUE,FALSE,Active
US05IT64TCPI,,AC Chargers,Urban Pro,Urban Pro S,"Urban Pro S three-phase 64 A, 2 × 22 kW, Type 2 socket, 7'' colour display, ISO 15118-20 V2G ready, Bluetooth, WiFi, Ethernet connectivity and USB 4G modem compatibility, dual RFID reader, integrated thermal-magnetic residual current protections, integrated shunt trip coil, AISI 304 stainless steel.","Urban Pro S Trifase 64 A, 2X22 kW, socket tipo 2, display 7"" a colori, ISO 15118-20 V2G ready, Bluetooth, WiFi, Ethernet e compatibilità con modem 4G USB, doppio lettore RFID, protezioni magnetotermiche differenziali, bobina di sgancio integrata, inox AISI304","Urban Pro S trifásica 64 A, 2x22 kW, toma tipo 2, pantalla LCD 7'', ISO 15118-20 V2G ready, Bluetooth, WiFi, Ethernet y compatibilidad con módem USB 4G, doble lector RFID, protecciones magnetotérmicas diferenciales, acero inoxidable AISI304","Urban Pro S dreiphasig 64 A, 2 × 22 kW, Typ-2-Steckdose, 7""-Farbdisplay, ISO 15118-20 V2G ready, Bluetooth, WiFi, Ethernet und USB-4G-Modem-Kompatibilität, doppelter RFID-Leser, integrierte RCBO-Schutzvorrichtungen, integrierte Auslösespule, Edelstahl AISI 304.","Urban Pro S triphasé 64 A, 2 × 22 kW, prise Type 2, écran couleur 7"", ISO 15118-20 V2G ready, Bluetooth, WiFi, Ethernet et compatibilité avec modem USB 4G, double lecteur RFID, protections RCBO intégrées, acier inoxydable AISI 304.","Urban Pro S trifásico 64 A, 2x22 kW, tomada tipo 2, ecrã a cores de 7"", ISO 15118-20 V2G ready, Bluetooth, WiFi, Ethernet e compatibilidade com modem USB 4G, leitor RFID duplo, proteções magnetotérmicas diferenciais, aço inoxidável AISI 304",,March 2026,"€ 980,86","€ 8,12","€ 107,02","€ 1.095,99","2,5%","€ 6,00","34,0%",Italy,FALSE,TRUE,FALSE,TRUE,FALSE,FALSE,TRUE,FALSE,FALSE,TRUE,TRUE,FALSE,FALSE,FALSE,Active
US05IT64TMPI,,AC Chargers,Urban Pro,Urban Pro S,"Urban Pro S three-phase 64 A, 2 × 22 kW, Type 2 socket, 7'' colour display, ISO 15118-20 V2G ready, Bluetooth, WiFi, Ethernet connectivity and USB 4G modem compatibility, dual RFID reader, integrated thermal-magnetic residual current protections, shunt trip coil, MID meter, AISI 304 stainless steel.","Urban Pro S Trifase 64 A, 2X22 kW, socket tipo 2, display 7"" a colori, ISO 15118-20 V2G ready, Bluetooth, WiFi, Ethernet e compatibilità con modem 4G USB, doppio lettore RFID, protezioni magnetotermiche differenziali, bobina di sgancio, misuratore MID, inox AISI304","Urban Pro S trifásica 64 A, 2x22 kW, toma tipo 2, pantalla LCD 7'', ISO 15118-20 V2G ready, Bluetooth, WiFi, Ethernet y compatibilidad con módem USB 4G, doble lector RFID, protecciones magnetotérmicas diferenciales,  contador MID, acero inoxidable AISI304","Urban Pro S dreiphasig 64 A, 2 × 22 kW, Typ-2-Steckdose, 7""-Farbdisplay, ISO 15118-20 V2G ready, Bluetooth, WiFi, Ethernet und USB-4G-Modem-Kompatibilität, doppelter RFID-Leser, integrierte RCBO-Schutzvorrichtungen, Auslösespule, MID-Zähler, Edelstahl AISI 304.","Urban Pro S triphasé 64 A, 2 × 22 kW, prise Type 2, écran couleur 7"", ISO 15118-20 V2G ready, Bluetooth, WiFi, Ethernet et compatibilité avec modem USB 4G, double lecteur RFID, protections RCBO intégrées, bobine de déclenchement, compteur MID, acier inoxydable AISI 304.","Urban Pro S trifásico 64 A, 2x22 kW, tomada tipo 2, ecrã a cores de 7"", ISO 15118-20 V2G ready, Bluetooth, WiFi, Ethernet e compatibilidade com modem USB 4G, leitor RFID duplo, proteções magnetotérmicas diferenciais,  contador MID, aço inoxidável AISI 304",,March 2026,"€ 1.077,72","€ 8,12","€ 113,31","€ 1.199,14","2,5%","€ 6,00","34,0%",Italy,FALSE,TRUE,FALSE,TRUE,FALSE,FALSE,TRUE,FALSE,FALSE,TRUE,TRUE,FALSE,TRUE,FALSE,Active
US05IT64TCRI,,AC Chargers,Urban Pro,Urban Pro S,"Urban Pro S three-phase 64 A, 2 × 22 kW, Type 2 socket, 7'' colour display, ISO 15118-20 V2G ready, Bluetooth, WiFi, Ethernet connectivity and USB 4G modem compatibility, dual RFID reader, integrated thermal-magnetic residual current protections and permanent and transient overvoltage protection, integrated shunt trip coil, AISI 304 stainless steel.","Urban Pro S Trifase 64 A, 2X22 kW, socket tipo 2, display 7"" a colori, ISO 15118-20 V2G ready, Bluetooth, WiFi, Ethernet e compatibilità con modem 4G USB, doppio lettore RFID, protezioni magnetotermiche differenziali e di sovratensione permanente e transitoria, bobina di sgancio integrata, inox AISI304","Urban Pro S trifásica 64 A, 2x22 kW, toma tipo 2, pantalla LCD 7'', ISO 15118-20 V2G ready, Bluetooth, WiFi, Ethernet y compatibilidad con módem USB 4G, doble lector RFID, protecciones magnetotérmicas diferenciales y contra sobretensión permanente y transitoria, acero inoxidable AISI304","Urban Pro S dreiphasig 64 A, 2 × 22 kW, Typ-2-Steckdose, 7""-Farbdisplay, ISO 15118-20 V2G ready, Bluetooth, WiFi, Ethernet und USB-4G-Modem-Kompatibilität, doppelter RFID-Leser, integrierte RCBO-Schutzvorrichtungen sowie Schutz gegen permanente und transiente Überspannungen, integrierte Auslösespule, Edelstahl AISI 304.","Urban Pro S triphasé 64 A, 2 × 22 kW, prise Type 2, écran couleur 7"", ISO 15118-20 V2G ready, Bluetooth, WiFi, Ethernet et compatibilité avec modem USB 4G, double lecteur RFID, protections RCBO intégrées ainsi que protection contre les surtensions permanentes et transitoires, acier inoxydable AISI 304.","Urban Pro S trifásico 64 A, 2x22 kW, tomada tipo 2, ecrã a cores de 7"", ISO 15118-20 V2G ready, Bluetooth, WiFi, Ethernet e compatibilidade com modem USB 4G, leitor RFID duplo, proteções magnetotérmicas diferenciais e contra sobretensão permanente e transitória, aço inoxidável AISI 304",,March 2026,"€ 998,97","€ 8,12","€ 107,02","€ 1.114,10","2,5%","€ 6,00","34,0%",Italy,FALSE,TRUE,FALSE,TRUE,FALSE,FALSE,TRUE,FALSE,FALSE,TRUE,TRUE,TRUE,FALSE,FALSE,Active
US05IT64TCRI-SW,,AC Chargers,Urban Pro,Urban Pro S,"Urban Pro S three-phase 64 A, 2 × 22 kW, Type 2 sockets with integrated shutters, 7'' colour display, ISO 15118-20 V2G ready, Bluetooth, WiFi, Ethernet connectivity and USB 4G modem compatibility, dual RFID reader, integrated thermal-magnetic residual current protections and transient overvoltage protection, upstream thermal-magnetic protection, integrated shunt trip coil, AISI 305 stainless steel.","Urban Pro S Trifase 64 A, 2X22 kW, socket tipo 2 con shutter integrati, display 7"" a colori, ISO 15118-20 V2G ready, Bluetooth, WiFi, Ethernet e compatibilità con modem 4G USB, doppio lettore RFID, protezioni magnetotermiche differenziali e di sovratensione transitoria, protezione magnetotermica in ingresso, bobina di sgancio integrata, inox AISI305","Urban Pro S trifásica 64 A, 2x22 kW, toma tipo 2 con obturador integrado, pantalla LCD 7'', ISO 15118-20 V2G ready, Bluetooth, WiFi, Ethernet y compatibilidad con módem USB 4G, doble lector RFID, protecciones magnetotérmicas diferenciales y contra sobretensión transitoria, protección magnetotérmica de entrada, acero inoxidable AISI305","Urban Pro S dreiphasig 64 A, 2 × 22 kW, Typ-2-Steckdosen mit integrierten Shutters, 7""-Farbdisplay, ISO 15118-20 V2G ready, Bluetooth, WiFi, Ethernet und USB-4G-Modem-Kompatibilität, doppelter RFID-Leser, integrierte RCBO-Schutzvorrichtungen und Schutz gegen transiente Überspannungen, vorgeschalteter Leitungsschutzschalter, integrierte Auslösespule, Edelstahl AISI 305.","Urban Pro S triphasé 64 A, 2 × 22 kW, prises Type 2 avec obturateurs intégrés, écran couleur 7"", ISO 15118-20 V2G ready, Bluetooth, WiFi, Ethernet et compatibilité avec modem USB 4G, double lecteur RFID, protections RCBO intégrées et protection contre les surtensions transitoires, protection magnétothermique en amont, acier inoxydable AISI 305.","Urban Pro S trifásico 64 A, 2x22 kW, tomada tipo 2 com obturador integrado, ecrã a cores de 7"", ISO 15118-20 V2G ready, Bluetooth, WiFi, Ethernet e compatibilidade com modem USB 4G, leitor RFID duplo, proteções magnetotérmicas diferenciais e contra sobretensão transitória, proteção magnetotérmica de entrada, aço inoxidável AISI 305",,March 2026,"€ 1.059,12","€ 8,12","€ 112,02","€ 1.179,25","2,5%","€ 6,00","34,0%",Italy,FALSE,TRUE,FALSE,TRUE,FALSE,FALSE,TRUE,FALSE,FALSE,TRUE,TRUE,TRUE,FALSE,FALSE,Active
US05IT64TMRI,,AC Chargers,Urban Pro,Urban Pro S,"Urban Pro S three-phase 64 A, 2 × 22 kW, Type 2 socket, 7'' colour display, ISO 15118-20 V2G ready, Bluetooth, WiFi, Ethernet connectivity and USB 4G modem compatibility, dual RFID reader, integrated thermal-magnetic residual current protections and permanent and transient overvoltage protection, integrated shunt trip coil, MID meter, AISI 304 stainless steel.","Urban Pro S Trifase 64 A, 2X22 kW, socket tipo 2, display 7"" a colori, ISO 15118-20 V2G ready, Bluetooth, WiFi, Ethernet e compatibilità con modem 4G USB, doppio lettore RFID, protezioni magnetotermiche differenziali e di sovratensione permanente e transitoria, bobina di sgancio integrata, misuratore MID, inox AISI304","Urban Pro S trifásica 64 A, 2x22 kW, toma tipo 2, pantalla LCD 7'', ISO 15118-20 V2G ready, Bluetooth, WiFi, Ethernet y compatibilidad con módem USB 4G, doble lector RFID, protecciones magnetotérmicas diferenciales y contra sobretensión permanente y transitoria, contador MID, acero inoxidable AISI304","Urban Pro S dreiphasig 64 A, 2 × 22 kW, Typ-2-Steckdose, 7""-Farbdisplay, ISO 15118-20 V2G ready, Bluetooth, WiFi, Ethernet und USB-4G-Modem-Kompatibilität, doppelter RFID-Leser, integrierte RCBO-Schutzvorrichtungen sowie Schutz gegen permanente und transiente Überspannungen, integrierte Auslösespule, MID-Zähler, Edelstahl AISI 304.","Urban Pro S triphasé 64 A, 2 × 22 kW, prise Type 2, écran couleur 7"", ISO 15118-20 V2G ready, Bluetooth, WiFi, Ethernet et compatibilité avec modem USB 4G, double lecteur RFID, protections RCBO intégrées ainsi que protection contre les surtensions permanentes et transitoires, compteur MID, acier inoxydable AISI 304.","Urban Pro S trifásico 64 A, 2x22 kW, tomada tipo 2, ecrã a cores de 7"", ISO 15118-20 V2G ready, Bluetooth, WiFi, Ethernet e compatibilidade com modem USB 4G, leitor RFID duplo, proteções magnetotérmicas diferenciais e contra sobretensão permanente e transitória, contador MID, aço inoxidável AISI 304",,March 2026,"€ 1.095,83","€ 8,12","€ 113,31","€ 1.217,26","2,5%","€ 6,00","34,0%",Italy,FALSE,TRUE,FALSE,TRUE,FALSE,FALSE,TRUE,FALSE,FALSE,TRUE,TRUE,TRUE,TRUE,FALSE,Active
UT05IT64TMRI5SK,,AC Chargers,Urban Pro,Urban Pro TK,"Urban Pro T Large Trifase 64 A, 2X22 kW, cavo spiralato 5 m tipo 2, versione large, display 7"" a colori, ISO 15118-20 V2G ready, Bluetooth, WiFi, Ethernet e compatibilità con modem 4G USB, doppio lettore RFID, protezioni magnetotermiche differenziali e di sovratensione permanente e transitoria, bobina di sgancio integrata, misuratore MID, inox AISI304",,,,,,,TBD,#N/A,"€ 8,52",#N/A,#N/A,"2,5%","€ 6,00","36,0%",Italy,FALSE,FALSE,FALSE,FALSE,FALSE,FALSE,FALSE,FALSE,FALSE,FALSE,FALSE,FALSE,FALSE,FALSE,Inactive
US05FR64TCPI,,AC Chargers,Urban Pro,Urban Pro S,"Urban Pro S three-phase 64 A, 2 × 22 kW, Type 2 socket with shutter, full AISI 304 stainless steel enclosure, 7'' colour LCD display, ISO 15118-20 V2G ready, Bluetooth, WiFi, Ethernet connectivity and USB 4G modem compatibility, dual RFID reader, integrated thermal-magnetic residual current protections.","Urban Pro S trifase 64 A, 2 × 22 kW, presa Tipo 2 con shutter, corpo in acciaio inox AISI 304, display LCD a colori da 7'', ISO 15118-20 V2G ready, Bluetooth, WiFi, connettività Ethernet e compatibilità con modem USB 4G, doppio lettore RFID, protezioni magnetotermiche differenziali integrate.",,,"Urban Pro S Triphasé 64 A, 2x22 kW, prise type 2 avec shutter, boîtier en inox AISI304 complet, écran LCD couleur de 7"", compatible ISO 15118-20 V2G, connectivité Bluetooth, WiFi, Ethernet et compatibilité avec modem 4G USB, double lecteur RFID, protections magnétothermique  différentielles intégrées",,,March 2026,"€ 969,20","€ 8,12","€ 100,72","€ 1.078,03","2,5%","€ 6,00","34,0%",France,FALSE,TRUE,FALSE,TRUE,FALSE,FALSE,TRUE,FALSE,FALSE,TRUE,TRUE,FALSE,FALSE,FALSE,Active
US05FR64TMPI,,AC Chargers,Urban Pro,Urban Pro S,"Urban Pro S three-phase 64 A, 2 × 22 kW, Type 2 socket with shutter, full AISI 304 stainless steel enclosure, 7'' colour LCD display, ISO 15118-20 V2G ready, Bluetooth, WiFi, Ethernet connectivity and USB 4G modem compatibility, dual RFID reader, integrated thermal-magnetic residual current protections, MID meter.","Urban Pro S trifase 64 A, 2 × 22 kW, presa Tipo 2 con shutter, corpo in acciaio inox AISI 304, display LCD a colori da 7'', ISO 15118-20 V2G ready, Bluetooth, WiFi, connettività Ethernet e compatibilità con modem USB 4G, doppio lettore RFID, protezioni magnetotermiche differenziali integrate, contatore MID.",,,"Urban Pro S Triphasé 64 A, 2x22 kW, prise type 2 avec shutter, boîtier en inox AISI304 complet, écran LCD couleur de 7"", compatible ISO 15118-20 V2G, connectivité Bluetooth, WiFi, Ethernet et compatibilité avec modem 4G USB, double lecteur RFID, protections magnétothermique  différentielles intégrées, compteur MID",,,March 2026,"€ 1.066,06","€ 8,12","€ 107,02","€ 1.181,19","2,5%","€ 6,00","34,0%",France,FALSE,TRUE,FALSE,TRUE,FALSE,FALSE,TRUE,FALSE,FALSE,TRUE,TRUE,FALSE,TRUE,FALSE,Active
US05FR64TCRI,,AC Chargers,Urban Pro,Urban Pro S,"Urban Pro S three-phase 64 A, 2 × 22 kW, Type 2 socket with shutter, full AISI 304 stainless steel enclosure, 7'' colour LCD display, ISO 15118-20 V2G ready, Bluetooth, WiFi, Ethernet connectivity and USB 4G modem compatibility, dual RFID reader, integrated thermal-magnetic residual current protections and permanent and transient overvoltage protection.","Urban Pro S trifase 64 A, 2 × 22 kW, presa Tipo 2 con shutter, corpo in acciaio inox AISI 304, display LCD a colori da 7'', ISO 15118-20 V2G ready, Bluetooth, WiFi, connettività Ethernet e compatibilità con modem USB 4G, doppio lettore RFID, protezioni magnetotermiche differenziali integrate e protezioni contro le sovratensioni permanenti e transitorie.",,,"Urban Pro S Triphasé 64 A, 2x22 kW, prise type 2 avec shutter, boîtier en inox AISI304 complet, écran LCD couleur de 7"", compatible ISO 15118-20 V2G, connectivité Bluetooth, WiFi, Ethernet et compatibilité avec modem 4G USB, double lecteur RFID, protections magnétothermique  différentielles et contre surtension permanente et transitoire intégrées",,,March 2026,"€ 987,31","€ 8,12","€ 100,72","€ 1.096,15","2,5%","€ 6,00","34,0%",France,FALSE,TRUE,FALSE,TRUE,FALSE,FALSE,TRUE,FALSE,FALSE,TRUE,TRUE,TRUE,FALSE,FALSE,Active
US05FR64TMRI,,AC Chargers,Urban Pro,Urban Pro S,"Urban Pro S three-phase 64 A, 2 × 22 kW, Type 2 socket with shutter, full AISI 304 stainless steel enclosure, 7'' colour LCD display, ISO 15118-20 V2G ready, Bluetooth, WiFi, Ethernet connectivity and USB 4G modem compatibility, dual RFID reader, integrated thermal-magnetic residual current protections and permanent and transient overvoltage protection, MID meter.","Urban Pro S trifase 64 A, 2 × 22 kW, presa Tipo 2 con shutter, corpo in acciaio inox AISI 304, display LCD a colori da 7'', ISO 15118-20 V2G ready, Bluetooth, WiFi, connettività Ethernet e compatibilità con modem USB 4G, doppio lettore RFID, protezioni magnetotermiche differenziali integrate e protezioni contro le sovratensioni permanenti e transitorie, contatore MID.",,,"Urban Pro S Triphasé 64 A, 2x22 kW, prise type 2 avec shutter, boîtier en inox AISI304 complet, écran LCD couleur de 7"", compatible ISO 15118-20 V2G, connectivité Bluetooth, WiFi, Ethernet et compatibilité avec modem 4G USB, double lecteur RFID, protections magnétothermique  différentielles et contre surtension permanente et transitoire intégrées, compteur MID",,,March 2026,"€ 1.084,17","€ 8,12","€ 107,02","€ 1.199,30","2,5%","€ 6,00","34,0%",France,FALSE,TRUE,FALSE,TRUE,FALSE,FALSE,TRUE,FALSE,FALSE,TRUE,TRUE,TRUE,TRUE,FALSE,Active
UT05FR64TCPI5S,,AC Chargers,Urban Pro,Urban Pro T,"Urban Pro T three-phase 64 A, 2 × 22 kW, 5 m coiled Type 2 cable with shutter, full AISI 304 stainless steel enclosure, 7'' colour LCD display, ISO 15118-20 V2G ready, Bluetooth, WiFi, Ethernet connectivity and USB 4G modem compatibility, dual RFID reader, integrated thermal-magnetic residual current protections.","Urban Pro T trifase 64 A, 2 × 22 kW, cavo Tipo 2 spiralato da 5 m con shutter, corpo in acciaio inox AISI 304, display LCD a colori da 7'', ISO 15118-20 V2G ready, Bluetooth, WiFi, connettività Ethernet e compatibilità con modem USB 4G, doppio lettore RFID, protezioni magnetotermiche differenziali integrate.",,,"Urban Pro T Triphasé 64 A, 2x22 kW, câble spiralé 5 m  type 2 avec shutter, boîtier en inox AISI304 complet, écran LCD couleur de 7"", compatible ISO 15118-20 V2G, connectivité Bluetooth, WiFi, Ethernet et compatibilité avec modem 4G USB, double lecteur RFID, protections magnétothermique  différentielles intégrées",,,March 2026,"€ 1.185,90","€ 10,00","€ 100,72","€ 1.296,62","2,5%","€ 6,00","34,0%",France,FALSE,FALSE,FALSE,FALSE,FALSE,FALSE,FALSE,FALSE,FALSE,FALSE,FALSE,FALSE,FALSE,FALSE,Active
UT05FR64TMPI5S,,AC Chargers,Urban Pro,Urban Pro T,"Urban Pro T three-phase 64 A, 2 × 22 kW, 5 m coiled Type 2 cable with shutter, full AISI 304 stainless steel enclosure, 7'' colour LCD display, ISO 15118-20 V2G ready, Bluetooth, WiFi, Ethernet connectivity and USB 4G modem compatibility, dual RFID reader, integrated thermal-magnetic residual current protections, MID meter.","Urban Pro T trifase 64 A, 2 × 22 kW, cavo Tipo 2 spiralato da 5 m con shutter, corpo in acciaio inox AISI 304, display LCD a colori da 7'', ISO 15118-20 V2G ready, Bluetooth, WiFi, connettività Ethernet e compatibilità con modem USB 4G, doppio lettore RFID, protezioni magnetotermiche differenziali integrate, contatore MID.",,,"Urban Pro T Triphasé 64 A, 2x22 kW, câble spiralé 5 m  type 2 avec shutter, boîtier en inox AISI304 complet, écran LCD couleur de 7"", compatible ISO 15118-20 V2G, connectivité Bluetooth, WiFi, Ethernet et compatibilité avec modem 4G USB, double lecteur RFID, protections magnétothermique  différentielles intégrées, compteur MID",,,March 2026,"€ 1.282,76","€ 10,00","€ 107,02","€ 1.399,78","2,5%","€ 6,00","34,0%",France,FALSE,FALSE,FALSE,FALSE,FALSE,FALSE,FALSE,FALSE,FALSE,FALSE,FALSE,FALSE,FALSE,FALSE,Active
UT05FR64TCRI5S,,AC Chargers,Urban Pro,Urban Pro T,"Urban Pro T three-phase 64 A, 2 × 22 kW, 5 m coiled Type 2 cable with shutter, full AISI 304 stainless steel enclosure, 7'' colour LCD display, ISO 15118-20 V2G ready, Bluetooth, WiFi, Ethernet connectivity and USB 4G modem compatibility, dual RFID reader, integrated thermal-magnetic residual current protections and permanent and transient overvoltage protection.","Urban Pro T trifase 64 A, 2 × 22 kW, cavo Tipo 2 spiralato da 5 m con shutter, corpo in acciaio inox AISI 304, display LCD a colori da 7'', ISO 15118-20 V2G ready, Bluetooth, WiFi, connettività Ethernet e compatibilità con modem USB 4G, doppio lettore RFID, protezioni magnetotermiche differenziali integrate e protezioni contro le sovratensioni permanenti e transitorie.",,,"Urban Pro T Triphasé 64 A, 2x22 kW, câble spiralé 5 m  type 2 avec shutter, boîtier en inox AISI304 complet, écran LCD couleur de 7"", compatible ISO 15118-20 V2G, connectivité Bluetooth, WiFi, Ethernet et compatibilité avec modem 4G USB, double lecteur RFID, protections magnétothermique  différentielles et contre surtension permanente et transitoire intégrées",,,March 2026,"€ 1.204,02","€ 10,00","€ 100,72","€ 1.314,74","2,5%","€ 6,00","34,0%",France,FALSE,FALSE,FALSE,FALSE,FALSE,FALSE,FALSE,FALSE,FALSE,FALSE,FALSE,FALSE,FALSE,FALSE,Active
UT05FR64TMRI5S,,AC Chargers,Urban Pro,Urban Pro T,"Urban Pro T three-phase 64 A, 2 × 22 kW, 5 m coiled Type 2 cable with shutter, full AISI 304 stainless steel enclosure, 7'' colour LCD display, ISO 15118-20 V2G ready, Bluetooth, WiFi, Ethernet connectivity and USB 4G modem compatibility, dual RFID reader, integrated thermal-magnetic residual current protections and permanent and transient overvoltage protection, MID meter.","Urban Pro T trifase 64 A, 2 × 22 kW, cavo Tipo 2 spiralato da 5 m con shutter, corpo in acciaio inox AISI 304, display LCD a colori da 7'', ISO 15118-20 V2G ready, Bluetooth, WiFi, connettività Ethernet e compatibilità con modem USB 4G, doppio lettore RFID, protezioni magnetotermiche differenziali integrate e protezioni contro le sovratensioni permanenti e transitorie, contatore MID.",,,"Urban Pro T Triphasé 64 A, 2x22 kW, câble spiralé 5 m  type 2 avec shutter, boîtier en inox AISI304 complet, écran LCD couleur de 7"", compatible ISO 15118-20 V2G, connectivité Bluetooth, WiFi, Ethernet et compatibilité avec modem 4G USB, double lecteur RFID, protections magnétothermique  différentielles et contre surtension permanente et transitoire intégrées, compteur MID",,,March 2026,"€ 1.300,88","€ 10,00","€ 107,02","€ 1.417,89","2,5%","€ 6,00","34,0%",France,FALSE,FALSE,FALSE,FALSE,FALSE,FALSE,FALSE,FALSE,FALSE,FALSE,FALSE,FALSE,FALSE,FALSE,Active
US05AB64TCPI,,AC Chargers,Urban Pro,Urban Pro S,"Urban Pro S Three-phase 64 A, 2X22 kW, type 2 socket, LCD 7'' display, ISO 15118-20 V2G ready, Bluetooth, WiFi, Ethernet, and 4G USB modem compatibility, dual RFID reader, RCBOs, internal heater with thermostat for low-temperature protection, stainless steel AISI304, dark grey","Urban Pro S trifase 64 A, 2 × 22 kW, presa Tipo 2, display LCD da 7'', ISO 15118-20 V2G ready, Bluetooth, WiFi, Ethernet e compatibilità con modem USB 4G, doppio lettore RFID, protezioni magnetotermiche differenziali, riscaldatore interno con termostato per la protezione contro le basse temperature, acciaio inox AISI 304, grigio scuro.",,,,,,March 2026,"€ 998,77","€ 8,12","€ 107,02","€ 1.113,91","2,5%","€ 6,00","34,0%",Abroad,FALSE,FALSE,FALSE,FALSE,FALSE,FALSE,FALSE,FALSE,FALSE,FALSE,FALSE,FALSE,FALSE,FALSE,Active
US05AB64TMPI,,AC Chargers,Urban Pro,Urban Pro S,"Urban Pro S Three-phase 64 A, 2X22 kW, type 2 socket, LCD 7'' display, ISO 15118-20 V2G ready, Bluetooth, WiFi, Ethernet, and 4G USB modem compatibility, dual RFID reader, integrated RCBOs, MID meter, internal heater with thermostat for low-temperature protection, stainless steel AISI304, dark grey","Urban Pro S trifase 64 A, 2 × 22 kW, presa Tipo 2, display LCD da 7'', ISO 15118-20 V2G ready, Bluetooth, WiFi, Ethernet e compatibilità con modem USB 4G, doppio lettore RFID, protezioni magnetotermiche differenziali integrate, contatore MID, riscaldatore interno con termostato per la protezione contro le basse temperature, acciaio inox AISI 304, grigio scuro.",,,,,,March 2026,"€ 1.095,63","€ 8,12","€ 107,02","€ 1.210,77","2,5%","€ 6,00","34,0%",Abroad,FALSE,FALSE,FALSE,FALSE,FALSE,FALSE,FALSE,FALSE,FALSE,FALSE,FALSE,FALSE,FALSE,FALSE,Active
US05AB64TCRI,,AC Chargers,Urban Pro,Urban Pro S,"Urban Pro S Three-phase 64 A, 2X22 kW, type 2 socket, LCD 7'' display, ISO 15118-20 V2G ready, Bluetooth, WiFi, Ethernet, and 4G USB modem compatibility, dual RFID reader, RCBOs and overvoltage protections, internal heater with thermostat for low-temperature protection, stainless steel AISI304, dark grey","Urban Pro S trifase 64 A, 2 × 22 kW, presa Tipo 2, display LCD da 7'', ISO 15118-20 V2G ready, Bluetooth, WiFi, Ethernet e compatibilità con modem USB 4G, doppio lettore RFID, protezioni magnetotermiche differenziali e protezioni contro le sovratensioni, riscaldatore interno con termostato per la protezione contro le basse temperature, acciaio inox AISI 304, grigio scuro.",,,,,,March 2026,"€ 1.012,04","€ 8,12","€ 107,02","€ 1.127,17","2,5%","€ 6,00","34,0%",Abroad,FALSE,FALSE,FALSE,FALSE,FALSE,FALSE,FALSE,FALSE,FALSE,FALSE,FALSE,FALSE,FALSE,FALSE,Active
US05AB64TMRI,,AC Chargers,Urban Pro,Urban Pro S,"Urban Pro S Three-phase 64 A, 2X22 kW, type 2 socket, LCD 7'' display, ISO 15118-20 V2G ready, Bluetooth, WiFi, Ethernet, and 4G USB modem compatibility, dual RFID reader, RCBOs and overvoltage protections, MID meter, internal heater with thermostat for low-temperature protection, stainless steel AISI304, dark grey","Urban Pro S trifase 64 A, 2 × 22 kW, presa Tipo 2, display LCD da 7'', ISO 15118-20 V2G ready, Bluetooth, WiFi, Ethernet e compatibilità con modem USB 4G, doppio lettore RFID, protezioni magnetotermiche differenziali e protezioni contro le sovratensioni, contatore MID, riscaldatore interno con termostato per la protezione contro le basse temperature, acciaio inox AISI 304, grigio scuro.",,,,,,March 2026,"€ 1.108,90","€ 8,12","€ 107,02","€ 1.224,03","2,5%","€ 6,00","34,0%",Abroad,FALSE,FALSE,FALSE,FALSE,FALSE,FALSE,FALSE,FALSE,FALSE,FALSE,FALSE,FALSE,FALSE,FALSE,Active
UT05AB64TCPI5S,,AC Chargers,Urban Pro,Urban Pro T,"Urban Pro T Three-phase 64 A, 2X22 kW, type 2 coiled cable 5 m , LCD 7'' display, ISO 15118-20 V2G ready, Bluetooth, WiFi, Ethernet, and 4G USB modem compatibility, dual RFID reader, RCBOs,  internal heater with thermostat for low-temperature protection, stainless steel AISI304, dark grey","Urban Pro T trifase 64 A, 2 × 22 kW, cavo Tipo 2 spiralato da 5 m, display LCD da 7'', ISO 15118-20 V2G ready, Bluetooth, WiFi, Ethernet e compatibilità con modem USB 4G, doppio lettore RFID, protezioni magnetotermiche differenziali, riscaldatore interno con termostato per la protezione contro le basse temperature, acciaio inox AISI 304, grigio scuro.",,,,,,March 2026,"€ 1.101,86","€ 10,00","€ 107,02","€ 1.218,87","2,5%","€ 6,00","34,0%",Abroad,FALSE,FALSE,FALSE,FALSE,FALSE,FALSE,FALSE,FALSE,FALSE,FALSE,FALSE,FALSE,FALSE,FALSE,Active
UT05AB64TMPI5S,,AC Chargers,Urban Pro,Urban Pro T,"Urban Pro T Three-phase 64 A, 2X22 kW, type 2 coiled cable 5 m , LCD 7'' display, ISO 15118-20 V2G ready, Bluetooth, WiFi, Ethernet, and 4G USB modem compatibility, dual RFID reader, integrated RCBOs, MID meter, internal heater with thermostat for low-temperature protection, stainless steel AISI304, dark grey","Urban Pro T trifase 64 A, 2 × 22 kW, cavo Tipo 2 spiralato da 5 m, display LCD da 7'', ISO 15118-20 V2G ready, Bluetooth, WiFi, Ethernet e compatibilità con modem USB 4G, doppio lettore RFID, protezioni magnetotermiche differenziali integrate, contatore MID, riscaldatore interno con termostato per la protezione contro le basse temperature, acciaio inox AISI 304, grigio scuro.",,,,,,March 2026,"€ 1.198,72","€ 10,00","€ 107,02","€ 1.315,73","2,5%","€ 6,00","34,0%",Abroad,FALSE,FALSE,FALSE,FALSE,FALSE,FALSE,FALSE,FALSE,FALSE,FALSE,FALSE,FALSE,FALSE,FALSE,Active
UT05AB64TCRI5S,,AC Chargers,Urban Pro,Urban Pro T,"Urban Pro T Three-phase 64 A, 2X22 kW, type 2 coiled cable 5 m , LCD 7'' display, ISO 15118-20 V2G ready, Bluetooth, WiFi, Ethernet, and 4G USB modem compatibility, dual RFID reader, RCBOs and overvoltage protections, internal heater with thermostat for low-temperature protection, stainless steel AISI304, dark grey","Urban Pro T trifase 64 A, 2 × 22 kW, cavo Tipo 2 spiralato da 5 m, display LCD da 7'', ISO 15118-20 V2G ready, Bluetooth, WiFi, Ethernet e compatibilità con modem USB 4G, doppio lettore RFID, protezioni magnetotermiche differenziali e protezioni contro le sovratensioni, riscaldatore interno con termostato per la protezione contro le basse temperature, acciaio inox AISI 304, grigio scuro.",,,,,,March 2026,"€ 1.115,12","€ 10,00","€ 107,02","€ 1.232,14","2,5%","€ 6,00","34,0%",Abroad,FALSE,FALSE,FALSE,FALSE,FALSE,FALSE,FALSE,FALSE,FALSE,FALSE,FALSE,FALSE,FALSE,FALSE,Active
UT05AB64TMRI5S,,AC Chargers,Urban Pro,Urban Pro T,"Urban Pro T Three-phase 64 A, 2X22 kW, type 2 coiled cable 5 m , LCD 7'' display, ISO 15118-20 V2G ready, Bluetooth, WiFi, Ethernet, and 4G USB modem compatibility, dual RFID reader, RCBOs and overvoltage protections, MID meter, internal heater with thermostat for low-temperature protection, stainless steel AISI304, dark grey","Urban Pro T trifase 64 A, 2 × 22 kW, cavo Tipo 2 spiralato da 5 m, display LCD da 7'', ISO 15118-20 V2G ready, Bluetooth, WiFi, Ethernet e compatibilità con modem USB 4G, doppio lettore RFID, protezioni magnetotermiche differenziali e protezioni contro le sovratensioni, contatore MID, riscaldatore interno con termostato per la protezione contro le basse temperature, acciaio inox AISI 304, grigio scuro.",,,,,,March 2026,"€ 1.211,98","€ 10,00","€ 107,02","€ 1.329,00","2,5%","€ 6,00","34,0%",Abroad,FALSE,FALSE,FALSE,FALSE,FALSE,FALSE,FALSE,FALSE,FALSE,FALSE,FALSE,FALSE,FALSE,FALSE,Active
DT01WHI,,AC Chargers,AC accessories,Cover DazeBox T,White cover DazeBox T,Cover Bianca DazeBox T,Carcasa blanca DazeBox T,Weiße Cover DazeBox T,Coque blanche DazeBox T,Cover branca DazeBox T,8054320760993,May 2023,"€ 5,75","€ 0,12","€ 4,30","€ 10,17","0,5%","€ 0,00","10,0%",Global,FALSE,FALSE,FALSE,FALSE,FALSE,FALSE,FALSE,FALSE,FALSE,FALSE,FALSE,FALSE,FALSE,FALSE,Active
DT01BLA,,AC Chargers,AC accessories,Cover DazeBox T,Black cover DazeBox T,Cover Nera DazeBox T ,Carcasa negra DazeBox T,Schwarze Cover DazeBox T,Coque noire DazeBox T,Cover preta DazeBox T,8054320761013,May 2023,"€ 5,75","€ 0,12","€ 4,30","€ 10,17","0,5%","€ 0,00","10,0%",Global,FALSE,FALSE,FALSE,FALSE,FALSE,FALSE,FALSE,FALSE,FALSE,FALSE,FALSE,FALSE,FALSE,FALSE,Active
DT01GRY,,AC Chargers,AC accessories,Cover DazeBox T,Grey cover DazeBox T,Cover Grigia DazeBox T,Carcasa gris DazeBox T,Graue Cover DazeBox T,Coque grise DazeBox T,Cover cinzenta DazeBox T,8054320761006,May 2023,"€ 10,13","€ 0,12","€ 4,30","€ 14,55","0,5%","€ 0,00","5,0%",Global,FALSE,FALSE,FALSE,FALSE,FALSE,FALSE,FALSE,FALSE,FALSE,FALSE,FALSE,FALSE,FALSE,FALSE,Active
DT01GRE,,AC Chargers,AC accessories,Cover DazeBox T,Green cover DazeBox T,Cover Verde DazeBox T,Carcasa verde DazeBox T,Grüne Cover DazeBox T,Coque verte DazeBox T,Cover verde DazeBox T,8054320760986,May 2023,"€ 10,13","€ 0,40","€ 4,30","€ 14,83","0,5%","€ 0,00","5,0%",Global,FALSE,FALSE,FALSE,FALSE,FALSE,FALSE,FALSE,FALSE,FALSE,FALSE,FALSE,FALSE,FALSE,FALSE,Active
DT01RED,,AC Chargers,AC accessories,Cover DazeBox T,Red cover DazeBox T,Cover Rossa DazeBox T,Carcasa roja DazeBox T,Rote Cover DazeBox T,Coque rouge DazeBox T,Cover vermelha DazeBox T,8054320760962,May 2023,"€ 10,13","€ 0,40","€ 4,30","€ 14,83","0,5%","€ 0,00","5,0%",Global,FALSE,FALSE,FALSE,FALSE,FALSE,FALSE,FALSE,FALSE,FALSE,FALSE,FALSE,FALSE,FALSE,FALSE,Active
DT01BLU,,AC Chargers,AC accessories,Cover DazeBox T,Blue cover DazeBox T,Cover Blu DazeBox T,Carcasa azul DazeBox T,Blaue Cover DazeBox T,Coque bleue DazeBox T,Cover azul DazeBox T,8054320760979,May 2023,"€ 10,13","€ 0,40","€ 4,30","€ 14,83","0,5%","€ 0,00","5,0%",Global,FALSE,FALSE,FALSE,FALSE,FALSE,FALSE,FALSE,FALSE,FALSE,FALSE,FALSE,FALSE,FALSE,FALSE,Active
DT01VIO,,AC Chargers,AC accessories,Cover DazeBox T,Purple cover DazeBox T,Cover Viola DazeBox T,Carcasa morada DazeBox T,Violette Cover DazeBox T,Coque violette DazeBox T,Cover violeta DazeBox T,,March 2026,"€ 10,13","€ 0,40","€ 4,30","€ 14,83","0,5%","€ 0,00","5,0%",Global,FALSE,FALSE,FALSE,FALSE,FALSE,FALSE,FALSE,FALSE,FALSE,FALSE,FALSE,FALSE,FALSE,FALSE,Active
DS01WHI,,AC Chargers,AC accessories,Cover DazeBox S,White cover DazeBox S and K,Cover Bianca DazeBox S e K,Carcasa blanca DazeBox S y K,Weiße Cover DazeBox S und K,Coque blanche DazeBox S et K,Cover branca DazeBox S e K,8054320761051,May 2023,"€ 5,75","€ 0,14","€ 4,30","€ 10,19","0,5%","€ 0,00","10,0%",Global,FALSE,FALSE,FALSE,FALSE,FALSE,FALSE,FALSE,FALSE,FALSE,FALSE,FALSE,FALSE,FALSE,FALSE,Active
DS01BLA,,AC Chargers,AC accessories,Cover DazeBox S,Black cover DazeBox S and K,Cover Nera DazeBox S e K,Carcasa negra DazeBox S y K,Schwarze Cover DazeBox S und K,Coque noire DazeBox S et K,Cover preta DazeBox S e K,8054320761075,May 2023,"€ 5,75","€ 0,14","€ 4,30","€ 10,19","0,5%","€ 0,00","10,0%",Global,FALSE,FALSE,FALSE,FALSE,FALSE,FALSE,FALSE,FALSE,FALSE,FALSE,FALSE,FALSE,FALSE,FALSE,Active
DS01GRY,,AC Chargers,AC accessories,Cover DazeBox S,Grey cover DazeBox S and K,Cover Grigia DazeBox S e K,Carcasa gris DazeBox S y K,Graue Cover DazeBox S und K,Coque grise DazeBox S et K,Cover cinzenta DazeBox S e K,8054320761068,May 2023,"€ 10,95","€ 0,14","€ 4,30","€ 15,39","0,5%","€ 0,00","3,0%",Global,FALSE,FALSE,FALSE,FALSE,FALSE,FALSE,FALSE,FALSE,FALSE,FALSE,FALSE,FALSE,FALSE,FALSE,Active
DS01GRE,,AC Chargers,AC accessories,Cover DazeBox S,Green cover DazeBox S and K,Cover Verde DazeBox S e K,Carcasa verde DazeBox S y K,Grüne Cover DazeBox S und K,Coque verte DazeBox S et K,Cover verde DazeBox S e K,8054320761044,May 2023,"€ 10,95","€ 0,45","€ 4,30","€ 15,70","0,5%","€ 0,00","3,0%",Global,FALSE,FALSE,FALSE,FALSE,FALSE,FALSE,FALSE,FALSE,FALSE,FALSE,FALSE,FALSE,FALSE,FALSE,Active
DS01RED,,AC Chargers,AC accessories,Cover DazeBox S,Red cover DazeBox S and K,Cover Rossa DazeBox S e K,Carcasa roja DazeBox S y K,Rote Cover DazeBox S und K,Coque rouge DazeBox S et K,Cover vermelha DazeBox S e K,8054320761020,May 2023,"€ 10,95","€ 0,45","€ 4,30","€ 15,70","0,5%","€ 0,00","3,0%",Global,FALSE,FALSE,FALSE,FALSE,FALSE,FALSE,FALSE,FALSE,FALSE,FALSE,FALSE,FALSE,FALSE,FALSE,Active
DS01BLU,,AC Chargers,AC accessories,Cover DazeBox S,Blue cover DazeBox S and K,Cover Blu DazeBox S e K,Carcasa azul DazeBox S y K,Blaue Cover DazeBox S und K,Coque bleue DazeBox S et K,Cover azul DazeBox S e K,8054320761037,May 2023,"€ 10,95","€ 0,45","€ 4,30","€ 15,70","0,5%","€ 0,00","3,0%",Global,FALSE,FALSE,FALSE,FALSE,FALSE,FALSE,FALSE,FALSE,FALSE,FALSE,FALSE,FALSE,FALSE,FALSE,Active
DS01VIO,,AC Chargers,AC accessories,Cover DazeBox S,Purple cover DazeBox S and K,Cover Viola DazeBox S e K,Carcasa morada DazeBox S y K,Violette Cover DazeBox S und K,Coque violette DazeBox S et K,Cover violeta DazeBox S e K,,March 2026,"€ 10,95","€ 0,45","€ 4,30","€ 15,70","0,5%","€ 0,00","3,0%",Global,FALSE,FALSE,FALSE,FALSE,FALSE,FALSE,FALSE,FALSE,FALSE,FALSE,FALSE,FALSE,FALSE,FALSE,Active
OT01WHI,,AC Chargers,AC accessories,Cover Duo,White cover Duo,Cover Bianca Duo,Carcasa blanca Duo,Weiße Cover Duo,Coque blanche Duo,Cover branca Duo,8054320764588,July 2025,"€ 9,01","€ 0,40","€ 4,30","€ 13,71","0,5%","€ 0,00","35,0%",Global,FALSE,FALSE,FALSE,FALSE,FALSE,FALSE,FALSE,FALSE,FALSE,FALSE,FALSE,FALSE,FALSE,FALSE,Active
OT01GRY,,AC Chargers,AC accessories,Cover Duo,Grey cover Duo,Cover Grigia Duo,Carcasa gris Duo,Graue Cover Duo,Coque grise Duo,Cover cinzenta Duo,8054320764809,July 2025,"€ 24,46","€ 0,40","€ 4,30","€ 29,16","0,5%","€ 0,00","8,0%",Global,FALSE,FALSE,FALSE,FALSE,FALSE,FALSE,FALSE,FALSE,FALSE,FALSE,FALSE,FALSE,FALSE,FALSE,Active
OT01BLA,,AC Chargers,AC accessories,Cover Duo,Black cover Duo,Cover Nera Duo,Carcasa negra Duo,Schwarze Cover Duo,Coque noire Duo,Cover preta Duo,8054320764816,July 2025,"€ 24,46","€ 0,40","€ 4,30","€ 29,16","0,5%","€ 0,00","8,0%",Global,FALSE,FALSE,FALSE,FALSE,FALSE,FALSE,FALSE,FALSE,FALSE,FALSE,FALSE,FALSE,FALSE,FALSE,Active
OT01GRE,,AC Chargers,AC accessories,Cover Duo,Green cover Duo,Cover Verde Duo,Carcasa verde Duo,Grüne Cover Duo,Coque verte Duo,Cover verde Duo,8054320764823,July 2025,"€ 24,46","€ 0,40","€ 4,30","€ 29,16","0,5%","€ 0,00","8,0%",Global,FALSE,FALSE,FALSE,FALSE,FALSE,FALSE,FALSE,FALSE,FALSE,FALSE,FALSE,FALSE,FALSE,FALSE,Active
OT01RED,,AC Chargers,AC accessories,Cover Duo,Red cover Duo,Cover Rossa Duo,Carcasa roja Duo,Rote Cover Duo,Coque rouge Duo,Cover vermelha Duo,8054320764830,July 2025,"€ 24,46","€ 0,40","€ 4,30","€ 29,16","0,5%","€ 0,00","8,0%",Global,FALSE,FALSE,FALSE,FALSE,FALSE,FALSE,FALSE,FALSE,FALSE,FALSE,FALSE,FALSE,FALSE,FALSE,Active
OT01BLU,,AC Chargers,AC accessories,Cover Duo,Blue cover Duo,Cover Blu Duo,Carcasa azul Duo,Blaue Cover Duo,Coque bleue Duo,Cover azul Duo,8054320764847,July 2025,"€ 24,46","€ 0,40","€ 4,30","€ 29,16","0,5%","€ 0,00","8,0%",Global,FALSE,FALSE,FALSE,FALSE,FALSE,FALSE,FALSE,FALSE,FALSE,FALSE,FALSE,FALSE,FALSE,FALSE,Active
DB-07-RF10,,AC Chargers,AC accessories,10 RFID DazeBox C,10 RFID cards for Dazebox C,10 Tessere RFID per Dazebox C,10 tarjetas RFID para Dazebox C,10 RFID-Karten für Dazebox C,10 cartes RFID pour Dazebox C,10 cartões RFID para Dazebox C,8054320760726,January 2023,"€ 1,69","€ 0,45","€ 3,90","€ 6,04","0,5%","€ 0,00","10,0%",Global,FALSE,FALSE,FALSE,FALSE,FALSE,FALSE,FALSE,FALSE,FALSE,FALSE,FALSE,FALSE,FALSE,FALSE,Active
DTS01RF10,,AC Chargers,AC accessories,RFID Cards,"10 RFID cards for Dazebox Home, Dazebox Share, Dazebox Pro, Stilo, Duo, Urban and Hypercharger","10 Tessere RFID per Dazebox Home, Dazebox Share,Dazebox Pro, Stilo, Duo, Urban e Hypercharger","10 tarjetas RFID para Dazebox Home, Dazebox Share,Dazebox Pro, Stilo, Duo, Urban y Hypercharger","10 RFID-Karten für Dazebox Home, Dazebox Share,Dazebox Pro, Stilo, Duo, Urban und Hypercharger","10 cartes RFID pour Dazebox Home, Dazebox Share,Dazebox Pro, Stilo, Duo, Urban et Hypercharger","10 cartões RFID para Dazebox Home, Dazebox Share, Dazebox Pro, Stilo, Duo, Urban e Hypercharger",8054320760887,May 2023,"€ 2,02","€ 1,20","€ 3,90","€ 7,12","0,5%","€ 0,00","30,0%",Global,FALSE,FALSE,FALSE,FALSE,FALSE,FALSE,FALSE,FALSE,FALSE,FALSE,FALSE,FALSE,FALSE,FALSE,Active
PM02M,,AC Chargers,AC accessories,Power Meter,DIN rail power meter for single-phase systems,Power Meter da barra DIN per impianti Monofase ,Medidor de energía para carril DIN para instalaciones monofásicas,Power Meter für DIN-Schiene für einphasige Anlagen,Compteur d’énergie sur rail DIN pour installations monophasées,Medidor de energia para calha DIN para sistemas monofásicos,8054320760276,May 2022,"€ 7,93","€ 0,30","€ 5,10","€ 13,33","0,5%","€ 0,00","45,0%",Global,TRUE,FALSE,FALSE,FALSE,FALSE,FALSE,FALSE,FALSE,FALSE,FALSE,FALSE,FALSE,FALSE,FALSE,Active
PM02T,,AC Chargers,AC accessories,Power Meter,DIN rail power meter for three-phase systems up to 30 kW meter,Power Meter da barra DIN per impianti Trifase fino a 30 kW di contatore,Medidor de energía para carril DIN para instalaciones trifásicas hasta 30 kW de potencia del contador,Power Meter für DIN-Schiene für dreiphasige Anlagen bis 30 kW Zählerleistung,Compteur d’énergie sur rail DIN pour installations triphasées jusqu’à 30 kW de puissance compteur,Medidor de energia para calha DIN para sistemas trifásicos até 30 kW de potência do contador,8054320760283,May 2022,"€ 14,93","€ 0,46","€ 5,10","€ 20,49","0,5%","€ 0,00","45,0%",Global,FALSE,TRUE,FALSE,FALSE,FALSE,FALSE,FALSE,FALSE,FALSE,FALSE,FALSE,FALSE,FALSE,FALSE,Active
PM02T100,,AC Chargers,AC accessories,Power Meter,DIN rail power meter for three-phase systems from 30 to 100 kW meter,Power Meter da barra DIN per impianti Trifase da 30 a 100 kW di contatore,Medidor de energía para carril DIN para instalaciones trifásicas de 30 a 100 kW de potencia del contador,Power Meter für DIN-Schiene für dreiphasige Anlagen von 30 bis 100 kW Zählerleistung,Compteur d’énergie sur rail DIN pour installations triphasées de 30 à 100 kW de puissance compteur,Medidor de energia para calha DIN para sistemas trifásicos de 30 a 100 kW de potência do contador,8054320761969,March 2024,"€ 27,95","€ 0,52","€ 5,10","€ 33,57","0,5%","€ 0,00","45,0%",Global,FALSE,TRUE,FALSE,FALSE,FALSE,FALSE,FALSE,FALSE,FALSE,FALSE,FALSE,FALSE,FALSE,FALSE,Active
PM02T300,,AC Chargers,AC accessories,Power Meter,DIN rail power meter for three-phase systems from 42 kW to 345 kW meter,Power Meter da barra DIN per impianti Trifase da 42kW a 345 kW di contatore,Medidor de energía para carril DIN para instalaciones trifásicas de 42 kW a 345 kW de potencia del contador,Power Meter für DIN-Schiene für dreiphasige Anlagen von 42 kW bis 345 kW Zählerleistung,Compteur d’énergie sur rail DIN pour installations triphasées de 42 kW à 345 kW de puissance compteur,Medidor de energia para calha DIN para sistemas trifásicos de 42 kW a 345 kW de potência do contador,8054320764212,April 2025,"€ 38,45","€ 0,58","€ 5,10","€ 44,13","0,5%","€ 0,00","45,0%",Global,FALSE,TRUE,FALSE,FALSE,FALSE,FALSE,FALSE,FALSE,FALSE,FALSE,FALSE,FALSE,FALSE,FALSE,Active
PM03M,,AC Chargers,AC accessories,Power Meter,Compact power meter for single-phase systems,Power Meter compatto per impianti Monofase,Medidor de energía compacto para sistemas monofásicos,Kompakter Power Meter für einphasige Anlagen,Compteur d’énergie compact pour installations monophasées,Medidor de energia compacto para sistemas monofásicos,8054320762256,October 2024,"€ 8,16","€ 0,30","€ 5,10","€ 13,56","0,5%","€ 0,00","45,0%",Global,TRUE,FALSE,FALSE,FALSE,FALSE,FALSE,FALSE,FALSE,FALSE,FALSE,FALSE,FALSE,FALSE,FALSE,Active
PM03T30,,AC Chargers,AC accessories,Power Meter,Compact power meter for three-phase systems up to 30 kW meter,Power Meter compatto per impianti Trifase fino a 30 kW di contatore,Medidor de energía compacto para instalaciones trifásicas hasta 30 kW de potencia del contador,Kompakter Power Meter für dreiphasige Anlagen bis 30 kW Zählerleistung,Compteur d’énergie compact pour installations triphasées jusqu’à 30 kW de puissance compteur,Medidor de energia compacto para sistemas trifásicos até 30 kW de potência do contador,8054320762263,October 2024,"€ 14,93","€ 0,46","€ 5,10","€ 20,49","0,5%","€ 0,00","45,0%",Global,FALSE,TRUE,FALSE,FALSE,FALSE,FALSE,FALSE,FALSE,FALSE,FALSE,FALSE,FALSE,FALSE,FALSE,Active
PM03T100,,AC Chargers,AC accessories,Power Meter,Compact power meter for three-phase systems from 30 to 100 kW meter,Power Meter compatto per impianti Trifase da 30 a 100 kW di contatore,Medidor de energía compacto para instalaciones trifásicas de 30 a 100 kW de potencia del contador,Kompakter Power Meter für dreiphasige Anlagen von 30 bis 100 kW Zählerleistung,Compteur d’énergie compact pour installations triphasées de 30 à 100 kW de puissance compteur,Medidor de energia compacto para sistemas trifásicos de 30 a 100 kW de potência do contador,8054320762287,October 2024,"€ 28,66","€ 0,52","€ 5,10","€ 34,28","0,5%","€ 0,00","45,0%",Global,FALSE,TRUE,FALSE,FALSE,FALSE,FALSE,FALSE,FALSE,FALSE,FALSE,FALSE,FALSE,FALSE,FALSE,Active
PM03T300,,AC Chargers,AC accessories,Power Meter,Compact power meter for three-phase systems from 42 kW to 345 kW meter,Power Meter compatto per impianti Trifase da 42kW a 345 kW di contatore,Medidor de energía compacto para instalaciones trifásicas de 42 kW a 345 kW de potencia del contador,Kompakter Power Meter für dreiphasige Anlagen von 42 kW bis 345 kW Zählerleistung,Compteur d’énergie compact pour installations triphasées de 42 kW à 345 kW de puissance compteur,Medidor de energia compacto para sistemas trifásicos de 42 kW a 345 kW de potência do contador,8054320764205,April 2025,"€ 38,42","€ 0,58","€ 5,10","€ 44,10","0,5%","€ 0,00","45,0%",Global,FALSE,TRUE,FALSE,FALSE,FALSE,FALSE,FALSE,FALSE,FALSE,FALSE,FALSE,FALSE,FALSE,FALSE,Active
IP01,,AC Chargers,AC accessories,Modem 4G USB,"Internal installation USB 4G modem compatible with Dazebox Share, Stilo, Duo and Urban","Modem 4G USB per installazione interna compatibile con Dazebox Share, Stilo, Duo e Urban","Módem USB 4G para instalación en el interior del cargador compatible con Dazebox Share, Stilo, Duo y Urban","USB-4G-Modem für Inneninstallation, kompatibel mit Dazebox Share, Stilo, Duo und Urban","Modem USB 4G pour installation interne compatible avec Dazebox Share, Stilo, Duo et Urban","Modem USB 4G para instalação interna compatível com Dazebox Share, Stilo, Duo e Urban",8054320763758,October 2024,"€ 9,62","€ 0,50","€ 3,10","€ 13,22","0,5%","€ 0,00","35,0%",Global,FALSE,FALSE,FALSE,FALSE,FALSE,FALSE,FALSE,FALSE,FALSE,FALSE,FALSE,FALSE,FALSE,FALSE,Active
SD01,,AC Chargers,AC accessories,Pedestal,"Floor-mounted support for installation of 1 or 2 Dazebox C, Dazebox Home, Dazebox Share, Dazebox Pro, Duo chargers or payment terminals. S235J steel, light grey painted","Supporto da terra per installazione per 1 o 2 caricatori Dazebox C, Dazebox Home, Dazebox Share, Dazebox Pro, Duo o Terminali di pagamento. Acciaio S235J verniciato grigio chiaro","Soporte de suelo para la instalación de 1 o 2 cargadores Dazebox C, Dazebox Home, Dazebox Share, Dazebox Pro, Duo o terminales de pago. Acero S235J pintado en gris claro","Bodenständer für die Installation von 1 oder 2 Ladegeräten Dazebox C, Dazebox Home, Dazebox Share, Dazebox Pro, Duo oder Zahlungsterminals. Stahl S235J, hellgrau lackiert","Support au sol pour l’installation de 1 ou 2 chargeurs Dazebox C, Dazebox Home, Dazebox Share, Dazebox Pro, Duo ou terminaux de paiement. Acier S235J peint gris clair","Suporte de chão para instalação de 1 ou 2 carregadores Dazebox C, Dazebox Home, Dazebox Share, Dazebox Pro, Duo ou terminais de pagamento. Aço S235J pintado em cinzento claro",8054320760894,May 2023,"€ 104,42","€ 0,00","€ 5,10","€ 109,52","0,5%","€ 0,00","25,0%",Global,FALSE,FALSE,FALSE,FALSE,FALSE,FALSE,FALSE,FALSE,FALSE,FALSE,FALSE,FALSE,FALSE,FALSE,Active
SD01AB,,AC Chargers,AC accessories,Pedestal,"Floor-mounted support for installation of 1 or 2 Dazebox C, Dazebox Home, Dazebox Share, Dazebox Pro, Duo chargers or payment terminals. S235J steel, dark grey painted","Supporto da terra per installazione per 1 o 2 caricatori Dazebox C, Dazebox Home, Dazebox Share, Dazebox Pro, Duo o Terminali di pagamento. Acciaio S235J verniciato grigio scuro","Soporte de suelo para la instalación de 1 o 2 cargadores Dazebox C, Dazebox Home, Dazebox Share, Dazebox Pro, Duo o terminales de pago. Acero S235J pintado en gris oscuro","Bodenständer für die Installation von 1 oder 2 Ladegeräten Dazebox C, Dazebox Home, Dazebox Share, Dazebox Pro, Duo oder Zahlungsterminals. Stahl S235J, dunkelgrau lackiert","Support au sol pour l’installation de 1 ou 2 chargeurs Dazebox C, Dazebox Home, Dazebox Share, Dazebox Pro, Duo ou terminaux de paiement. Acier S235J peint gris foncé","Suporte de chão para instalação de 1 ou 2 carregadores Dazebox C, Dazebox Home, Dazebox Share, Dazebox Pro, Duo ou terminais de pagamento. Aço S235J pintado em cinzento escuro",,March 2026,"€ 104,42","€ 0,00","€ 5,10","€ 109,52","0,5%","€ 0,00","25,0%",Global,FALSE,FALSE,FALSE,FALSE,FALSE,FALSE,FALSE,FALSE,FALSE,FALSE,FALSE,FALSE,FALSE,FALSE,Active
SD11,,AC Chargers,AC accessories,Pedestal,"Floor-mounted support for installation of 1 or 2 Dazebox C, Dazebox Home, Dazebox Share, Dazebox Pro, Duo chargers or payment terminals. AISI 304 stainless steel, light grey painted","Supporto da terra per installazione per 1 o 2 caricatori Dazebox C, Dazebox Home, Dazebox Share, Dazebox Pro, Duo o Terminali di pagamento. Acciaio inox AISI 304 verniciato grigio chiaro","Soporte de suelo para la instalación de 1 o 2 cargadores Dazebox C, Dazebox Home, Dazebox Share, Dazebox Pro, Duo o terminales de pago. Acero inoxidable AISI 304 pintado en gris claro","Bodenständer für die Installation von 1 oder 2 Ladegeräten Dazebox C, Dazebox Home, Dazebox Share, Dazebox Pro, Duo oder Zahlungsterminals. Edelstahl AISI 304, hellgrau lackiert","Support au sol pour l’installation de 1 ou 2 chargeurs Dazebox C, Dazebox Home, Dazebox Share, Dazebox Pro, Duo ou terminaux de paiement. Acier inoxydable AISI 304 peint gris clair","Suporte de chão para instalação de 1 ou 2 carregadores Dazebox C, Dazebox Home, Dazebox Share, Dazebox Pro, Duo ou terminais de pagamento. Aço inoxidável AISI 304 pintado em cinzento claro",8054320764052,October 2024,"€ 222,12","€ 0,00","€ 5,10","€ 227,22","0,5%","€ 0,00","10,0%",Global,FALSE,FALSE,FALSE,FALSE,FALSE,FALSE,FALSE,FALSE,FALSE,FALSE,FALSE,FALSE,FALSE,FALSE,Active
SD03,,AC Chargers,AC accessories,Pedestal,"Floor-mounted support for installation of 1 or 2 Dazebox Home, Share or Pro chargers. S235J steel, light grey painted","Supporto da terra per installazione per 1 o 2 caricatori Dazebox Home, Share o Pro. Acciaio S235J verniciato grigio chiaro","Soporte de suelo para la instalación de 1 o 2 cargadores Dazebox Home, Share o Pro. Acero S235J pintado en gris claro","Bodenständer für die Installation von 1 oder 2 Ladegeräten Dazebox Home, Share oder Pro. Stahl S235J, hellgrau lackiert","Support au sol pour l’installation de 1 ou 2 chargeurs Dazebox Home, Share ou Pro. Acier S235J peint gris clair","Suporte de chão para instalação de 1 ou 2 carregadores Dazebox Home, Share ou Pro. Aço S235J pintado em cinzento claro",,March 2026,"€ 70,00","€ 0,00","€ 5,10","€ 75,10","0,5%","€ 0,00","25,0%",Global,FALSE,FALSE,FALSE,FALSE,FALSE,FALSE,FALSE,FALSE,FALSE,FALSE,FALSE,FALSE,FALSE,FALSE,Active
SD03AB,,AC Chargers,AC accessories,Pedestal,"Floor-mounted support for installation of 1 or 2 Dazebox Home, Share or Pro chargers. S235J steel, dark grey painted","Supporto da terra per installazione per 1 o 2 caricatori Dazebox Home, Share o Pro. Acciaio S235J verniciato grigio scuro","Soporte de suelo para la instalación de 1 o 2 cargadores Dazebox Home, Share o Pro. Acero S235J pintado en gris oscuro","Bodenständer für die Installation von 1 oder 2 Ladegeräten Dazebox Home, Share oder Pro. Stahl S235J, dunkelgrau lackiert","Support au sol pour l’installation de 1 ou 2 chargeurs Dazebox Home, Share ou Pro. Acier S235J peint gris foncé","Suporte de chão para instalação de 1 ou 2 carregadores Dazebox Home, Share ou Pro. Aço S235J pintado em cinzento escuro",,March 2026,"€ 70,00","€ 0,00","€ 5,10","€ 75,10","0,5%","€ 0,00","25,0%",Global,FALSE,FALSE,FALSE,FALSE,FALSE,FALSE,FALSE,FALSE,FALSE,FALSE,FALSE,FALSE,FALSE,FALSE,Active
ST01,,AC Chargers,AC accessories,Canopy,"Canopy for floor-mounted support or wall installations. Compatible with SD01, SD11 and SD03. Light grey painted aluminium.","Tettuccio per supporto da terra o installazioni a parete. Compatibile con SD01, SD11 e SD03. Alluminio verniciato grigio chiaro.","Techo para soporte de suelo o instalaciones en pared. Compatible con SD01, SD11 y SD03. Aluminio pintado en gris claro","Schutzdach für Bodenständer oder Wandinstallationen. Kompatibel mit SD01, SD11 und SD03. Aluminium, hellgrau lackiert","Auvent pour support au sol ou installations murales. Compatible avec SD01, SD11 et SD03. Aluminium peint gris clair","Cobertura para suporte de chão ou instalações na parede. Compatível com SD01, SD11 e SD03. Alumínio pintado em cinzento claro",8054320761181,July 2023,"€ 19,24","€ 0,00","€ 5,10","€ 24,34","0,5%","€ 0,00","25,0%",Global,FALSE,FALSE,FALSE,FALSE,FALSE,FALSE,FALSE,FALSE,FALSE,FALSE,FALSE,FALSE,FALSE,FALSE,Active
ST01AB,,AC Chargers,AC accessories,Canopy,"Canopy for floor-mounted support or wall installations. Compatible with SD01AB, SD11AB and SD03AB. Dark grey painted aluminium.","Tettuccio per supporto da terra o installazioni a parete. Compatibile con SD01AB, SD11AB e SD03AB. Alluminio verniciato grigio scuro.","Techo para soporte de suelo o instalaciones en pared. Compatible con SD01AB, SD11AB y SD03AB. Aluminio pintado en gris oscuro","Schutzdach für Bodenständer oder Wandinstallationen. Kompatibel mit SD01AB, SD11AB und SD03AB. Aluminium, dunkelgrau lackiert","Auvent pour support au sol ou installations murales. Compatible avec SD01AB, SD11AB et SD03AB. Aluminium peint gris foncé","Cobertura para suporte de chão ou instalações na parede. Compatível com SD01AB, SD11AB e SD03AB. Alumínio pintado em cinzento escuro",,February 2025,"€ 19,24","€ 0,00","€ 5,10","€ 24,34","0,5%","€ 0,00","25,0%",Global,FALSE,FALSE,FALSE,FALSE,FALSE,FALSE,FALSE,FALSE,FALSE,FALSE,FALSE,FALSE,FALSE,FALSE,Active
CH02,,AC Chargers,AC accessories,Cable holder,Wall-mounted support for charging cable with connector holder,Supporto da parete per cavo di ricarica con portaconnettore,Soporte de pared para cable de carga y para conector,Wandhalterung für Ladekabel mit Steckverbinderhalter,Support mural pour câble de recharge avec porte-connecteur,Suporte de parede para cabo de carregamento com suporte para conector,8054320764526,June 2025,"€ 2,90","€ 0,50","€ 4,30","€ 7,70","0,5%","€ 0,00","25,0%",Global,FALSE,FALSE,FALSE,FALSE,FALSE,FALSE,FALSE,FALSE,FALSE,FALSE,FALSE,FALSE,FALSE,FALSE,Active
AB01,,AC Chargers,AC accessories,Anchor bolts,"Anchor bolts for installation of Urban, Stilo or SD01, SD11 or SD03 pedestals","Tirafondi per installazione Urban, Stilo o piedistalli SD01, SD11 o SD03","Tirafondos para la instalación de Urban, Stilo o pedestales SD01, SD11 o SD03","Ankerbolzen für die Installation von Urban, Stilo oder Standfüßen SD01, SD11 oder SD03","Tiges d’ancrage pour l’installation de Urban, Stilo ou des piédestaux SD01, SD11 ou SD03","Chumbadores para instalação de Urban, Stilo ou pedestais SD01, SD11 ou SD03",,March 2026,"€ 12,00","€ 0,00","€ 7,10","€ 19,10","0,5%","€ 0,00","25,0%",Global,FALSE,FALSE,FALSE,FALSE,FALSE,FALSE,FALSE,FALSE,FALSE,FALSE,FALSE,FALSE,FALSE,FALSE,Active
UTS01AB,,AC Chargers,AC accessories,Urban Anchor bolts,Anchor bolts for installation of Urban,Tirafondi per installazione Urban,Tirafondos para la instalación de Urban,Ankerbolzen für die Installation von Urban,Tiges d’ancrage pour l’installation de Urban,Chumbadores para instalação de Urban,8054320762645,October 2024,"€ 10,61","€ 0,00","€ 6,67","€ 17,28","0,5%","€ 0,00","25,0%",Global,FALSE,FALSE,FALSE,FALSE,FALSE,FALSE,FALSE,FALSE,FALSE,FALSE,FALSE,FALSE,FALSE,FALSE,Active
BP01AB,,AC Chargers,AC accessories,Backplate,"Rear plate for wall installation of Dazebox S, TK, SK","Piastra posteriore per l'installazione a muro di Dazebox S, TK, SK. ","Placa trasera para la instalación en pared de Dazebox S, TK, SK","Rückwandplatte für die Wandmontage von Dazebox S, TK, SK","Plaque arrière pour l’installation murale de Dazebox S, TK, SK","Placa traseira para instalação na parede de Dazebox S, TK, SK",,March 2026,"€ 48,00","€ 0,00","€ 4,00","€ 52,00","0,5%","€ 0,00","15,0%",Global,FALSE,FALSE,FALSE,FALSE,FALSE,FALSE,FALSE,FALSE,FALSE,FALSE,FALSE,FALSE,FALSE,FALSE,Active
ET-01,,AC Chargers,AC accessories,EVSE Tester,EV charger tester,Tester per Ev-Charger,Tester paraEv-Charger,Tester für EV-Ladegeräte,Testeur de borne de recharge EV,Tester para EV-Charger,8054320760733,January 2023,"€ 59,90","€ 7,77","€ 5,10","€ 72,77","0,5%","€ 0,00","25,0%",Global,FALSE,FALSE,FALSE,FALSE,FALSE,FALSE,FALSE,FALSE,FALSE,FALSE,FALSE,FALSE,FALSE,FALSE,Active
CB0232MG,,AC Chargers,Cables,Type 2 - Type 2 Cable,"Type 2 to Type 2 cable, 32A, single-phase, 5 m, black connector","Cavo tipo2-tipo2, 32A, monofase, 5 m, connettore nero","Cable tipo 2 a tipo 2, 32 A, monofásico, 5 m, conector negro","Typ-2–Typ-2-Kabel, 32 A, einphasig, 5 m, schwarzer Stecker","Câble type 2 – type 2, 32 A, monophasé, 5 m, connecteur noir","Cabo tipo 2 a tipo 2, 32 A, monofásico, 5 m, conector preto",8054320761976,March 2024,"€ 50,60","€ 1,40","€ 5,10","€ 57,10","0,5%","€ 0,00","30,0%",Global,TRUE,FALSE,FALSE,FALSE,TRUE,FALSE,FALSE,FALSE,FALSE,FALSE,FALSE,FALSE,FALSE,FALSE,Active
CB0232TG,,AC Chargers,Cables,Type 2 - Type 2 Cable,"Type 2 to Type 2 cable, 32A, three-phase, 5 m, black connector","Cavo tipo2-tipo2, 32A, trifase, 5 m, connettore nero","Cable tipo 2 a tipo 2, 32 A, trifásico, 5 m, conector negro","Typ-2–Typ-2-Kabel, 32 A, dreiphasig, 5 m, schwarzer Stecker","Câble type 2 – type 2, 32 A, triphasé, 5 m, connecteur noir","Cabo tipo 2 a tipo 2, 32 A, trifásico, 5 m, conector preto",8054320761983,March 2024,"€ 65,90","€ 1,40","€ 5,10","€ 72,40","0,5%","€ 0,00","30,0%",Global,FALSE,TRUE,FALSE,FALSE,TRUE,FALSE,FALSE,FALSE,FALSE,FALSE,FALSE,FALSE,FALSE,FALSE,Active
CB0232M8G,,AC Chargers,Cables,Type 2 - Type 2 Cable,"Type 2 to Type 2 cable, 32A, single-phase, 8 m, black connector","Cavo tipo2-tipo2, 32A, monofase, 8 m, connettore nero","Cable tipo 2 a tipo 2, 32 A, monofásico, 8 m, conector negro","Typ-2–Typ-2-Kabel, 32 A, einphasig, 8 m, schwarzer Stecker","Câble type 2 – type 2, 32 A, monophasé, 8 m, connecteur noir","Cabo tipo 2 a tipo 2, 32 A, monofásico, 8 m, conector preto",8054320762621,October 2024,"€ 59,05","€ 1,40","€ 5,10","€ 65,55","0,5%","€ 0,00","30,0%",Global,TRUE,FALSE,FALSE,FALSE,FALSE,TRUE,FALSE,FALSE,FALSE,FALSE,FALSE,FALSE,FALSE,FALSE,Active
CB0232T8G,,AC Chargers,Cables,Type 2 - Type 2 Cable,"Type 2 to Type 2 cable, 32A, three-phase, 8 m, black connector","Cavo tipo2-tipo2, 32A, trifase, 8 m, connettore nero","Cable tipo 2 a tipo 2, 32 A, trifásico, 8 m, conector negro","Typ-2–Typ-2-Kabel, 32 A, dreiphasig, 8 m, schwarzer Stecker","Câble type 2 – type 2, 32 A, triphasé, 8 m, connecteur noir","Cabo tipo 2 a tipo 2, 32 A, trifásico, 8 m, conector preto",8054320762638,October 2024,"€ 71,90","€ 1,40","€ 5,10","€ 78,40","0,5%","€ 0,00","30,0%",Global,FALSE,TRUE,FALSE,FALSE,FALSE,TRUE,FALSE,FALSE,FALSE,FALSE,FALSE,FALSE,FALSE,FALSE,Active